[    1266ms] [INFO] %cDownload the React DevTools for a better development experience: https://react.dev/link/react-devtools font-weight:bold @ https://localhost:3000/_next/static/chunks/node_modules_next_dist_f3530cac._.js:2297
[    1584ms] [LOG] [HMR] connected @ https://localhost:3000/_next/static/chunks/node_modules_next_dist_f3530cac._.js:2297
[    9170ms] [LOG] [Fast Refresh] rebuilding @ https://localhost:3000/_next/static/chunks/node_modules_next_dist_f3530cac._.js:2297
[   10512ms] [LOG] [Fast Refresh] done in 1442ms @ https://localhost:3000/_next/static/chunks/node_modules_next_dist_f3530cac._.js:2297
[   19488ms] [LOG] [Fast Refresh] rebuilding @ https://localhost:3000/_next/static/chunks/node_modules_next_dist_f3530cac._.js:2297
[   20540ms] [ERROR] Failed to load resource: net::ERR_CONNECTION_RESET @ https://localhost:3000/fixture-row-actions?_rsc=1setq:0
[   20542ms] [ERROR] Failed to fetch RSC payload for https://localhost:3000/fixture-row-actions. Falling back to browser navigation. TypeError: Failed to fetch
    at createFetch (https://localhost:3000/_next/static/chunks/node_modules_next_dist_client_17643121._.js:2588:24)
    at fetchServerResponse (https://localhost:3000/_next/static/chunks/node_modules_next_dist_client_17643121._.js:2490:27)
    at fetchMissingDynamicData (https://localhost:3000/_next/static/chunks/node_modules_next_dist_client_17643121._.js:3654:75)
    at spawnDynamicRequests (https://localhost:3000/_next/static/chunks/node_modules_next_dist_client_17643121._.js:3501:35)
    at navigateToSeededRoute (https://localhost:3000/_next/static/chunks/node_modules_next_dist_client_17643121._.js:7741:50)
    at refreshDynamicData (https://localhost:3000/_next/static/chunks/node_modules_next_dist_client_17643121._.js:8347:58)
    at hmrRefreshReducer (https://localhost:3000/_next/static/chunks/node_modules_next_dist_client_17643121._.js:8513:51)
    at clientReducer (https://localhost:3000/_next/static/chunks/node_modules_next_dist_client_17643121._.js:9081:65)
    at Object.action (https://localhost:3000/_next/static/chunks/node_modules_next_dist_client_17643121._.js:9310:55)
    at runAction (https://localhost:3000/_next/static/chunks/node_modules_next_dist_client_17643121._.js:9215:38)
    at dispatchAction (https://localhost:3000/_next/static/chunks/node_modules_next_dist_client_17643121._.js:9278:9)
    at Object.dispatch (https://localhost:3000/_next/static/chunks/node_modules_next_dist_client_17643121._.js:9308:40)
    at https://localhost:3000/_next/static/chunks/node_modules_next_dist_client_17643121._.js:1489:29
    at startTransition (https://localhost:3000/_next/static/chunks/node_modules_next_dist_compiled_react-dom_1e674e59._.js:5500:31)
    at dispatch (https://localhost:3000/_next/static/chunks/node_modules_next_dist_client_17643121._.js:1488:13)
    at dispatchAppRouterAction (https://localhost:3000/_next/static/chunks/node_modules_next_dist_client_17643121._.js:1470:5)
    at https://localhost:3000/_next/static/chunks/node_modules_next_dist_client_17643121._.js:9439:61
    at startTransition (https://localhost:3000/_next/static/chunks/node_modules_next_dist_compiled_a0e4c7b4._.js:1279:31)
    at Object.hmrRefresh (https://localhost:3000/_next/static/chunks/node_modules_next_dist_client_17643121._.js:9438:40)
    at https://localhost:3000/_next/static/chunks/node_modules_next_dist_client_17643121._.js:11613:64
    at startTransition (https://localhost:3000/_next/static/chunks/node_modules_next_dist_compiled_a0e4c7b4._.js:1279:31)
    at processMessage (https://localhost:3000/_next/static/chunks/node_modules_next_dist_client_17643121._.js:11612:44)
    at WebSocket.handleMessage (https://localhost:3000/_next/static/chunks/node_modules_next_dist_client_17643121._.js:10914:52) @ https://localhost:3000/_next/static/chunks/node_modules_next_dist_f3530cac._.js:3127
[   20548ms] [ERROR] Failed to load resource: net::ERR_CONNECTION_REFUSED @ https://localhost:3000/fixture-row-actions?_rsc=1setq:0
[   20548ms] [ERROR] Failed to fetch RSC payload for https://localhost:3000/fixture-row-actions. Falling back to browser navigation. TypeError: Failed to fetch
    at createFetch (https://localhost:3000/_next/static/chunks/node_modules_next_dist_client_17643121._.js:2588:24)
    at fetchServerResponse (https://localhost:3000/_next/static/chunks/node_modules_next_dist_client_17643121._.js:2490:27)
    at fetchMissingDynamicData (https://localhost:3000/_next/static/chunks/node_modules_next_dist_client_17643121._.js:3654:75)
    at spawnDynamicRequests (https://localhost:3000/_next/static/chunks/node_modules_next_dist_client_17643121._.js:3501:35)
    at navigateToSeededRoute (https://localhost:3000/_next/static/chunks/node_modules_next_dist_client_17643121._.js:7741:50)
    at refreshDynamicData (https://localhost:3000/_next/static/chunks/node_modules_next_dist_client_17643121._.js:8347:58)
    at hmrRefreshReducer (https://localhost:3000/_next/static/chunks/node_modules_next_dist_client_17643121._.js:8513:51)
    at clientReducer (https://localhost:3000/_next/static/chunks/node_modules_next_dist_client_17643121._.js:9081:65)
    at Object.action (https://localhost:3000/_next/static/chunks/node_modules_next_dist_client_17643121._.js:9310:55)
    at runAction (https://localhost:3000/_next/static/chunks/node_modules_next_dist_client_17643121._.js:9215:38)
    at dispatchAction (https://localhost:3000/_next/static/chunks/node_modules_next_dist_client_17643121._.js:9278:9)
    at Object.dispatch (https://localhost:3000/_next/static/chunks/node_modules_next_dist_client_17643121._.js:9308:40)
    at https://localhost:3000/_next/static/chunks/node_modules_next_dist_client_17643121._.js:1489:29
    at startTransition (https://localhost:3000/_next/static/chunks/node_modules_next_dist_compiled_react-dom_1e674e59._.js:5500:31)
    at dispatch (https://localhost:3000/_next/static/chunks/node_modules_next_dist_client_17643121._.js:1488:13)
    at dispatchAppRouterAction (https://localhost:3000/_next/static/chunks/node_modules_next_dist_client_17643121._.js:1470:5)
    at https://localhost:3000/_next/static/chunks/node_modules_next_dist_client_17643121._.js:9439:61
    at startTransition (https://localhost:3000/_next/static/chunks/node_modules_next_dist_compiled_a0e4c7b4._.js:1279:31)
    at Object.hmrRefresh (https://localhost:3000/_next/static/chunks/node_modules_next_dist_client_17643121._.js:9438:40)
    at processMessage (https://localhost:3000/_next/static/chunks/node_modules_next_dist_client_17643121._.js:11636:67)
    at WebSocket.handleMessage (https://localhost:3000/_next/static/chunks/node_modules_next_dist_client_17643121._.js:10914:52) @ https://localhost:3000/_next/static/chunks/node_modules_next_dist_f3530cac._.js:3127
[   20577ms] [ERROR] Failed to load resource: net::ERR_CONNECTION_REFUSED @ https://localhost:3000/fixture-row-actions?_rsc=1setq:0
[   20579ms] [ERROR] Failed to fetch RSC payload for https://localhost:3000/fixture-row-actions. Falling back to browser navigation. TypeError: Failed to fetch
    at createFetch (https://localhost:3000/_next/static/chunks/node_modules_next_dist_client_17643121._.js:2588:24)
    at fetchServerResponse (https://localhost:3000/_next/static/chunks/node_modules_next_dist_client_17643121._.js:2490:27)
    at fetchMissingDynamicData (https://localhost:3000/_next/static/chunks/node_modules_next_dist_client_17643121._.js:3654:75)
    at spawnDynamicRequests (https://localhost:3000/_next/static/chunks/node_modules_next_dist_client_17643121._.js:3501:35)
    at navigateToSeededRoute (https://localhost:3000/_next/static/chunks/node_modules_next_dist_client_17643121._.js:7741:50)
    at refreshDynamicData (https://localhost:3000/_next/static/chunks/node_modules_next_dist_client_17643121._.js:8347:58)
    at hmrRefreshReducer (https://localhost:3000/_next/static/chunks/node_modules_next_dist_client_17643121._.js:8513:51)
    at clientReducer (https://localhost:3000/_next/static/chunks/node_modules_next_dist_client_17643121._.js:9081:65)
    at Object.action (https://localhost:3000/_next/static/chunks/node_modules_next_dist_client_17643121._.js:9310:55)
    at runAction (https://localhost:3000/_next/static/chunks/node_modules_next_dist_client_17643121._.js:9215:38)
    at dispatchAction (https://localhost:3000/_next/static/chunks/node_modules_next_dist_client_17643121._.js:9278:9)
    at Object.dispatch (https://localhost:3000/_next/static/chunks/node_modules_next_dist_client_17643121._.js:9308:40)
    at https://localhost:3000/_next/static/chunks/node_modules_next_dist_client_17643121._.js:1489:29
    at startTransition (https://localhost:3000/_next/static/chunks/node_modules_next_dist_compiled_react-dom_1e674e59._.js:5500:31)
    at dispatch (https://localhost:3000/_next/static/chunks/node_modules_next_dist_client_17643121._.js:1488:13)
    at dispatchAppRouterAction (https://localhost:3000/_next/static/chunks/node_modules_next_dist_client_17643121._.js:1470:5)
    at https://localhost:3000/_next/static/chunks/node_modules_next_dist_client_17643121._.js:9439:61
    at startTransition (https://localhost:3000/_next/static/chunks/node_modules_next_dist_compiled_a0e4c7b4._.js:1279:31)
    at Object.hmrRefresh (https://localhost:3000/_next/static/chunks/node_modules_next_dist_client_17643121._.js:9438:40)
    at processMessage (https://localhost:3000/_next/static/chunks/node_modules_next_dist_client_17643121._.js:11636:67)
    at WebSocket.handleMessage (https://localhost:3000/_next/static/chunks/node_modules_next_dist_client_17643121._.js:10914:52) @ https://localhost:3000/_next/static/chunks/node_modules_next_dist_f3530cac._.js:3127
[   20584ms] [ERROR] Failed to load resource: net::ERR_CONNECTION_REFUSED @ https://localhost:3000/fixture-row-actions?_rsc=1setq:0
[   20585ms] [ERROR] Failed to fetch RSC payload for https://localhost:3000/fixture-row-actions. Falling back to browser navigation. TypeError: Failed to fetch
    at createFetch (https://localhost:3000/_next/static/chunks/node_modules_next_dist_client_17643121._.js:2588:24)
    at fetchServerResponse (https://localhost:3000/_next/static/chunks/node_modules_next_dist_client_17643121._.js:2490:27)
    at fetchMissingDynamicData (https://localhost:3000/_next/static/chunks/node_modules_next_dist_client_17643121._.js:3654:75)
    at spawnDynamicRequests (https://localhost:3000/_next/static/chunks/node_modules_next_dist_client_17643121._.js:3501:35)
    at navigateToSeededRoute (https://localhost:3000/_next/static/chunks/node_modules_next_dist_client_17643121._.js:7741:50)
    at refreshDynamicData (https://localhost:3000/_next/static/chunks/node_modules_next_dist_client_17643121._.js:8347:58)
    at hmrRefreshReducer (https://localhost:3000/_next/static/chunks/node_modules_next_dist_client_17643121._.js:8513:51)
    at clientReducer (https://localhost:3000/_next/static/chunks/node_modules_next_dist_client_17643121._.js:9081:65)
    at Object.action (https://localhost:3000/_next/static/chunks/node_modules_next_dist_client_17643121._.js:9310:55)
    at runAction (https://localhost:3000/_next/static/chunks/node_modules_next_dist_client_17643121._.js:9215:38)
    at dispatchAction (https://localhost:3000/_next/static/chunks/node_modules_next_dist_client_17643121._.js:9278:9)
    at Object.dispatch (https://localhost:3000/_next/static/chunks/node_modules_next_dist_client_17643121._.js:9308:40)
    at https://localhost:3000/_next/static/chunks/node_modules_next_dist_client_17643121._.js:1489:29
    at startTransition (https://localhost:3000/_next/static/chunks/node_modules_next_dist_compiled_react-dom_1e674e59._.js:5500:31)
    at dispatch (https://localhost:3000/_next/static/chunks/node_modules_next_dist_client_17643121._.js:1488:13)
    at dispatchAppRouterAction (https://localhost:3000/_next/static/chunks/node_modules_next_dist_client_17643121._.js:1470:5)
    at https://localhost:3000/_next/static/chunks/node_modules_next_dist_client_17643121._.js:9439:61
    at startTransition (https://localhost:3000/_next/static/chunks/node_modules_next_dist_compiled_a0e4c7b4._.js:1279:31)
    at Object.hmrRefresh (https://localhost:3000/_next/static/chunks/node_modules_next_dist_client_17643121._.js:9438:40)
    at processMessage (https://localhost:3000/_next/static/chunks/node_modules_next_dist_client_17643121._.js:11636:67)
    at WebSocket.handleMessage (https://localhost:3000/_next/static/chunks/node_modules_next_dist_client_17643121._.js:10914:52) @ https://localhost:3000/_next/static/chunks/node_modules_next_dist_f3530cac._.js:3127
[   20600ms] [ERROR] Failed to load resource: net::ERR_CONNECTION_REFUSED @ https://localhost:3000/fixture-row-actions?_rsc=1setq:0
[   20603ms] [ERROR] Failed to fetch RSC payload for https://localhost:3000/fixture-row-actions. Falling back to browser navigation. TypeError: Failed to fetch
    at createFetch (https://localhost:3000/_next/static/chunks/node_modules_next_dist_client_17643121._.js:2588:24)
    at fetchServerResponse (https://localhost:3000/_next/static/chunks/node_modules_next_dist_client_17643121._.js:2490:27)
    at fetchMissingDynamicData (https://localhost:3000/_next/static/chunks/node_modules_next_dist_client_17643121._.js:3654:75)
    at spawnDynamicRequests (https://localhost:3000/_next/static/chunks/node_modules_next_dist_client_17643121._.js:3501:35)
    at navigateToSeededRoute (https://localhost:3000/_next/static/chunks/node_modules_next_dist_client_17643121._.js:7741:50)
    at refreshDynamicData (https://localhost:3000/_next/static/chunks/node_modules_next_dist_client_17643121._.js:8347:58)
    at hmrRefreshReducer (https://localhost:3000/_next/static/chunks/node_modules_next_dist_client_17643121._.js:8513:51)
    at clientReducer (https://localhost:3000/_next/static/chunks/node_modules_next_dist_client_17643121._.js:9081:65)
    at Object.action (https://localhost:3000/_next/static/chunks/node_modules_next_dist_client_17643121._.js:9310:55)
    at runAction (https://localhost:3000/_next/static/chunks/node_modules_next_dist_client_17643121._.js:9215:38)
    at dispatchAction (https://localhost:3000/_next/static/chunks/node_modules_next_dist_client_17643121._.js:9278:9)
    at Object.dispatch (https://localhost:3000/_next/static/chunks/node_modules_next_dist_client_17643121._.js:9308:40)
    at https://localhost:3000/_next/static/chunks/node_modules_next_dist_client_17643121._.js:1489:29
    at startTransition (https://localhost:3000/_next/static/chunks/node_modules_next_dist_compiled_react-dom_1e674e59._.js:5500:31)
    at dispatch (https://localhost:3000/_next/static/chunks/node_modules_next_dist_client_17643121._.js:1488:13)
    at dispatchAppRouterAction (https://localhost:3000/_next/static/chunks/node_modules_next_dist_client_17643121._.js:1470:5)
    at https://localhost:3000/_next/static/chunks/node_modules_next_dist_client_17643121._.js:9439:61
    at startTransition (https://localhost:3000/_next/static/chunks/node_modules_next_dist_compiled_a0e4c7b4._.js:1279:31)
    at Object.hmrRefresh (https://localhost:3000/_next/static/chunks/node_modules_next_dist_client_17643121._.js:9438:40)
    at processMessage (https://localhost:3000/_next/static/chunks/node_modules_next_dist_client_17643121._.js:11636:67)
    at WebSocket.handleMessage (https://localhost:3000/_next/static/chunks/node_modules_next_dist_client_17643121._.js:10914:52) @ https://localhost:3000/_next/static/chunks/node_modules_next_dist_f3530cac._.js:3127
[   20608ms] [ERROR] Failed to load resource: net::ERR_CONNECTION_REFUSED @ https://localhost:3000/fixture-row-actions?_rsc=1setq:0
[   20608ms] [ERROR] Failed to fetch RSC payload for https://localhost:3000/fixture-row-actions. Falling back to browser navigation. TypeError: Failed to fetch
    at createFetch (https://localhost:3000/_next/static/chunks/node_modules_next_dist_client_17643121._.js:2588:24)
    at fetchServerResponse (https://localhost:3000/_next/static/chunks/node_modules_next_dist_client_17643121._.js:2490:27)
    at fetchMissingDynamicData (https://localhost:3000/_next/static/chunks/node_modules_next_dist_client_17643121._.js:3654:75)
    at spawnDynamicRequests (https://localhost:3000/_next/static/chunks/node_modules_next_dist_client_17643121._.js:3501:35)
    at navigateToSeededRoute (https://localhost:3000/_next/static/chunks/node_modules_next_dist_client_17643121._.js:7741:50)
    at refreshDynamicData (https://localhost:3000/_next/static/chunks/node_modules_next_dist_client_17643121._.js:8347:58)
    at hmrRefreshReducer (https://localhost:3000/_next/static/chunks/node_modules_next_dist_client_17643121._.js:8513:51)
    at clientReducer (https://localhost:3000/_next/static/chunks/node_modules_next_dist_client_17643121._.js:9081:65)
    at Object.action (https://localhost:3000/_next/static/chunks/node_modules_next_dist_client_17643121._.js:9310:55)
    at runAction (https://localhost:3000/_next/static/chunks/node_modules_next_dist_client_17643121._.js:9215:38)
    at dispatchAction (https://localhost:3000/_next/static/chunks/node_modules_next_dist_client_17643121._.js:9278:9)
    at Object.dispatch (https://localhost:3000/_next/static/chunks/node_modules_next_dist_client_17643121._.js:9308:40)
    at https://localhost:3000/_next/static/chunks/node_modules_next_dist_client_17643121._.js:1489:29
    at startTransition (https://localhost:3000/_next/static/chunks/node_modules_next_dist_compiled_react-dom_1e674e59._.js:5500:31)
    at dispatch (https://localhost:3000/_next/static/chunks/node_modules_next_dist_client_17643121._.js:1488:13)
    at dispatchAppRouterAction (https://localhost:3000/_next/static/chunks/node_modules_next_dist_client_17643121._.js:1470:5)
    at https://localhost:3000/_next/static/chunks/node_modules_next_dist_client_17643121._.js:9439:61
    at startTransition (https://localhost:3000/_next/static/chunks/node_modules_next_dist_compiled_a0e4c7b4._.js:1279:31)
    at Object.hmrRefresh (https://localhost:3000/_next/static/chunks/node_modules_next_dist_client_17643121._.js:9438:40)
    at processMessage (https://localhost:3000/_next/static/chunks/node_modules_next_dist_client_17643121._.js:11636:67)
    at WebSocket.handleMessage (https://localhost:3000/_next/static/chunks/node_modules_next_dist_client_17643121._.js:10914:52) @ https://localhost:3000/_next/static/chunks/node_modules_next_dist_f3530cac._.js:3127
[   20616ms] [ERROR] Failed to load resource: net::ERR_CONNECTION_REFUSED @ https://localhost:3000/fixture-row-actions?_rsc=1setq:0
[   20617ms] [ERROR] Failed to fetch RSC payload for https://localhost:3000/fixture-row-actions. Falling back to browser navigation. TypeError: Failed to fetch
    at createFetch (https://localhost:3000/_next/static/chunks/node_modules_next_dist_client_17643121._.js:2588:24)
    at fetchServerResponse (https://localhost:3000/_next/static/chunks/node_modules_next_dist_client_17643121._.js:2490:27)
    at fetchMissingDynamicData (https://localhost:3000/_next/static/chunks/node_modules_next_dist_client_17643121._.js:3654:75)
    at spawnDynamicRequests (https://localhost:3000/_next/static/chunks/node_modules_next_dist_client_17643121._.js:3501:35)
    at navigateToSeededRoute (https://localhost:3000/_next/static/chunks/node_modules_next_dist_client_17643121._.js:7741:50)
    at refreshDynamicData (https://localhost:3000/_next/static/chunks/node_modules_next_dist_client_17643121._.js:8347:58)
    at hmrRefreshReducer (https://localhost:3000/_next/static/chunks/node_modules_next_dist_client_17643121._.js:8513:51)
    at clientReducer (https://localhost:3000/_next/static/chunks/node_modules_next_dist_client_17643121._.js:9081:65)
    at Object.action (https://localhost:3000/_next/static/chunks/node_modules_next_dist_client_17643121._.js:9310:55)
    at runAction (https://localhost:3000/_next/static/chunks/node_modules_next_dist_client_17643121._.js:9215:38)
    at dispatchAction (https://localhost:3000/_next/static/chunks/node_modules_next_dist_client_17643121._.js:9278:9)
    at Object.dispatch (https://localhost:3000/_next/static/chunks/node_modules_next_dist_client_17643121._.js:9308:40)
    at https://localhost:3000/_next/static/chunks/node_modules_next_dist_client_17643121._.js:1489:29
    at startTransition (https://localhost:3000/_next/static/chunks/node_modules_next_dist_compiled_react-dom_1e674e59._.js:5500:31)
    at dispatch (https://localhost:3000/_next/static/chunks/node_modules_next_dist_client_17643121._.js:1488:13)
    at dispatchAppRouterAction (https://localhost:3000/_next/static/chunks/node_modules_next_dist_client_17643121._.js:1470:5)
    at https://localhost:3000/_next/static/chunks/node_modules_next_dist_client_17643121._.js:9439:61
    at startTransition (https://localhost:3000/_next/static/chunks/node_modules_next_dist_compiled_a0e4c7b4._.js:1279:31)
    at Object.hmrRefresh (https://localhost:3000/_next/static/chunks/node_modules_next_dist_client_17643121._.js:9438:40)
    at processMessage (https://localhost:3000/_next/static/chunks/node_modules_next_dist_client_17643121._.js:11636:67)
    at WebSocket.handleMessage (https://localhost:3000/_next/static/chunks/node_modules_next_dist_client_17643121._.js:10914:52) @ https://localhost:3000/_next/static/chunks/node_modules_next_dist_f3530cac._.js:3127
[   20620ms] [ERROR] Failed to load resource: net::ERR_CONNECTION_REFUSED @ https://localhost:3000/fixture-row-actions?_rsc=1setq:0
[   20621ms] [ERROR] Failed to fetch RSC payload for https://localhost:3000/fixture-row-actions. Falling back to browser navigation. TypeError: Failed to fetch
    at createFetch (https://localhost:3000/_next/static/chunks/node_modules_next_dist_client_17643121._.js:2588:24)
    at fetchServerResponse (https://localhost:3000/_next/static/chunks/node_modules_next_dist_client_17643121._.js:2490:27)
    at fetchMissingDynamicData (https://localhost:3000/_next/static/chunks/node_modules_next_dist_client_17643121._.js:3654:75)
    at spawnDynamicRequests (https://localhost:3000/_next/static/chunks/node_modules_next_dist_client_17643121._.js:3501:35)
    at navigateToSeededRoute (https://localhost:3000/_next/static/chunks/node_modules_next_dist_client_17643121._.js:7741:50)
    at refreshDynamicData (https://localhost:3000/_next/static/chunks/node_modules_next_dist_client_17643121._.js:8347:58)
    at hmrRefreshReducer (https://localhost:3000/_next/static/chunks/node_modules_next_dist_client_17643121._.js:8513:51)
    at clientReducer (https://localhost:3000/_next/static/chunks/node_modules_next_dist_client_17643121._.js:9081:65)
    at Object.action (https://localhost:3000/_next/static/chunks/node_modules_next_dist_client_17643121._.js:9310:55)
    at runAction (https://localhost:3000/_next/static/chunks/node_modules_next_dist_client_17643121._.js:9215:38)
    at dispatchAction (https://localhost:3000/_next/static/chunks/node_modules_next_dist_client_17643121._.js:9278:9)
    at Object.dispatch (https://localhost:3000/_next/static/chunks/node_modules_next_dist_client_17643121._.js:9308:40)
    at https://localhost:3000/_next/static/chunks/node_modules_next_dist_client_17643121._.js:1489:29
    at startTransition (https://localhost:3000/_next/static/chunks/node_modules_next_dist_compiled_react-dom_1e674e59._.js:5500:31)
    at dispatch (https://localhost:3000/_next/static/chunks/node_modules_next_dist_client_17643121._.js:1488:13)
    at dispatchAppRouterAction (https://localhost:3000/_next/static/chunks/node_modules_next_dist_client_17643121._.js:1470:5)
    at https://localhost:3000/_next/static/chunks/node_modules_next_dist_client_17643121._.js:9439:61
    at startTransition (https://localhost:3000/_next/static/chunks/node_modules_next_dist_compiled_a0e4c7b4._.js:1279:31)
    at Object.hmrRefresh (https://localhost:3000/_next/static/chunks/node_modules_next_dist_client_17643121._.js:9438:40)
    at processMessage (https://localhost:3000/_next/static/chunks/node_modules_next_dist_client_17643121._.js:11636:67)
    at WebSocket.handleMessage (https://localhost:3000/_next/static/chunks/node_modules_next_dist_client_17643121._.js:10914:52) @ https://localhost:3000/_next/static/chunks/node_modules_next_dist_f3530cac._.js:3127
[   20629ms] [ERROR] Failed to load resource: net::ERR_CONNECTION_REFUSED @ https://localhost:3000/__nextjs_original-stack-frames:0
[   20635ms] [ERROR] Failed to load resource: net::ERR_CONNECTION_REFUSED @ https://localhost:3000/fixture-row-actions?_rsc=1setq:0
[   20635ms] [ERROR] Failed to fetch RSC payload for https://localhost:3000/fixture-row-actions. Falling back to browser navigation. TypeError: Failed to fetch
    at createFetch (https://localhost:3000/_next/static/chunks/node_modules_next_dist_client_17643121._.js:2588:24)
    at fetchServerResponse (https://localhost:3000/_next/static/chunks/node_modules_next_dist_client_17643121._.js:2490:27)
    at fetchMissingDynamicData (https://localhost:3000/_next/static/chunks/node_modules_next_dist_client_17643121._.js:3654:75)
    at spawnDynamicRequests (https://localhost:3000/_next/static/chunks/node_modules_next_dist_client_17643121._.js:3501:35)
    at navigateToSeededRoute (https://localhost:3000/_next/static/chunks/node_modules_next_dist_client_17643121._.js:7741:50)
    at refreshDynamicData (https://localhost:3000/_next/static/chunks/node_modules_next_dist_client_17643121._.js:8347:58)
    at hmrRefreshReducer (https://localhost:3000/_next/static/chunks/node_modules_next_dist_client_17643121._.js:8513:51)
    at clientReducer (https://localhost:3000/_next/static/chunks/node_modules_next_dist_client_17643121._.js:9081:65)
    at Object.action (https://localhost:3000/_next/static/chunks/node_modules_next_dist_client_17643121._.js:9310:55)
    at runAction (https://localhost:3000/_next/static/chunks/node_modules_next_dist_client_17643121._.js:9215:38)
    at dispatchAction (https://localhost:3000/_next/static/chunks/node_modules_next_dist_client_17643121._.js:9278:9)
    at Object.dispatch (https://localhost:3000/_next/static/chunks/node_modules_next_dist_client_17643121._.js:9308:40)
    at https://localhost:3000/_next/static/chunks/node_modules_next_dist_client_17643121._.js:1489:29
    at startTransition (https://localhost:3000/_next/static/chunks/node_modules_next_dist_compiled_react-dom_1e674e59._.js:5500:31)
    at dispatch (https://localhost:3000/_next/static/chunks/node_modules_next_dist_client_17643121._.js:1488:13)
    at dispatchAppRouterAction (https://localhost:3000/_next/static/chunks/node_modules_next_dist_client_17643121._.js:1470:5)
    at https://localhost:3000/_next/static/chunks/node_modules_next_dist_client_17643121._.js:9439:61
    at startTransition (https://localhost:3000/_next/static/chunks/node_modules_next_dist_compiled_a0e4c7b4._.js:1279:31)
    at Object.hmrRefresh (https://localhost:3000/_next/static/chunks/node_modules_next_dist_client_17643121._.js:9438:40)
    at processMessage (https://localhost:3000/_next/static/chunks/node_modules_next_dist_client_17643121._.js:11636:67)
    at WebSocket.handleMessage (https://localhost:3000/_next/static/chunks/node_modules_next_dist_client_17643121._.js:10914:52) @ https://localhost:3000/_next/static/chunks/node_modules_next_dist_f3530cac._.js:3127
[   20643ms] [ERROR] Failed to load resource: net::ERR_CONNECTION_REFUSED @ https://localhost:3000/fixture-row-actions?_rsc=1setq:0
[   20643ms] [ERROR] Failed to fetch RSC payload for https://localhost:3000/fixture-row-actions. Falling back to browser navigation. TypeError: Failed to fetch
    at createFetch (https://localhost:3000/_next/static/chunks/node_modules_next_dist_client_17643121._.js:2588:24)
    at fetchServerResponse (https://localhost:3000/_next/static/chunks/node_modules_next_dist_client_17643121._.js:2490:27)
    at fetchMissingDynamicData (https://localhost:3000/_next/static/chunks/node_modules_next_dist_client_17643121._.js:3654:75)
    at spawnDynamicRequests (https://localhost:3000/_next/static/chunks/node_modules_next_dist_client_17643121._.js:3501:35)
    at navigateToSeededRoute (https://localhost:3000/_next/static/chunks/node_modules_next_dist_client_17643121._.js:7741:50)
    at refreshDynamicData (https://localhost:3000/_next/static/chunks/node_modules_next_dist_client_17643121._.js:8347:58)
    at hmrRefreshReducer (https://localhost:3000/_next/static/chunks/node_modules_next_dist_client_17643121._.js:8513:51)
    at clientReducer (https://localhost:3000/_next/static/chunks/node_modules_next_dist_client_17643121._.js:9081:65)
    at Object.action (https://localhost:3000/_next/static/chunks/node_modules_next_dist_client_17643121._.js:9310:55)
    at runAction (https://localhost:3000/_next/static/chunks/node_modules_next_dist_client_17643121._.js:9215:38)
    at dispatchAction (https://localhost:3000/_next/static/chunks/node_modules_next_dist_client_17643121._.js:9278:9)
    at Object.dispatch (https://localhost:3000/_next/static/chunks/node_modules_next_dist_client_17643121._.js:9308:40)
    at https://localhost:3000/_next/static/chunks/node_modules_next_dist_client_17643121._.js:1489:29
    at startTransition (https://localhost:3000/_next/static/chunks/node_modules_next_dist_compiled_react-dom_1e674e59._.js:5500:31)
    at dispatch (https://localhost:3000/_next/static/chunks/node_modules_next_dist_client_17643121._.js:1488:13)
    at dispatchAppRouterAction (https://localhost:3000/_next/static/chunks/node_modules_next_dist_client_17643121._.js:1470:5)
    at https://localhost:3000/_next/static/chunks/node_modules_next_dist_client_17643121._.js:9439:61
    at startTransition (https://localhost:3000/_next/static/chunks/node_modules_next_dist_compiled_a0e4c7b4._.js:1279:31)
    at Object.hmrRefresh (https://localhost:3000/_next/static/chunks/node_modules_next_dist_client_17643121._.js:9438:40)
    at processMessage (https://localhost:3000/_next/static/chunks/node_modules_next_dist_client_17643121._.js:11636:67)
    at WebSocket.handleMessage (https://localhost:3000/_next/static/chunks/node_modules_next_dist_client_17643121._.js:10914:52) @ https://localhost:3000/_next/static/chunks/node_modules_next_dist_f3530cac._.js:3127
[   20647ms] [ERROR] Failed to load resource: net::ERR_CONNECTION_REFUSED @ https://localhost:3000/fixture-row-actions?_rsc=1setq:0
[   20648ms] [ERROR] Failed to fetch RSC payload for https://localhost:3000/fixture-row-actions. Falling back to browser navigation. TypeError: Failed to fetch
    at createFetch (https://localhost:3000/_next/static/chunks/node_modules_next_dist_client_17643121._.js:2588:24)
    at fetchServerResponse (https://localhost:3000/_next/static/chunks/node_modules_next_dist_client_17643121._.js:2490:27)
    at fetchMissingDynamicData (https://localhost:3000/_next/static/chunks/node_modules_next_dist_client_17643121._.js:3654:75)
    at spawnDynamicRequests (https://localhost:3000/_next/static/chunks/node_modules_next_dist_client_17643121._.js:3501:35)
    at navigateToSeededRoute (https://localhost:3000/_next/static/chunks/node_modules_next_dist_client_17643121._.js:7741:50)
    at refreshDynamicData (https://localhost:3000/_next/static/chunks/node_modules_next_dist_client_17643121._.js:8347:58)
    at hmrRefreshReducer (https://localhost:3000/_next/static/chunks/node_modules_next_dist_client_17643121._.js:8513:51)
    at clientReducer (https://localhost:3000/_next/static/chunks/node_modules_next_dist_client_17643121._.js:9081:65)
    at Object.action (https://localhost:3000/_next/static/chunks/node_modules_next_dist_client_17643121._.js:9310:55)
    at runAction (https://localhost:3000/_next/static/chunks/node_modules_next_dist_client_17643121._.js:9215:38)
    at dispatchAction (https://localhost:3000/_next/static/chunks/node_modules_next_dist_client_17643121._.js:9278:9)
    at Object.dispatch (https://localhost:3000/_next/static/chunks/node_modules_next_dist_client_17643121._.js:9308:40)
    at https://localhost:3000/_next/static/chunks/node_modules_next_dist_client_17643121._.js:1489:29
    at startTransition (https://localhost:3000/_next/static/chunks/node_modules_next_dist_compiled_react-dom_1e674e59._.js:5500:31)
    at dispatch (https://localhost:3000/_next/static/chunks/node_modules_next_dist_client_17643121._.js:1488:13)
    at dispatchAppRouterAction (https://localhost:3000/_next/static/chunks/node_modules_next_dist_client_17643121._.js:1470:5)
    at https://localhost:3000/_next/static/chunks/node_modules_next_dist_client_17643121._.js:9439:61
    at startTransition (https://localhost:3000/_next/static/chunks/node_modules_next_dist_compiled_a0e4c7b4._.js:1279:31)
    at Object.hmrRefresh (https://localhost:3000/_next/static/chunks/node_modules_next_dist_client_17643121._.js:9438:40)
    at processMessage (https://localhost:3000/_next/static/chunks/node_modules_next_dist_client_17643121._.js:11636:67)
    at WebSocket.handleMessage (https://localhost:3000/_next/static/chunks/node_modules_next_dist_client_17643121._.js:10914:52) @ https://localhost:3000/_next/static/chunks/node_modules_next_dist_f3530cac._.js:3127
[   20653ms] [ERROR] Failed to load resource: net::ERR_CONNECTION_REFUSED @ https://localhost:3000/__nextjs_original-stack-frames:0
[   20656ms] [ERROR] Failed to load resource: net::ERR_CONNECTION_REFUSED @ https://localhost:3000/fixture-row-actions?_rsc=1setq:0
[   20656ms] [ERROR] Failed to fetch RSC payload for https://localhost:3000/fixture-row-actions. Falling back to browser navigation. TypeError: Failed to fetch
    at createFetch (https://localhost:3000/_next/static/chunks/node_modules_next_dist_client_17643121._.js:2588:24)
    at fetchServerResponse (https://localhost:3000/_next/static/chunks/node_modules_next_dist_client_17643121._.js:2490:27)
    at fetchMissingDynamicData (https://localhost:3000/_next/static/chunks/node_modules_next_dist_client_17643121._.js:3654:75)
    at spawnDynamicRequests (https://localhost:3000/_next/static/chunks/node_modules_next_dist_client_17643121._.js:3501:35)
    at navigateToSeededRoute (https://localhost:3000/_next/static/chunks/node_modules_next_dist_client_17643121._.js:7741:50)
    at refreshDynamicData (https://localhost:3000/_next/static/chunks/node_modules_next_dist_client_17643121._.js:8347:58)
    at hmrRefreshReducer (https://localhost:3000/_next/static/chunks/node_modules_next_dist_client_17643121._.js:8513:51)
    at clientReducer (https://localhost:3000/_next/static/chunks/node_modules_next_dist_client_17643121._.js:9081:65)
    at Object.action (https://localhost:3000/_next/static/chunks/node_modules_next_dist_client_17643121._.js:9310:55)
    at runAction (https://localhost:3000/_next/static/chunks/node_modules_next_dist_client_17643121._.js:9215:38)
    at dispatchAction (https://localhost:3000/_next/static/chunks/node_modules_next_dist_client_17643121._.js:9278:9)
    at Object.dispatch (https://localhost:3000/_next/static/chunks/node_modules_next_dist_client_17643121._.js:9308:40)
    at https://localhost:3000/_next/static/chunks/node_modules_next_dist_client_17643121._.js:1489:29
    at startTransition (https://localhost:3000/_next/static/chunks/node_modules_next_dist_compiled_react-dom_1e674e59._.js:5500:31)
    at dispatch (https://localhost:3000/_next/static/chunks/node_modules_next_dist_client_17643121._.js:1488:13)
    at dispatchAppRouterAction (https://localhost:3000/_next/static/chunks/node_modules_next_dist_client_17643121._.js:1470:5)
    at https://localhost:3000/_next/static/chunks/node_modules_next_dist_client_17643121._.js:9439:61
    at startTransition (https://localhost:3000/_next/static/chunks/node_modules_next_dist_compiled_a0e4c7b4._.js:1279:31)
    at Object.hmrRefresh (https://localhost:3000/_next/static/chunks/node_modules_next_dist_client_17643121._.js:9438:40)
    at processMessage (https://localhost:3000/_next/static/chunks/node_modules_next_dist_client_17643121._.js:11636:67)
    at WebSocket.handleMessage (https://localhost:3000/_next/static/chunks/node_modules_next_dist_client_17643121._.js:10914:52) @ https://localhost:3000/_next/static/chunks/node_modules_next_dist_f3530cac._.js:3127
[   20665ms] [ERROR] Failed to load resource: net::ERR_CONNECTION_REFUSED @ https://localhost:3000/fixture-row-actions?_rsc=1setq:0
[   20665ms] [ERROR] Failed to fetch RSC payload for https://localhost:3000/fixture-row-actions. Falling back to browser navigation. TypeError: Failed to fetch
    at createFetch (https://localhost:3000/_next/static/chunks/node_modules_next_dist_client_17643121._.js:2588:24)
    at fetchServerResponse (https://localhost:3000/_next/static/chunks/node_modules_next_dist_client_17643121._.js:2490:27)
    at fetchMissingDynamicData (https://localhost:3000/_next/static/chunks/node_modules_next_dist_client_17643121._.js:3654:75)
    at spawnDynamicRequests (https://localhost:3000/_next/static/chunks/node_modules_next_dist_client_17643121._.js:3501:35)
    at navigateToSeededRoute (https://localhost:3000/_next/static/chunks/node_modules_next_dist_client_17643121._.js:7741:50)
    at refreshDynamicData (https://localhost:3000/_next/static/chunks/node_modules_next_dist_client_17643121._.js:8347:58)
    at hmrRefreshReducer (https://localhost:3000/_next/static/chunks/node_modules_next_dist_client_17643121._.js:8513:51)
    at clientReducer (https://localhost:3000/_next/static/chunks/node_modules_next_dist_client_17643121._.js:9081:65)
    at Object.action (https://localhost:3000/_next/static/chunks/node_modules_next_dist_client_17643121._.js:9310:55)
    at runAction (https://localhost:3000/_next/static/chunks/node_modules_next_dist_client_17643121._.js:9215:38)
    at dispatchAction (https://localhost:3000/_next/static/chunks/node_modules_next_dist_client_17643121._.js:9278:9)
    at Object.dispatch (https://localhost:3000/_next/static/chunks/node_modules_next_dist_client_17643121._.js:9308:40)
    at https://localhost:3000/_next/static/chunks/node_modules_next_dist_client_17643121._.js:1489:29
    at startTransition (https://localhost:3000/_next/static/chunks/node_modules_next_dist_compiled_react-dom_1e674e59._.js:5500:31)
    at dispatch (https://localhost:3000/_next/static/chunks/node_modules_next_dist_client_17643121._.js:1488:13)
    at dispatchAppRouterAction (https://localhost:3000/_next/static/chunks/node_modules_next_dist_client_17643121._.js:1470:5)
    at https://localhost:3000/_next/static/chunks/node_modules_next_dist_client_17643121._.js:9439:61
    at startTransition (https://localhost:3000/_next/static/chunks/node_modules_next_dist_compiled_a0e4c7b4._.js:1279:31)
    at Object.hmrRefresh (https://localhost:3000/_next/static/chunks/node_modules_next_dist_client_17643121._.js:9438:40)
    at processMessage (https://localhost:3000/_next/static/chunks/node_modules_next_dist_client_17643121._.js:11636:67)
    at WebSocket.handleMessage (https://localhost:3000/_next/static/chunks/node_modules_next_dist_client_17643121._.js:10914:52) @ https://localhost:3000/_next/static/chunks/node_modules_next_dist_f3530cac._.js:3127
[   20683ms] [ERROR] Failed to load resource: net::ERR_CONNECTION_REFUSED @ https://localhost:3000/fixture-row-actions?_rsc=1setq:0
[   20683ms] [ERROR] Failed to fetch RSC payload for https://localhost:3000/fixture-row-actions. Falling back to browser navigation. TypeError: Failed to fetch
    at createFetch (https://localhost:3000/_next/static/chunks/node_modules_next_dist_client_17643121._.js:2588:24)
    at fetchServerResponse (https://localhost:3000/_next/static/chunks/node_modules_next_dist_client_17643121._.js:2490:27)
    at fetchMissingDynamicData (https://localhost:3000/_next/static/chunks/node_modules_next_dist_client_17643121._.js:3654:75)
    at spawnDynamicRequests (https://localhost:3000/_next/static/chunks/node_modules_next_dist_client_17643121._.js:3501:35)
    at navigateToSeededRoute (https://localhost:3000/_next/static/chunks/node_modules_next_dist_client_17643121._.js:7741:50)
    at refreshDynamicData (https://localhost:3000/_next/static/chunks/node_modules_next_dist_client_17643121._.js:8347:58)
    at hmrRefreshReducer (https://localhost:3000/_next/static/chunks/node_modules_next_dist_client_17643121._.js:8513:51)
    at clientReducer (https://localhost:3000/_next/static/chunks/node_modules_next_dist_client_17643121._.js:9081:65)
    at Object.action (https://localhost:3000/_next/static/chunks/node_modules_next_dist_client_17643121._.js:9310:55)
    at runAction (https://localhost:3000/_next/static/chunks/node_modules_next_dist_client_17643121._.js:9215:38)
    at dispatchAction (https://localhost:3000/_next/static/chunks/node_modules_next_dist_client_17643121._.js:9278:9)
    at Object.dispatch (https://localhost:3000/_next/static/chunks/node_modules_next_dist_client_17643121._.js:9308:40)
    at https://localhost:3000/_next/static/chunks/node_modules_next_dist_client_17643121._.js:1489:29
    at startTransition (https://localhost:3000/_next/static/chunks/node_modules_next_dist_compiled_react-dom_1e674e59._.js:5500:31)
    at dispatch (https://localhost:3000/_next/static/chunks/node_modules_next_dist_client_17643121._.js:1488:13)
    at dispatchAppRouterAction (https://localhost:3000/_next/static/chunks/node_modules_next_dist_client_17643121._.js:1470:5)
    at https://localhost:3000/_next/static/chunks/node_modules_next_dist_client_17643121._.js:9439:61
    at startTransition (https://localhost:3000/_next/static/chunks/node_modules_next_dist_compiled_a0e4c7b4._.js:1279:31)
    at Object.hmrRefresh (https://localhost:3000/_next/static/chunks/node_modules_next_dist_client_17643121._.js:9438:40)
    at processMessage (https://localhost:3000/_next/static/chunks/node_modules_next_dist_client_17643121._.js:11636:67)
    at WebSocket.handleMessage (https://localhost:3000/_next/static/chunks/node_modules_next_dist_client_17643121._.js:10914:52) @ https://localhost:3000/_next/static/chunks/node_modules_next_dist_f3530cac._.js:3127
[   20697ms] [ERROR] Failed to load resource: net::ERR_CONNECTION_REFUSED @ https://localhost:3000/fixture-row-actions?_rsc=1setq:0
[   20697ms] [ERROR] Failed to fetch RSC payload for https://localhost:3000/fixture-row-actions. Falling back to browser navigation. TypeError: Failed to fetch
    at createFetch (https://localhost:3000/_next/static/chunks/node_modules_next_dist_client_17643121._.js:2588:24)
    at fetchServerResponse (https://localhost:3000/_next/static/chunks/node_modules_next_dist_client_17643121._.js:2490:27)
    at fetchMissingDynamicData (https://localhost:3000/_next/static/chunks/node_modules_next_dist_client_17643121._.js:3654:75)
    at spawnDynamicRequests (https://localhost:3000/_next/static/chunks/node_modules_next_dist_client_17643121._.js:3501:35)
    at navigateToSeededRoute (https://localhost:3000/_next/static/chunks/node_modules_next_dist_client_17643121._.js:7741:50)
    at refreshDynamicData (https://localhost:3000/_next/static/chunks/node_modules_next_dist_client_17643121._.js:8347:58)
    at hmrRefreshReducer (https://localhost:3000/_next/static/chunks/node_modules_next_dist_client_17643121._.js:8513:51)
    at clientReducer (https://localhost:3000/_next/static/chunks/node_modules_next_dist_client_17643121._.js:9081:65)
    at Object.action (https://localhost:3000/_next/static/chunks/node_modules_next_dist_client_17643121._.js:9310:55)
    at runAction (https://localhost:3000/_next/static/chunks/node_modules_next_dist_client_17643121._.js:9215:38)
    at dispatchAction (https://localhost:3000/_next/static/chunks/node_modules_next_dist_client_17643121._.js:9278:9)
    at Object.dispatch (https://localhost:3000/_next/static/chunks/node_modules_next_dist_client_17643121._.js:9308:40)
    at https://localhost:3000/_next/static/chunks/node_modules_next_dist_client_17643121._.js:1489:29
    at startTransition (https://localhost:3000/_next/static/chunks/node_modules_next_dist_compiled_react-dom_1e674e59._.js:5500:31)
    at dispatch (https://localhost:3000/_next/static/chunks/node_modules_next_dist_client_17643121._.js:1488:13)
    at dispatchAppRouterAction (https://localhost:3000/_next/static/chunks/node_modules_next_dist_client_17643121._.js:1470:5)
    at https://localhost:3000/_next/static/chunks/node_modules_next_dist_client_17643121._.js:9439:61
    at startTransition (https://localhost:3000/_next/static/chunks/node_modules_next_dist_compiled_a0e4c7b4._.js:1279:31)
    at Object.hmrRefresh (https://localhost:3000/_next/static/chunks/node_modules_next_dist_client_17643121._.js:9438:40)
    at processMessage (https://localhost:3000/_next/static/chunks/node_modules_next_dist_client_17643121._.js:11636:67)
    at WebSocket.handleMessage (https://localhost:3000/_next/static/chunks/node_modules_next_dist_client_17643121._.js:10914:52) @ https://localhost:3000/_next/static/chunks/node_modules_next_dist_f3530cac._.js:3127
[  500528ms] [ERROR] Failed to load resource: the server responded with a status of 404 (Not Found) @ https://localhost:3000/fixture-row-actions:0
[  501102ms] [ERROR] Failed to load resource: net::ERR_NETWORK_CHANGED @ https://localhost:3000/_next/static/chunks/node_modules_next_dist_compiled_next-devtools_index_1dd7fb59.js:0
[  501112ms] [ERROR] Failed to load resource: net::ERR_NETWORK_CHANGED @ https://localhost:3000/_next/static/chunks/node_modules_next_dist_compiled_a0e4c7b4._.js:0
[  501112ms] [ERROR] Failed to load resource: net::ERR_NETWORK_CHANGED @ https://localhost:3000/_next/static/chunks/node_modules_next_dist_client_17643121._.js:0
[  503470ms] [ERROR] Failed to load resource: the server responded with a status of 404 (Not Found) @ https://localhost:3000/fixture-row-actions?__chunk_retry=1790579347781:0
[  504013ms] [INFO] %cDownload the React DevTools for a better development experience: https://react.dev/link/react-devtools font-weight:bold @ https://localhost:3000/_next/static/chunks/node_modules_next_dist_f3530cac._.js:2297
[  504260ms] [LOG] [HMR] connected @ https://localhost:3000/_next/static/chunks/node_modules_next_dist_f3530cac._.js:2297
[  566742ms] [LOG] [Fast Refresh] rebuilding @ https://localhost:3000/_next/static/chunks/node_modules_next_dist_f3530cac._.js:2297
[  592067ms] [LOG] [Fast Refresh] done in 15573ms @ https://localhost:3000/_next/static/chunks/node_modules_next_dist_f3530cac._.js:2297
[  593246ms] [LOG] [Fast Refresh] rebuilding @ https://localhost:3000/_next/static/chunks/node_modules_next_dist_f3530cac._.js:2297
[  595838ms] [LOG] [Fast Refresh] done in 2695ms @ https://localhost:3000/_next/static/chunks/node_modules_next_dist_f3530cac._.js:2297
[  615346ms] [LOG] [Fast Refresh] rebuilding @ https://localhost:3000/_next/static/chunks/node_modules_next_dist_f3530cac._.js:2297
[  616376ms] [ERROR] Failed to load resource: net::ERR_CONNECTION_RESET @ https://localhost:3000/fixture-row-actions?__chunk_retry=1790579347781&_rsc=nx5w1:0
[  616401ms] [ERROR] Failed to fetch RSC payload for https://localhost:3000/fixture-row-actions?__chunk_retry=1790579347781. Falling back to browser navigation. TypeError: Failed to fetch
    at createFetch (https://localhost:3000/_next/static/chunks/node_modules_next_dist_client_17643121._.js:2588:24)
    at fetchServerResponse (https://localhost:3000/_next/static/chunks/node_modules_next_dist_client_17643121._.js:2490:27)
    at fetchMissingDynamicData (https://localhost:3000/_next/static/chunks/node_modules_next_dist_client_17643121._.js:3654:75)
    at spawnDynamicRequests (https://localhost:3000/_next/static/chunks/node_modules_next_dist_client_17643121._.js:3501:35)
    at navigateToSeededRoute (https://localhost:3000/_next/static/chunks/node_modules_next_dist_client_17643121._.js:7741:50)
    at refreshDynamicData (https://localhost:3000/_next/static/chunks/node_modules_next_dist_client_17643121._.js:8347:58)
    at hmrRefreshReducer (https://localhost:3000/_next/static/chunks/node_modules_next_dist_client_17643121._.js:8513:51)
    at clientReducer (https://localhost:3000/_next/static/chunks/node_modules_next_dist_client_17643121._.js:9081:65)
    at Object.action (https://localhost:3000/_next/static/chunks/node_modules_next_dist_client_17643121._.js:9310:55)
    at runAction (https://localhost:3000/_next/static/chunks/node_modules_next_dist_client_17643121._.js:9215:38)
    at dispatchAction (https://localhost:3000/_next/static/chunks/node_modules_next_dist_client_17643121._.js:9278:9)
    at Object.dispatch (https://localhost:3000/_next/static/chunks/node_modules_next_dist_client_17643121._.js:9308:40)
    at https://localhost:3000/_next/static/chunks/node_modules_next_dist_client_17643121._.js:1489:29
    at startTransition (https://localhost:3000/_next/static/chunks/node_modules_next_dist_compiled_react-dom_1e674e59._.js:5500:31)
    at dispatch (https://localhost:3000/_next/static/chunks/node_modules_next_dist_client_17643121._.js:1488:13)
    at dispatchAppRouterAction (https://localhost:3000/_next/static/chunks/node_modules_next_dist_client_17643121._.js:1470:5)
    at https://localhost:3000/_next/static/chunks/node_modules_next_dist_client_17643121._.js:9439:61
    at startTransition (https://localhost:3000/_next/static/chunks/node_modules_next_dist_compiled_a0e4c7b4._.js:1279:31)
    at Object.hmrRefresh (https://localhost:3000/_next/static/chunks/node_modules_next_dist_client_17643121._.js:9438:40)
    at https://localhost:3000/_next/static/chunks/node_modules_next_dist_client_17643121._.js:11613:64
    at startTransition (https://localhost:3000/_next/static/chunks/node_modules_next_dist_compiled_a0e4c7b4._.js:1279:31)
    at processMessage (https://localhost:3000/_next/static/chunks/node_modules_next_dist_client_17643121._.js:11612:44)
    at WebSocket.handleMessage (https://localhost:3000/_next/static/chunks/node_modules_next_dist_client_17643121._.js:10914:52) @ https://localhost:3000/_next/static/chunks/node_modules_next_dist_f3530cac._.js:3127
[  616419ms] [ERROR] Failed to load resource: net::ERR_CONNECTION_REFUSED @ https://localhost:3000/fixture-row-actions?__chunk_retry=1790579347781&_rsc=nx5w1:0
[  616420ms] [ERROR] Failed to fetch RSC payload for https://localhost:3000/fixture-row-actions?__chunk_retry=1790579347781. Falling back to browser navigation. TypeError: Failed to fetch
    at createFetch (https://localhost:3000/_next/static/chunks/node_modules_next_dist_client_17643121._.js:2588:24)
    at fetchServerResponse (https://localhost:3000/_next/static/chunks/node_modules_next_dist_client_17643121._.js:2490:27)
    at fetchMissingDynamicData (https://localhost:3000/_next/static/chunks/node_modules_next_dist_client_17643121._.js:3654:75)
    at spawnDynamicRequests (https://localhost:3000/_next/static/chunks/node_modules_next_dist_client_17643121._.js:3501:35)
    at navigateToSeededRoute (https://localhost:3000/_next/static/chunks/node_modules_next_dist_client_17643121._.js:7741:50)
    at refreshDynamicData (https://localhost:3000/_next/static/chunks/node_modules_next_dist_client_17643121._.js:8347:58)
    at hmrRefreshReducer (https://localhost:3000/_next/static/chunks/node_modules_next_dist_client_17643121._.js:8513:51)
    at clientReducer (https://localhost:3000/_next/static/chunks/node_modules_next_dist_client_17643121._.js:9081:65)
    at Object.action (https://localhost:3000/_next/static/chunks/node_modules_next_dist_client_17643121._.js:9310:55)
    at runAction (https://localhost:3000/_next/static/chunks/node_modules_next_dist_client_17643121._.js:9215:38)
    at dispatchAction (https://localhost:3000/_next/static/chunks/node_modules_next_dist_client_17643121._.js:9278:9)
    at Object.dispatch (https://localhost:3000/_next/static/chunks/node_modules_next_dist_client_17643121._.js:9308:40)
    at https://localhost:3000/_next/static/chunks/node_modules_next_dist_client_17643121._.js:1489:29
    at startTransition (https://localhost:3000/_next/static/chunks/node_modules_next_dist_compiled_react-dom_1e674e59._.js:5500:31)
    at dispatch (https://localhost:3000/_next/static/chunks/node_modules_next_dist_client_17643121._.js:1488:13)
    at dispatchAppRouterAction (https://localhost:3000/_next/static/chunks/node_modules_next_dist_client_17643121._.js:1470:5)
    at https://localhost:3000/_next/static/chunks/node_modules_next_dist_client_17643121._.js:9439:61
    at startTransition (https://localhost:3000/_next/static/chunks/node_modules_next_dist_compiled_a0e4c7b4._.js:1279:31)
    at Object.hmrRefresh (https://localhost:3000/_next/static/chunks/node_modules_next_dist_client_17643121._.js:9438:40)
    at https://localhost:3000/_next/static/chunks/node_modules_next_dist_client_17643121._.js:11613:64
    at startTransition (https://localhost:3000/_next/static/chunks/node_modules_next_dist_compiled_a0e4c7b4._.js:1279:31)
    at processMessage (https://localhost:3000/_next/static/chunks/node_modules_next_dist_client_17643121._.js:11612:44)
    at WebSocket.handleMessage (https://localhost:3000/_next/static/chunks/node_modules_next_dist_client_17643121._.js:10914:52) @ https://localhost:3000/_next/static/chunks/node_modules_next_dist_f3530cac._.js:3127
[  616422ms] [ERROR] Failed to load resource: net::ERR_CONNECTION_REFUSED @ https://localhost:3000/fixture-row-actions?__chunk_retry=1790579347781&_rsc=nx5w1:0
[  616423ms] [ERROR] Failed to fetch RSC payload for https://localhost:3000/fixture-row-actions?__chunk_retry=1790579347781. Falling back to browser navigation. TypeError: Failed to fetch
    at createFetch (https://localhost:3000/_next/static/chunks/node_modules_next_dist_client_17643121._.js:2588:24)
    at fetchServerResponse (https://localhost:3000/_next/static/chunks/node_modules_next_dist_client_17643121._.js:2490:27)
    at fetchMissingDynamicData (https://localhost:3000/_next/static/chunks/node_modules_next_dist_client_17643121._.js:3654:75)
    at spawnDynamicRequests (https://localhost:3000/_next/static/chunks/node_modules_next_dist_client_17643121._.js:3501:35)
    at navigateToSeededRoute (https://localhost:3000/_next/static/chunks/node_modules_next_dist_client_17643121._.js:7741:50)
    at refreshDynamicData (https://localhost:3000/_next/static/chunks/node_modules_next_dist_client_17643121._.js:8347:58)
    at hmrRefreshReducer (https://localhost:3000/_next/static/chunks/node_modules_next_dist_client_17643121._.js:8513:51)
    at clientReducer (https://localhost:3000/_next/static/chunks/node_modules_next_dist_client_17643121._.js:9081:65)
    at Object.action (https://localhost:3000/_next/static/chunks/node_modules_next_dist_client_17643121._.js:9310:55)
    at runAction (https://localhost:3000/_next/static/chunks/node_modules_next_dist_client_17643121._.js:9215:38)
    at dispatchAction (https://localhost:3000/_next/static/chunks/node_modules_next_dist_client_17643121._.js:9278:9)
    at Object.dispatch (https://localhost:3000/_next/static/chunks/node_modules_next_dist_client_17643121._.js:9308:40)
    at https://localhost:3000/_next/static/chunks/node_modules_next_dist_client_17643121._.js:1489:29
    at startTransition (https://localhost:3000/_next/static/chunks/node_modules_next_dist_compiled_react-dom_1e674e59._.js:5500:31)
    at dispatch (https://localhost:3000/_next/static/chunks/node_modules_next_dist_client_17643121._.js:1488:13)
    at dispatchAppRouterAction (https://localhost:3000/_next/static/chunks/node_modules_next_dist_client_17643121._.js:1470:5)
    at https://localhost:3000/_next/static/chunks/node_modules_next_dist_client_17643121._.js:9439:61
    at startTransition (https://localhost:3000/_next/static/chunks/node_modules_next_dist_compiled_a0e4c7b4._.js:1279:31)
    at Object.hmrRefresh (https://localhost:3000/_next/static/chunks/node_modules_next_dist_client_17643121._.js:9438:40)
    at processMessage (https://localhost:3000/_next/static/chunks/node_modules_next_dist_client_17643121._.js:11636:67)
    at WebSocket.handleMessage (https://localhost:3000/_next/static/chunks/node_modules_next_dist_client_17643121._.js:10914:52) @ https://localhost:3000/_next/static/chunks/node_modules_next_dist_f3530cac._.js:3127
[  616425ms] [ERROR] Failed to load resource: net::ERR_CONNECTION_REFUSED @ https://localhost:3000/fixture-row-actions?__chunk_retry=1790579347781&_rsc=nx5w1:0
[  616426ms] [ERROR] Failed to fetch RSC payload for https://localhost:3000/fixture-row-actions?__chunk_retry=1790579347781. Falling back to browser navigation. TypeError: Failed to fetch
    at createFetch (https://localhost:3000/_next/static/chunks/node_modules_next_dist_client_17643121._.js:2588:24)
    at fetchServerResponse (https://localhost:3000/_next/static/chunks/node_modules_next_dist_client_17643121._.js:2490:27)
    at fetchMissingDynamicData (https://localhost:3000/_next/static/chunks/node_modules_next_dist_client_17643121._.js:3654:75)
    at spawnDynamicRequests (https://localhost:3000/_next/static/chunks/node_modules_next_dist_client_17643121._.js:3501:35)
    at navigateToSeededRoute (https://localhost:3000/_next/static/chunks/node_modules_next_dist_client_17643121._.js:7741:50)
    at refreshDynamicData (https://localhost:3000/_next/static/chunks/node_modules_next_dist_client_17643121._.js:8347:58)
    at hmrRefreshReducer (https://localhost:3000/_next/static/chunks/node_modules_next_dist_client_17643121._.js:8513:51)
    at clientReducer (https://localhost:3000/_next/static/chunks/node_modules_next_dist_client_17643121._.js:9081:65)
    at Object.action (https://localhost:3000/_next/static/chunks/node_modules_next_dist_client_17643121._.js:9310:55)
    at runAction (https://localhost:3000/_next/static/chunks/node_modules_next_dist_client_17643121._.js:9215:38)
    at dispatchAction (https://localhost:3000/_next/static/chunks/node_modules_next_dist_client_17643121._.js:9278:9)
    at Object.dispatch (https://localhost:3000/_next/static/chunks/node_modules_next_dist_client_17643121._.js:9308:40)
    at https://localhost:3000/_next/static/chunks/node_modules_next_dist_client_17643121._.js:1489:29
    at startTransition (https://localhost:3000/_next/static/chunks/node_modules_next_dist_compiled_react-dom_1e674e59._.js:5500:31)
    at dispatch (https://localhost:3000/_next/static/chunks/node_modules_next_dist_client_17643121._.js:1488:13)
    at dispatchAppRouterAction (https://localhost:3000/_next/static/chunks/node_modules_next_dist_client_17643121._.js:1470:5)
    at https://localhost:3000/_next/static/chunks/node_modules_next_dist_client_17643121._.js:9439:61
    at startTransition (https://localhost:3000/_next/static/chunks/node_modules_next_dist_compiled_a0e4c7b4._.js:1279:31)
    at Object.hmrRefresh (https://localhost:3000/_next/static/chunks/node_modules_next_dist_client_17643121._.js:9438:40)
    at processMessage (https://localhost:3000/_next/static/chunks/node_modules_next_dist_client_17643121._.js:11636:67)
    at WebSocket.handleMessage (https://localhost:3000/_next/static/chunks/node_modules_next_dist_client_17643121._.js:10914:52) @ https://localhost:3000/_next/static/chunks/node_modules_next_dist_f3530cac._.js:3127
[  616428ms] [ERROR] Failed to load resource: net::ERR_CONNECTION_REFUSED @ https://localhost:3000/fixture-row-actions?__chunk_retry=1790579347781&_rsc=nx5w1:0
[  616429ms] [ERROR] Failed to fetch RSC payload for https://localhost:3000/fixture-row-actions?__chunk_retry=1790579347781. Falling back to browser navigation. TypeError: Failed to fetch
    at createFetch (https://localhost:3000/_next/static/chunks/node_modules_next_dist_client_17643121._.js:2588:24)
    at fetchServerResponse (https://localhost:3000/_next/static/chunks/node_modules_next_dist_client_17643121._.js:2490:27)
    at fetchMissingDynamicData (https://localhost:3000/_next/static/chunks/node_modules_next_dist_client_17643121._.js:3654:75)
    at spawnDynamicRequests (https://localhost:3000/_next/static/chunks/node_modules_next_dist_client_17643121._.js:3501:35)
    at navigateToSeededRoute (https://localhost:3000/_next/static/chunks/node_modules_next_dist_client_17643121._.js:7741:50)
    at refreshDynamicData (https://localhost:3000/_next/static/chunks/node_modules_next_dist_client_17643121._.js:8347:58)
    at hmrRefreshReducer (https://localhost:3000/_next/static/chunks/node_modules_next_dist_client_17643121._.js:8513:51)
    at clientReducer (https://localhost:3000/_next/static/chunks/node_modules_next_dist_client_17643121._.js:9081:65)
    at Object.action (https://localhost:3000/_next/static/chunks/node_modules_next_dist_client_17643121._.js:9310:55)
    at runAction (https://localhost:3000/_next/static/chunks/node_modules_next_dist_client_17643121._.js:9215:38)
    at dispatchAction (https://localhost:3000/_next/static/chunks/node_modules_next_dist_client_17643121._.js:9278:9)
    at Object.dispatch (https://localhost:3000/_next/static/chunks/node_modules_next_dist_client_17643121._.js:9308:40)
    at https://localhost:3000/_next/static/chunks/node_modules_next_dist_client_17643121._.js:1489:29
    at startTransition (https://localhost:3000/_next/static/chunks/node_modules_next_dist_compiled_react-dom_1e674e59._.js:5500:31)
    at dispatch (https://localhost:3000/_next/static/chunks/node_modules_next_dist_client_17643121._.js:1488:13)
    at dispatchAppRouterAction (https://localhost:3000/_next/static/chunks/node_modules_next_dist_client_17643121._.js:1470:5)
    at https://localhost:3000/_next/static/chunks/node_modules_next_dist_client_17643121._.js:9439:61
    at startTransition (https://localhost:3000/_next/static/chunks/node_modules_next_dist_compiled_a0e4c7b4._.js:1279:31)
    at Object.hmrRefresh (https://localhost:3000/_next/static/chunks/node_modules_next_dist_client_17643121._.js:9438:40)
    at processMessage (https://localhost:3000/_next/static/chunks/node_modules_next_dist_client_17643121._.js:11636:67)
    at WebSocket.handleMessage (https://localhost:3000/_next/static/chunks/node_modules_next_dist_client_17643121._.js:10914:52) @ https://localhost:3000/_next/static/chunks/node_modules_next_dist_f3530cac._.js:3127
[  616431ms] [ERROR] Failed to load resource: net::ERR_CONNECTION_REFUSED @ https://localhost:3000/fixture-row-actions?__chunk_retry=1790579347781&_rsc=nx5w1:0
[  616431ms] [ERROR] Failed to fetch RSC payload for https://localhost:3000/fixture-row-actions?__chunk_retry=1790579347781. Falling back to browser navigation. TypeError: Failed to fetch
    at createFetch (https://localhost:3000/_next/static/chunks/node_modules_next_dist_client_17643121._.js:2588:24)
    at fetchServerResponse (https://localhost:3000/_next/static/chunks/node_modules_next_dist_client_17643121._.js:2490:27)
    at fetchMissingDynamicData (https://localhost:3000/_next/static/chunks/node_modules_next_dist_client_17643121._.js:3654:75)
    at spawnDynamicRequests (https://localhost:3000/_next/static/chunks/node_modules_next_dist_client_17643121._.js:3501:35)
    at navigateToSeededRoute (https://localhost:3000/_next/static/chunks/node_modules_next_dist_client_17643121._.js:7741:50)
    at refreshDynamicData (https://localhost:3000/_next/static/chunks/node_modules_next_dist_client_17643121._.js:8347:58)
    at hmrRefreshReducer (https://localhost:3000/_next/static/chunks/node_modules_next_dist_client_17643121._.js:8513:51)
    at clientReducer (https://localhost:3000/_next/static/chunks/node_modules_next_dist_client_17643121._.js:9081:65)
    at Object.action (https://localhost:3000/_next/static/chunks/node_modules_next_dist_client_17643121._.js:9310:55)
    at runAction (https://localhost:3000/_next/static/chunks/node_modules_next_dist_client_17643121._.js:9215:38)
    at dispatchAction (https://localhost:3000/_next/static/chunks/node_modules_next_dist_client_17643121._.js:9278:9)
    at Object.dispatch (https://localhost:3000/_next/static/chunks/node_modules_next_dist_client_17643121._.js:9308:40)
    at https://localhost:3000/_next/static/chunks/node_modules_next_dist_client_17643121._.js:1489:29
    at startTransition (https://localhost:3000/_next/static/chunks/node_modules_next_dist_compiled_react-dom_1e674e59._.js:5500:31)
    at dispatch (https://localhost:3000/_next/static/chunks/node_modules_next_dist_client_17643121._.js:1488:13)
    at dispatchAppRouterAction (https://localhost:3000/_next/static/chunks/node_modules_next_dist_client_17643121._.js:1470:5)
    at https://localhost:3000/_next/static/chunks/node_modules_next_dist_client_17643121._.js:9439:61
    at startTransition (https://localhost:3000/_next/static/chunks/node_modules_next_dist_compiled_a0e4c7b4._.js:1279:31)
    at Object.hmrRefresh (https://localhost:3000/_next/static/chunks/node_modules_next_dist_client_17643121._.js:9438:40)
    at processMessage (https://localhost:3000/_next/static/chunks/node_modules_next_dist_client_17643121._.js:11636:67)
    at WebSocket.handleMessage (https://localhost:3000/_next/static/chunks/node_modules_next_dist_client_17643121._.js:10914:52) @ https://localhost:3000/_next/static/chunks/node_modules_next_dist_f3530cac._.js:3127
[  616433ms] [ERROR] Failed to load resource: net::ERR_CONNECTION_REFUSED @ https://localhost:3000/fixture-row-actions?__chunk_retry=1790579347781&_rsc=nx5w1:0
[  616433ms] [ERROR] Failed to fetch RSC payload for https://localhost:3000/fixture-row-actions?__chunk_retry=1790579347781. Falling back to browser navigation. TypeError: Failed to fetch
    at createFetch (https://localhost:3000/_next/static/chunks/node_modules_next_dist_client_17643121._.js:2588:24)
    at fetchServerResponse (https://localhost:3000/_next/static/chunks/node_modules_next_dist_client_17643121._.js:2490:27)
    at fetchMissingDynamicData (https://localhost:3000/_next/static/chunks/node_modules_next_dist_client_17643121._.js:3654:75)
    at spawnDynamicRequests (https://localhost:3000/_next/static/chunks/node_modules_next_dist_client_17643121._.js:3501:35)
    at navigateToSeededRoute (https://localhost:3000/_next/static/chunks/node_modules_next_dist_client_17643121._.js:7741:50)
    at refreshDynamicData (https://localhost:3000/_next/static/chunks/node_modules_next_dist_client_17643121._.js:8347:58)
    at hmrRefreshReducer (https://localhost:3000/_next/static/chunks/node_modules_next_dist_client_17643121._.js:8513:51)
    at clientReducer (https://localhost:3000/_next/static/chunks/node_modules_next_dist_client_17643121._.js:9081:65)
    at Object.action (https://localhost:3000/_next/static/chunks/node_modules_next_dist_client_17643121._.js:9310:55)
    at runAction (https://localhost:3000/_next/static/chunks/node_modules_next_dist_client_17643121._.js:9215:38)
    at dispatchAction (https://localhost:3000/_next/static/chunks/node_modules_next_dist_client_17643121._.js:9278:9)
    at Object.dispatch (https://localhost:3000/_next/static/chunks/node_modules_next_dist_client_17643121._.js:9308:40)
    at https://localhost:3000/_next/static/chunks/node_modules_next_dist_client_17643121._.js:1489:29
    at startTransition (https://localhost:3000/_next/static/chunks/node_modules_next_dist_compiled_react-dom_1e674e59._.js:5500:31)
    at dispatch (https://localhost:3000/_next/static/chunks/node_modules_next_dist_client_17643121._.js:1488:13)
    at dispatchAppRouterAction (https://localhost:3000/_next/static/chunks/node_modules_next_dist_client_17643121._.js:1470:5)
    at https://localhost:3000/_next/static/chunks/node_modules_next_dist_client_17643121._.js:9439:61
    at startTransition (https://localhost:3000/_next/static/chunks/node_modules_next_dist_compiled_a0e4c7b4._.js:1279:31)
    at Object.hmrRefresh (https://localhost:3000/_next/static/chunks/node_modules_next_dist_client_17643121._.js:9438:40)
    at processMessage (https://localhost:3000/_next/static/chunks/node_modules_next_dist_client_17643121._.js:11636:67)
    at WebSocket.handleMessage (https://localhost:3000/_next/static/chunks/node_modules_next_dist_client_17643121._.js:10914:52) @ https://localhost:3000/_next/static/chunks/node_modules_next_dist_f3530cac._.js:3127
[  616504ms] [ERROR] Failed to load resource: net::ERR_CONNECTION_REFUSED @ https://localhost:3000/fixture-row-actions?__chunk_retry=1790579347781&_rsc=nx5w1:0
[  616504ms] [ERROR] Failed to fetch RSC payload for https://localhost:3000/fixture-row-actions?__chunk_retry=1790579347781. Falling back to browser navigation. TypeError: Failed to fetch
    at createFetch (https://localhost:3000/_next/static/chunks/node_modules_next_dist_client_17643121._.js:2588:24)
    at fetchServerResponse (https://localhost:3000/_next/static/chunks/node_modules_next_dist_client_17643121._.js:2490:27)
    at fetchMissingDynamicData (https://localhost:3000/_next/static/chunks/node_modules_next_dist_client_17643121._.js:3654:75)
    at spawnDynamicRequests (https://localhost:3000/_next/static/chunks/node_modules_next_dist_client_17643121._.js:3501:35)
    at navigateToSeededRoute (https://localhost:3000/_next/static/chunks/node_modules_next_dist_client_17643121._.js:7741:50)
    at refreshDynamicData (https://localhost:3000/_next/static/chunks/node_modules_next_dist_client_17643121._.js:8347:58)
    at hmrRefreshReducer (https://localhost:3000/_next/static/chunks/node_modules_next_dist_client_17643121._.js:8513:51)
    at clientReducer (https://localhost:3000/_next/static/chunks/node_modules_next_dist_client_17643121._.js:9081:65)
    at Object.action (https://localhost:3000/_next/static/chunks/node_modules_next_dist_client_17643121._.js:9310:55)
    at runAction (https://localhost:3000/_next/static/chunks/node_modules_next_dist_client_17643121._.js:9215:38)
    at dispatchAction (https://localhost:3000/_next/static/chunks/node_modules_next_dist_client_17643121._.js:9278:9)
    at Object.dispatch (https://localhost:3000/_next/static/chunks/node_modules_next_dist_client_17643121._.js:9308:40)
    at https://localhost:3000/_next/static/chunks/node_modules_next_dist_client_17643121._.js:1489:29
    at startTransition (https://localhost:3000/_next/static/chunks/node_modules_next_dist_compiled_react-dom_1e674e59._.js:5500:31)
    at dispatch (https://localhost:3000/_next/static/chunks/node_modules_next_dist_client_17643121._.js:1488:13)
    at dispatchAppRouterAction (https://localhost:3000/_next/static/chunks/node_modules_next_dist_client_17643121._.js:1470:5)
    at https://localhost:3000/_next/static/chunks/node_modules_next_dist_client_17643121._.js:9439:61
    at startTransition (https://localhost:3000/_next/static/chunks/node_modules_next_dist_compiled_a0e4c7b4._.js:1279:31)
    at Object.hmrRefresh (https://localhost:3000/_next/static/chunks/node_modules_next_dist_client_17643121._.js:9438:40)
    at processMessage (https://localhost:3000/_next/static/chunks/node_modules_next_dist_client_17643121._.js:11636:67)
    at WebSocket.handleMessage (https://localhost:3000/_next/static/chunks/node_modules_next_dist_client_17643121._.js:10914:52) @ https://localhost:3000/_next/static/chunks/node_modules_next_dist_f3530cac._.js:3127
[  616508ms] [ERROR] Failed to load resource: net::ERR_CONNECTION_REFUSED @ https://localhost:3000/fixture-row-actions?__chunk_retry=1790579347781&_rsc=nx5w1:0
[  616508ms] [ERROR] Failed to fetch RSC payload for https://localhost:3000/fixture-row-actions?__chunk_retry=1790579347781. Falling back to browser navigation. TypeError: Failed to fetch
    at createFetch (https://localhost:3000/_next/static/chunks/node_modules_next_dist_client_17643121._.js:2588:24)
    at fetchServerResponse (https://localhost:3000/_next/static/chunks/node_modules_next_dist_client_17643121._.js:2490:27)
    at fetchMissingDynamicData (https://localhost:3000/_next/static/chunks/node_modules_next_dist_client_17643121._.js:3654:75)
    at spawnDynamicRequests (https://localhost:3000/_next/static/chunks/node_modules_next_dist_client_17643121._.js:3501:35)
    at navigateToSeededRoute (https://localhost:3000/_next/static/chunks/node_modules_next_dist_client_17643121._.js:7741:50)
    at refreshDynamicData (https://localhost:3000/_next/static/chunks/node_modules_next_dist_client_17643121._.js:8347:58)
    at hmrRefreshReducer (https://localhost:3000/_next/static/chunks/node_modules_next_dist_client_17643121._.js:8513:51)
    at clientReducer (https://localhost:3000/_next/static/chunks/node_modules_next_dist_client_17643121._.js:9081:65)
    at Object.action (https://localhost:3000/_next/static/chunks/node_modules_next_dist_client_17643121._.js:9310:55)
    at runAction (https://localhost:3000/_next/static/chunks/node_modules_next_dist_client_17643121._.js:9215:38)
    at dispatchAction (https://localhost:3000/_next/static/chunks/node_modules_next_dist_client_17643121._.js:9278:9)
    at Object.dispatch (https://localhost:3000/_next/static/chunks/node_modules_next_dist_client_17643121._.js:9308:40)
    at https://localhost:3000/_next/static/chunks/node_modules_next_dist_client_17643121._.js:1489:29
    at startTransition (https://localhost:3000/_next/static/chunks/node_modules_next_dist_compiled_react-dom_1e674e59._.js:5500:31)
    at dispatch (https://localhost:3000/_next/static/chunks/node_modules_next_dist_client_17643121._.js:1488:13)
    at dispatchAppRouterAction (https://localhost:3000/_next/static/chunks/node_modules_next_dist_client_17643121._.js:1470:5)
    at https://localhost:3000/_next/static/chunks/node_modules_next_dist_client_17643121._.js:9439:61
    at startTransition (https://localhost:3000/_next/static/chunks/node_modules_next_dist_compiled_a0e4c7b4._.js:1279:31)
    at Object.hmrRefresh (https://localhost:3000/_next/static/chunks/node_modules_next_dist_client_17643121._.js:9438:40)
    at processMessage (https://localhost:3000/_next/static/chunks/node_modules_next_dist_client_17643121._.js:11636:67)
    at WebSocket.handleMessage (https://localhost:3000/_next/static/chunks/node_modules_next_dist_client_17643121._.js:10914:52) @ https://localhost:3000/_next/static/chunks/node_modules_next_dist_f3530cac._.js:3127
[  616520ms] [ERROR] Failed to load resource: net::ERR_CONNECTION_REFUSED @ https://localhost:3000/fixture-row-actions?__chunk_retry=1790579347781&_rsc=nx5w1:0
[  616520ms] [ERROR] Failed to fetch RSC payload for https://localhost:3000/fixture-row-actions?__chunk_retry=1790579347781. Falling back to browser navigation. TypeError: Failed to fetch
    at createFetch (https://localhost:3000/_next/static/chunks/node_modules_next_dist_client_17643121._.js:2588:24)
    at fetchServerResponse (https://localhost:3000/_next/static/chunks/node_modules_next_dist_client_17643121._.js:2490:27)
    at fetchMissingDynamicData (https://localhost:3000/_next/static/chunks/node_modules_next_dist_client_17643121._.js:3654:75)
    at spawnDynamicRequests (https://localhost:3000/_next/static/chunks/node_modules_next_dist_client_17643121._.js:3501:35)
    at navigateToSeededRoute (https://localhost:3000/_next/static/chunks/node_modules_next_dist_client_17643121._.js:7741:50)
    at refreshDynamicData (https://localhost:3000/_next/static/chunks/node_modules_next_dist_client_17643121._.js:8347:58)
    at hmrRefreshReducer (https://localhost:3000/_next/static/chunks/node_modules_next_dist_client_17643121._.js:8513:51)
    at clientReducer (https://localhost:3000/_next/static/chunks/node_modules_next_dist_client_17643121._.js:9081:65)
    at Object.action (https://localhost:3000/_next/static/chunks/node_modules_next_dist_client_17643121._.js:9310:55)
    at runAction (https://localhost:3000/_next/static/chunks/node_modules_next_dist_client_17643121._.js:9215:38)
    at dispatchAction (https://localhost:3000/_next/static/chunks/node_modules_next_dist_client_17643121._.js:9278:9)
    at Object.dispatch (https://localhost:3000/_next/static/chunks/node_modules_next_dist_client_17643121._.js:9308:40)
    at https://localhost:3000/_next/static/chunks/node_modules_next_dist_client_17643121._.js:1489:29
    at startTransition (https://localhost:3000/_next/static/chunks/node_modules_next_dist_compiled_react-dom_1e674e59._.js:5500:31)
    at dispatch (https://localhost:3000/_next/static/chunks/node_modules_next_dist_client_17643121._.js:1488:13)
    at dispatchAppRouterAction (https://localhost:3000/_next/static/chunks/node_modules_next_dist_client_17643121._.js:1470:5)
    at https://localhost:3000/_next/static/chunks/node_modules_next_dist_client_17643121._.js:9439:61
    at startTransition (https://localhost:3000/_next/static/chunks/node_modules_next_dist_compiled_a0e4c7b4._.js:1279:31)
    at Object.hmrRefresh (https://localhost:3000/_next/static/chunks/node_modules_next_dist_client_17643121._.js:9438:40)
    at processMessage (https://localhost:3000/_next/static/chunks/node_modules_next_dist_client_17643121._.js:11636:67)
    at WebSocket.handleMessage (https://localhost:3000/_next/static/chunks/node_modules_next_dist_client_17643121._.js:10914:52) @ https://localhost:3000/_next/static/chunks/node_modules_next_dist_f3530cac._.js:3127
[  616524ms] [ERROR] Failed to load resource: net::ERR_CONNECTION_REFUSED @ https://localhost:3000/fixture-row-actions?__chunk_retry=1790579347781&_rsc=nx5w1:0
[  616524ms] [ERROR] Failed to fetch RSC payload for https://localhost:3000/fixture-row-actions?__chunk_retry=1790579347781. Falling back to browser navigation. TypeError: Failed to fetch
    at createFetch (https://localhost:3000/_next/static/chunks/node_modules_next_dist_client_17643121._.js:2588:24)
    at fetchServerResponse (https://localhost:3000/_next/static/chunks/node_modules_next_dist_client_17643121._.js:2490:27)
    at fetchMissingDynamicData (https://localhost:3000/_next/static/chunks/node_modules_next_dist_client_17643121._.js:3654:75)
    at spawnDynamicRequests (https://localhost:3000/_next/static/chunks/node_modules_next_dist_client_17643121._.js:3501:35)
    at navigateToSeededRoute (https://localhost:3000/_next/static/chunks/node_modules_next_dist_client_17643121._.js:7741:50)
    at refreshDynamicData (https://localhost:3000/_next/static/chunks/node_modules_next_dist_client_17643121._.js:8347:58)
    at hmrRefreshReducer (https://localhost:3000/_next/static/chunks/node_modules_next_dist_client_17643121._.js:8513:51)
    at clientReducer (https://localhost:3000/_next/static/chunks/node_modules_next_dist_client_17643121._.js:9081:65)
    at Object.action (https://localhost:3000/_next/static/chunks/node_modules_next_dist_client_17643121._.js:9310:55)
    at runAction (https://localhost:3000/_next/static/chunks/node_modules_next_dist_client_17643121._.js:9215:38)
    at dispatchAction (https://localhost:3000/_next/static/chunks/node_modules_next_dist_client_17643121._.js:9278:9)
    at Object.dispatch (https://localhost:3000/_next/static/chunks/node_modules_next_dist_client_17643121._.js:9308:40)
    at https://localhost:3000/_next/static/chunks/node_modules_next_dist_client_17643121._.js:1489:29
    at startTransition (https://localhost:3000/_next/static/chunks/node_modules_next_dist_compiled_react-dom_1e674e59._.js:5500:31)
    at dispatch (https://localhost:3000/_next/static/chunks/node_modules_next_dist_client_17643121._.js:1488:13)
    at dispatchAppRouterAction (https://localhost:3000/_next/static/chunks/node_modules_next_dist_client_17643121._.js:1470:5)
    at https://localhost:3000/_next/static/chunks/node_modules_next_dist_client_17643121._.js:9439:61
    at startTransition (https://localhost:3000/_next/static/chunks/node_modules_next_dist_compiled_a0e4c7b4._.js:1279:31)
    at Object.hmrRefresh (https://localhost:3000/_next/static/chunks/node_modules_next_dist_client_17643121._.js:9438:40)
    at processMessage (https://localhost:3000/_next/static/chunks/node_modules_next_dist_client_17643121._.js:11636:67)
    at WebSocket.handleMessage (https://localhost:3000/_next/static/chunks/node_modules_next_dist_client_17643121._.js:10914:52) @ https://localhost:3000/_next/static/chunks/node_modules_next_dist_f3530cac._.js:3127
[  616527ms] [ERROR] Failed to load resource: net::ERR_CONNECTION_REFUSED @ https://localhost:3000/fixture-row-actions?__chunk_retry=1790579347781&_rsc=nx5w1:0
[  616527ms] [ERROR] Failed to fetch RSC payload for https://localhost:3000/fixture-row-actions?__chunk_retry=1790579347781. Falling back to browser navigation. TypeError: Failed to fetch
    at createFetch (https://localhost:3000/_next/static/chunks/node_modules_next_dist_client_17643121._.js:2588:24)
    at fetchServerResponse (https://localhost:3000/_next/static/chunks/node_modules_next_dist_client_17643121._.js:2490:27)
    at fetchMissingDynamicData (https://localhost:3000/_next/static/chunks/node_modules_next_dist_client_17643121._.js:3654:75)
    at spawnDynamicRequests (https://localhost:3000/_next/static/chunks/node_modules_next_dist_client_17643121._.js:3501:35)
    at navigateToSeededRoute (https://localhost:3000/_next/static/chunks/node_modules_next_dist_client_17643121._.js:7741:50)
    at refreshDynamicData (https://localhost:3000/_next/static/chunks/node_modules_next_dist_client_17643121._.js:8347:58)
    at hmrRefreshReducer (https://localhost:3000/_next/static/chunks/node_modules_next_dist_client_17643121._.js:8513:51)
    at clientReducer (https://localhost:3000/_next/static/chunks/node_modules_next_dist_client_17643121._.js:9081:65)
    at Object.action (https://localhost:3000/_next/static/chunks/node_modules_next_dist_client_17643121._.js:9310:55)
    at runAction (https://localhost:3000/_next/static/chunks/node_modules_next_dist_client_17643121._.js:9215:38)
    at dispatchAction (https://localhost:3000/_next/static/chunks/node_modules_next_dist_client_17643121._.js:9278:9)
    at Object.dispatch (https://localhost:3000/_next/static/chunks/node_modules_next_dist_client_17643121._.js:9308:40)
    at https://localhost:3000/_next/static/chunks/node_modules_next_dist_client_17643121._.js:1489:29
    at startTransition (https://localhost:3000/_next/static/chunks/node_modules_next_dist_compiled_react-dom_1e674e59._.js:5500:31)
    at dispatch (https://localhost:3000/_next/static/chunks/node_modules_next_dist_client_17643121._.js:1488:13)
    at dispatchAppRouterAction (https://localhost:3000/_next/static/chunks/node_modules_next_dist_client_17643121._.js:1470:5)
    at https://localhost:3000/_next/static/chunks/node_modules_next_dist_client_17643121._.js:9439:61
    at startTransition (https://localhost:3000/_next/static/chunks/node_modules_next_dist_compiled_a0e4c7b4._.js:1279:31)
    at Object.hmrRefresh (https://localhost:3000/_next/static/chunks/node_modules_next_dist_client_17643121._.js:9438:40)
    at processMessage (https://localhost:3000/_next/static/chunks/node_modules_next_dist_client_17643121._.js:11636:67)
    at WebSocket.handleMessage (https://localhost:3000/_next/static/chunks/node_modules_next_dist_client_17643121._.js:10914:52) @ https://localhost:3000/_next/static/chunks/node_modules_next_dist_f3530cac._.js:3127
[  616534ms] [ERROR] Failed to load resource: net::ERR_CONNECTION_REFUSED @ https://localhost:3000/fixture-row-actions?__chunk_retry=1790579347781&_rsc=nx5w1:0
[  616535ms] [ERROR] Failed to fetch RSC payload for https://localhost:3000/fixture-row-actions?__chunk_retry=1790579347781. Falling back to browser navigation. TypeError: Failed to fetch
    at createFetch (https://localhost:3000/_next/static/chunks/node_modules_next_dist_client_17643121._.js:2588:24)
    at fetchServerResponse (https://localhost:3000/_next/static/chunks/node_modules_next_dist_client_17643121._.js:2490:27)
    at fetchMissingDynamicData (https://localhost:3000/_next/static/chunks/node_modules_next_dist_client_17643121._.js:3654:75)
    at spawnDynamicRequests (https://localhost:3000/_next/static/chunks/node_modules_next_dist_client_17643121._.js:3501:35)
    at navigateToSeededRoute (https://localhost:3000/_next/static/chunks/node_modules_next_dist_client_17643121._.js:7741:50)
    at refreshDynamicData (https://localhost:3000/_next/static/chunks/node_modules_next_dist_client_17643121._.js:8347:58)
    at hmrRefreshReducer (https://localhost:3000/_next/static/chunks/node_modules_next_dist_client_17643121._.js:8513:51)
    at clientReducer (https://localhost:3000/_next/static/chunks/node_modules_next_dist_client_17643121._.js:9081:65)
    at Object.action (https://localhost:3000/_next/static/chunks/node_modules_next_dist_client_17643121._.js:9310:55)
    at runAction (https://localhost:3000/_next/static/chunks/node_modules_next_dist_client_17643121._.js:9215:38)
    at dispatchAction (https://localhost:3000/_next/static/chunks/node_modules_next_dist_client_17643121._.js:9278:9)
    at Object.dispatch (https://localhost:3000/_next/static/chunks/node_modules_next_dist_client_17643121._.js:9308:40)
    at https://localhost:3000/_next/static/chunks/node_modules_next_dist_client_17643121._.js:1489:29
    at startTransition (https://localhost:3000/_next/static/chunks/node_modules_next_dist_compiled_react-dom_1e674e59._.js:5500:31)
    at dispatch (https://localhost:3000/_next/static/chunks/node_modules_next_dist_client_17643121._.js:1488:13)
    at dispatchAppRouterAction (https://localhost:3000/_next/static/chunks/node_modules_next_dist_client_17643121._.js:1470:5)
    at https://localhost:3000/_next/static/chunks/node_modules_next_dist_client_17643121._.js:9439:61
    at startTransition (https://localhost:3000/_next/static/chunks/node_modules_next_dist_compiled_a0e4c7b4._.js:1279:31)
    at Object.hmrRefresh (https://localhost:3000/_next/static/chunks/node_modules_next_dist_client_17643121._.js:9438:40)
    at processMessage (https://localhost:3000/_next/static/chunks/node_modules_next_dist_client_17643121._.js:11636:67)
    at WebSocket.handleMessage (https://localhost:3000/_next/static/chunks/node_modules_next_dist_client_17643121._.js:10914:52) @ https://localhost:3000/_next/static/chunks/node_modules_next_dist_f3530cac._.js:3127
[  616537ms] [ERROR] Failed to load resource: net::ERR_CONNECTION_REFUSED @ https://localhost:3000/__nextjs_original-stack-frames:0
[  616545ms] [ERROR] Failed to load resource: net::ERR_CONNECTION_REFUSED @ https://localhost:3000/fixture-row-actions?__chunk_retry=1790579347781&_rsc=nx5w1:0
[  616545ms] [ERROR] Failed to fetch RSC payload for https://localhost:3000/fixture-row-actions?__chunk_retry=1790579347781. Falling back to browser navigation. TypeError: Failed to fetch
    at createFetch (https://localhost:3000/_next/static/chunks/node_modules_next_dist_client_17643121._.js:2588:24)
    at fetchServerResponse (https://localhost:3000/_next/static/chunks/node_modules_next_dist_client_17643121._.js:2490:27)
    at fetchMissingDynamicData (https://localhost:3000/_next/static/chunks/node_modules_next_dist_client_17643121._.js:3654:75)
    at spawnDynamicRequests (https://localhost:3000/_next/static/chunks/node_modules_next_dist_client_17643121._.js:3501:35)
    at navigateToSeededRoute (https://localhost:3000/_next/static/chunks/node_modules_next_dist_client_17643121._.js:7741:50)
    at refreshDynamicData (https://localhost:3000/_next/static/chunks/node_modules_next_dist_client_17643121._.js:8347:58)
    at hmrRefreshReducer (https://localhost:3000/_next/static/chunks/node_modules_next_dist_client_17643121._.js:8513:51)
    at clientReducer (https://localhost:3000/_next/static/chunks/node_modules_next_dist_client_17643121._.js:9081:65)
    at Object.action (https://localhost:3000/_next/static/chunks/node_modules_next_dist_client_17643121._.js:9310:55)
    at runAction (https://localhost:3000/_next/static/chunks/node_modules_next_dist_client_17643121._.js:9215:38)
    at dispatchAction (https://localhost:3000/_next/static/chunks/node_modules_next_dist_client_17643121._.js:9278:9)
    at Object.dispatch (https://localhost:3000/_next/static/chunks/node_modules_next_dist_client_17643121._.js:9308:40)
    at https://localhost:3000/_next/static/chunks/node_modules_next_dist_client_17643121._.js:1489:29
    at startTransition (https://localhost:3000/_next/static/chunks/node_modules_next_dist_compiled_react-dom_1e674e59._.js:5500:31)
    at dispatch (https://localhost:3000/_next/static/chunks/node_modules_next_dist_client_17643121._.js:1488:13)
    at dispatchAppRouterAction (https://localhost:3000/_next/static/chunks/node_modules_next_dist_client_17643121._.js:1470:5)
    at https://localhost:3000/_next/static/chunks/node_modules_next_dist_client_17643121._.js:9439:61
    at startTransition (https://localhost:3000/_next/static/chunks/node_modules_next_dist_compiled_a0e4c7b4._.js:1279:31)
    at Object.hmrRefresh (https://localhost:3000/_next/static/chunks/node_modules_next_dist_client_17643121._.js:9438:40)
    at processMessage (https://localhost:3000/_next/static/chunks/node_modules_next_dist_client_17643121._.js:11636:67)
    at WebSocket.handleMessage (https://localhost:3000/_next/static/chunks/node_modules_next_dist_client_17643121._.js:10914:52) @ https://localhost:3000/_next/static/chunks/node_modules_next_dist_f3530cac._.js:3127
[  616553ms] [ERROR] Failed to load resource: net::ERR_CONNECTION_REFUSED @ https://localhost:3000/__nextjs_original-stack-frames:0
[  616557ms] [ERROR] Failed to load resource: net::ERR_CONNECTION_REFUSED @ https://localhost:3000/fixture-row-actions?__chunk_retry=1790579347781&_rsc=nx5w1:0
[  616557ms] [ERROR] Failed to fetch RSC payload for https://localhost:3000/fixture-row-actions?__chunk_retry=1790579347781. Falling back to browser navigation. TypeError: Failed to fetch
    at createFetch (https://localhost:3000/_next/static/chunks/node_modules_next_dist_client_17643121._.js:2588:24)
    at fetchServerResponse (https://localhost:3000/_next/static/chunks/node_modules_next_dist_client_17643121._.js:2490:27)
    at fetchMissingDynamicData (https://localhost:3000/_next/static/chunks/node_modules_next_dist_client_17643121._.js:3654:75)
    at spawnDynamicRequests (https://localhost:3000/_next/static/chunks/node_modules_next_dist_client_17643121._.js:3501:35)
    at navigateToSeededRoute (https://localhost:3000/_next/static/chunks/node_modules_next_dist_client_17643121._.js:7741:50)
    at refreshDynamicData (https://localhost:3000/_next/static/chunks/node_modules_next_dist_client_17643121._.js:8347:58)
    at hmrRefreshReducer (https://localhost:3000/_next/static/chunks/node_modules_next_dist_client_17643121._.js:8513:51)
    at clientReducer (https://localhost:3000/_next/static/chunks/node_modules_next_dist_client_17643121._.js:9081:65)
    at Object.action (https://localhost:3000/_next/static/chunks/node_modules_next_dist_client_17643121._.js:9310:55)
    at runAction (https://localhost:3000/_next/static/chunks/node_modules_next_dist_client_17643121._.js:9215:38)
    at dispatchAction (https://localhost:3000/_next/static/chunks/node_modules_next_dist_client_17643121._.js:9278:9)
    at Object.dispatch (https://localhost:3000/_next/static/chunks/node_modules_next_dist_client_17643121._.js:9308:40)
    at https://localhost:3000/_next/static/chunks/node_modules_next_dist_client_17643121._.js:1489:29
    at startTransition (https://localhost:3000/_next/static/chunks/node_modules_next_dist_compiled_react-dom_1e674e59._.js:5500:31)
    at dispatch (https://localhost:3000/_next/static/chunks/node_modules_next_dist_client_17643121._.js:1488:13)
    at dispatchAppRouterAction (https://localhost:3000/_next/static/chunks/node_modules_next_dist_client_17643121._.js:1470:5)
    at https://localhost:3000/_next/static/chunks/node_modules_next_dist_client_17643121._.js:9439:61
    at startTransition (https://localhost:3000/_next/static/chunks/node_modules_next_dist_compiled_a0e4c7b4._.js:1279:31)
    at Object.hmrRefresh (https://localhost:3000/_next/static/chunks/node_modules_next_dist_client_17643121._.js:9438:40)
    at processMessage (https://localhost:3000/_next/static/chunks/node_modules_next_dist_client_17643121._.js:11636:67)
    at WebSocket.handleMessage (https://localhost:3000/_next/static/chunks/node_modules_next_dist_client_17643121._.js:10914:52) @ https://localhost:3000/_next/static/chunks/node_modules_next_dist_f3530cac._.js:3127
[  616588ms] [ERROR] Failed to load resource: net::ERR_CONNECTION_REFUSED @ https://localhost:3000/fixture-row-actions?__chunk_retry=1790579347781&_rsc=nx5w1:0
[ 1024533ms] [ERROR] Failed to load resource: the server responded with a status of 404 (Not Found) @ https://localhost:3000/fixture-row-actions?__chunk_retry=1790579347781:0
[ 1025204ms] [INFO] %cDownload the React DevTools for a better development experience: https://react.dev/link/react-devtools font-weight:bold @ https://localhost:3000/_next/static/chunks/node_modules_next_dist_f3530cac._.js:2297
[ 1025362ms] [LOG] [HMR] connected @ https://localhost:3000/_next/static/chunks/node_modules_next_dist_f3530cac._.js:2297
[ 1025534ms] [LOG] [Fast Refresh] rebuilding @ https://localhost:3000/_next/static/chunks/node_modules_next_dist_f3530cac._.js:2297
[ 1025566ms] [LOG] [Fast Refresh] done in 154ms @ https://localhost:3000/_next/static/chunks/node_modules_next_dist_f3530cac._.js:2297
[ 1025684ms] [LOG] [Fast Refresh] rebuilding @ https://localhost:3000/_next/static/chunks/node_modules_next_dist_f3530cac._.js:2297
[ 1026115ms] [LOG] [Fast Refresh] done in 548ms @ https://localhost:3000/_next/static/chunks/node_modules_next_dist_f3530cac._.js:2297
[ 1225238ms] [LOG] [Fast Refresh] rebuilding @ https://localhost:3000/_next/static/chunks/node_modules_next_dist_f3530cac._.js:2297
[ 1225886ms] [LOG] [Fast Refresh] done in 749ms @ https://localhost:3000/_next/static/chunks/node_modules_next_dist_f3530cac._.js:2297
[ 1235406ms] [LOG] [Fast Refresh] rebuilding @ https://localhost:3000/_next/static/chunks/node_modules_next_dist_f3530cac._.js:2297
[ 1235873ms] [LOG] [Fast Refresh] done in 577ms @ https://localhost:3000/_next/static/chunks/node_modules_next_dist_f3530cac._.js:2297
[ 1353287ms] [LOG] [Fast Refresh] rebuilding @ https://localhost:3000/_next/static/chunks/node_modules_next_dist_f3530cac._.js:2297
[ 1353315ms] [LOG] [Fast Refresh] done in 129ms @ https://localhost:3000/_next/static/chunks/node_modules_next_dist_f3530cac._.js:2297
[ 1575794ms] [LOG] [Fast Refresh] rebuilding @ https://localhost:3000/_next/static/chunks/node_modules_next_dist_f3530cac._.js:2297
[ 1577101ms] [LOG] [Fast Refresh] done in 1397ms @ https://localhost:3000/_next/static/chunks/node_modules_next_dist_f3530cac._.js:2297
[ 1731955ms] [LOG] [Fast Refresh] rebuilding @ https://localhost:3000/_next/static/chunks/node_modules_next_dist_f3530cac._.js:2297
[ 1733024ms] [LOG] [Fast Refresh] done in 1149ms @ https://localhost:3000/_next/static/chunks/node_modules_next_dist_f3530cac._.js:2297
[ 1752549ms] [LOG] [Fast Refresh] rebuilding @ https://localhost:3000/_next/static/chunks/node_modules_next_dist_f3530cac._.js:2297
[ 1762583ms] [LOG] [Fast Refresh] done in 10139ms @ https://localhost:3000/_next/static/chunks/node_modules_next_dist_f3530cac._.js:2297
[ 1763465ms] [LOG] [Fast Refresh] rebuilding @ https://localhost:3000/_next/static/chunks/node_modules_next_dist_f3530cac._.js:2297
[ 1763597ms] [LOG] [Fast Refresh] done in 238ms @ https://localhost:3000/_next/static/chunks/node_modules_next_dist_f3530cac._.js:2297
[ 1773536ms] [LOG] [Fast Refresh] rebuilding @ https://localhost:3000/_next/static/chunks/node_modules_next_dist_f3530cac._.js:2297
[ 1773618ms] [LOG] [Fast Refresh] done in 188ms @ https://localhost:3000/_next/static/chunks/node_modules_next_dist_f3530cac._.js:2297
[ 1954151ms] [LOG] [Fast Refresh] rebuilding @ https://localhost:3000/_next/static/chunks/node_modules_next_dist_f3530cac._.js:2297
[ 1954617ms] [LOG] [Fast Refresh] done in 569ms @ https://localhost:3000/_next/static/chunks/node_modules_next_dist_f3530cac._.js:2297
[ 1955221ms] [LOG] [Fast Refresh] rebuilding @ https://localhost:3000/_next/static/chunks/node_modules_next_dist_f3530cac._.js:2297
[ 1955753ms] [LOG] [Fast Refresh] done in 609ms @ https://localhost:3000/_next/static/chunks/node_modules_next_dist_f3530cac._.js:2297
[ 1956256ms] [LOG] [Fast Refresh] rebuilding @ https://localhost:3000/_next/static/chunks/node_modules_next_dist_f3530cac._.js:2297
[ 1956985ms] [LOG] [Fast Refresh] done in 818ms @ https://localhost:3000/_next/static/chunks/node_modules_next_dist_f3530cac._.js:2297
[ 1964517ms] [LOG] [Fast Refresh] rebuilding @ https://localhost:3000/_next/static/chunks/node_modules_next_dist_f3530cac._.js:2297
[ 1966087ms] [LOG] [Fast Refresh] done in 1656ms @ https://localhost:3000/_next/static/chunks/node_modules_next_dist_f3530cac._.js:2297
[ 1986237ms] [LOG] [Fast Refresh] rebuilding @ https://localhost:3000/_next/static/chunks/node_modules_next_dist_f3530cac._.js:2297
[ 1986935ms] [LOG] [Fast Refresh] done in 787ms @ https://localhost:3000/_next/static/chunks/node_modules_next_dist_f3530cac._.js:2297
[ 1987279ms] [LOG] [Fast Refresh] rebuilding @ https://localhost:3000/_next/static/chunks/node_modules_next_dist_f3530cac._.js:2297
[ 1987761ms] [LOG] [Fast Refresh] done in 575ms @ https://localhost:3000/_next/static/chunks/node_modules_next_dist_f3530cac._.js:2297
[ 1988326ms] [LOG] [Fast Refresh] rebuilding @ https://localhost:3000/_next/static/chunks/node_modules_next_dist_f3530cac._.js:2297
[ 1988848ms] [LOG] [Fast Refresh] done in 607ms @ https://localhost:3000/_next/static/chunks/node_modules_next_dist_f3530cac._.js:2297
[ 1989375ms] [LOG] [Fast Refresh] rebuilding @ https://localhost:3000/_next/static/chunks/node_modules_next_dist_f3530cac._.js:2297
[ 1989882ms] [LOG] [Fast Refresh] done in 609ms @ https://localhost:3000/_next/static/chunks/node_modules_next_dist_f3530cac._.js:2297
[ 1990444ms] [LOG] [Fast Refresh] rebuilding @ https://localhost:3000/_next/static/chunks/node_modules_next_dist_f3530cac._.js:2297
[ 1990959ms] [LOG] [Fast Refresh] done in 603ms @ https://localhost:3000/_next/static/chunks/node_modules_next_dist_f3530cac._.js:2297
[ 2062161ms] [LOG] [Fast Refresh] rebuilding @ https://localhost:3000/_next/static/chunks/node_modules_next_dist_f3530cac._.js:2297
[ 2063165ms] [ERROR] Failed to load resource: the server responded with a status of 404 (Not Found) @ https://localhost:3000/fixture-row-actions?__chunk_retry=1790579347781&_rsc=nx5w1:0
[ 2063179ms] [LOG] [Fast Refresh] done in 1115ms @ https://localhost:3000/_next/static/chunks/node_modules_next_dist_f3530cac._.js:2297
[ 2063428ms] [LOG] [Fast Refresh] rebuilding @ https://localhost:3000/_next/static/chunks/node_modules_next_dist_f3530cac._.js:2297
[ 2063580ms] [ERROR] Failed to load resource: the server responded with a status of 404 (Not Found) @ https://localhost:3000/fixture-row-actions?__chunk_retry=1790579347781&_rsc=nx5w1:0
[ 2063588ms] [LOG] [Fast Refresh] done in 273ms @ https://localhost:3000/_next/static/chunks/node_modules_next_dist_f3530cac._.js:2297
[ 2063712ms] [ERROR] Failed to load resource: the server responded with a status of 404 (Not Found) @ https://localhost:3000/fixture-row-actions?__chunk_retry=1790579347781:0
[ 2064500ms] [INFO] %cDownload the React DevTools for a better development experience: https://react.dev/link/react-devtools font-weight:bold @ https://localhost:3000/_next/static/chunks/node_modules_next_dist_f3530cac._.js:2297
[ 2064844ms] [LOG] [HMR] connected @ https://localhost:3000/_next/static/chunks/node_modules_next_dist_f3530cac._.js:2297
[ 2070980ms] [LOG] [Fast Refresh] rebuilding @ https://localhost:3000/_next/static/chunks/node_modules_next_dist_f3530cac._.js:2297
[ 2071686ms] [LOG] [Fast Refresh] done in 814ms @ https://localhost:3000/_next/static/chunks/node_modules_next_dist_f3530cac._.js:2297
[ 2076499ms] [LOG] [Fast Refresh] rebuilding @ https://localhost:3000/_next/static/chunks/node_modules_next_dist_f3530cac._.js:2297
[ 2077503ms] [LOG] [Fast Refresh] done in 1117ms @ https://localhost:3000/_next/static/chunks/node_modules_next_dist_f3530cac._.js:2297
[ 2084489ms] [LOG] [Fast Refresh] rebuilding @ https://localhost:3000/_next/static/chunks/node_modules_next_dist_f3530cac._.js:2297
[ 2085942ms] [LOG] [Fast Refresh] done in 1557ms @ https://localhost:3000/_next/static/chunks/node_modules_next_dist_f3530cac._.js:2297
[ 2110982ms] [LOG] [Fast Refresh] rebuilding @ https://localhost:3000/_next/static/chunks/node_modules_next_dist_f3530cac._.js:2297
[ 2111801ms] [LOG] [Fast Refresh] done in 902ms @ https://localhost:3000/_next/static/chunks/node_modules_next_dist_f3530cac._.js:2297
[ 2112402ms] [LOG] [Fast Refresh] rebuilding @ https://localhost:3000/_next/static/chunks/node_modules_next_dist_f3530cac._.js:2297
[ 2112666ms] [LOG] [Fast Refresh] done in 379ms @ https://localhost:3000/_next/static/chunks/node_modules_next_dist_f3530cac._.js:2297
[ 2115238ms] [LOG] [Fast Refresh] rebuilding @ https://localhost:3000/_next/static/chunks/node_modules_next_dist_f3530cac._.js:2297
[ 2115908ms] [LOG] [Fast Refresh] done in 774ms @ https://localhost:3000/_next/static/chunks/node_modules_next_dist_f3530cac._.js:2297
[ 2130440ms] [LOG] [Fast Refresh] rebuilding @ https://localhost:3000/_next/static/chunks/node_modules_next_dist_f3530cac._.js:2297
[ 2131882ms] [ERROR] Failed to load resource: net::ERR_CONNECTION_RESET @ https://localhost:3000/fixture-row-actions?__chunk_retry=1790579347781&_rsc=nx5w1:0
[ 2131886ms] [ERROR] Failed to fetch RSC payload for https://localhost:3000/fixture-row-actions?__chunk_retry=1790579347781. Falling back to browser navigation. TypeError: Failed to fetch
    at createFetch (https://localhost:3000/_next/static/chunks/node_modules_next_dist_client_17643121._.js:2588:24)
    at fetchServerResponse (https://localhost:3000/_next/static/chunks/node_modules_next_dist_client_17643121._.js:2490:27)
    at fetchMissingDynamicData (https://localhost:3000/_next/static/chunks/node_modules_next_dist_client_17643121._.js:3654:75)
    at spawnDynamicRequests (https://localhost:3000/_next/static/chunks/node_modules_next_dist_client_17643121._.js:3501:35)
    at navigateToSeededRoute (https://localhost:3000/_next/static/chunks/node_modules_next_dist_client_17643121._.js:7741:50)
    at refreshDynamicData (https://localhost:3000/_next/static/chunks/node_modules_next_dist_client_17643121._.js:8347:58)
    at hmrRefreshReducer (https://localhost:3000/_next/static/chunks/node_modules_next_dist_client_17643121._.js:8513:51)
    at clientReducer (https://localhost:3000/_next/static/chunks/node_modules_next_dist_client_17643121._.js:9081:65)
    at Object.action (https://localhost:3000/_next/static/chunks/node_modules_next_dist_client_17643121._.js:9310:55)
    at runAction (https://localhost:3000/_next/static/chunks/node_modules_next_dist_client_17643121._.js:9215:38)
    at dispatchAction (https://localhost:3000/_next/static/chunks/node_modules_next_dist_client_17643121._.js:9278:9)
    at Object.dispatch (https://localhost:3000/_next/static/chunks/node_modules_next_dist_client_17643121._.js:9308:40)
    at https://localhost:3000/_next/static/chunks/node_modules_next_dist_client_17643121._.js:1489:29
    at startTransition (https://localhost:3000/_next/static/chunks/node_modules_next_dist_compiled_react-dom_1e674e59._.js:5500:31)
    at dispatch (https://localhost:3000/_next/static/chunks/node_modules_next_dist_client_17643121._.js:1488:13)
    at dispatchAppRouterAction (https://localhost:3000/_next/static/chunks/node_modules_next_dist_client_17643121._.js:1470:5)
    at https://localhost:3000/_next/static/chunks/node_modules_next_dist_client_17643121._.js:9439:61
    at startTransition (https://localhost:3000/_next/static/chunks/node_modules_next_dist_compiled_a0e4c7b4._.js:1279:31)
    at Object.hmrRefresh (https://localhost:3000/_next/static/chunks/node_modules_next_dist_client_17643121._.js:9438:40)
    at https://localhost:3000/_next/static/chunks/node_modules_next_dist_client_17643121._.js:11613:64
    at startTransition (https://localhost:3000/_next/static/chunks/node_modules_next_dist_compiled_a0e4c7b4._.js:1279:31)
    at processMessage (https://localhost:3000/_next/static/chunks/node_modules_next_dist_client_17643121._.js:11612:44)
    at WebSocket.handleMessage (https://localhost:3000/_next/static/chunks/node_modules_next_dist_client_17643121._.js:10914:52) @ https://localhost:3000/_next/static/chunks/node_modules_next_dist_f3530cac._.js:3127
[ 2131893ms] [ERROR] Failed to load resource: net::ERR_CONNECTION_REFUSED @ https://localhost:3000/fixture-row-actions?__chunk_retry=1790579347781&_rsc=nx5w1:0
[ 2131894ms] [ERROR] Failed to fetch RSC payload for https://localhost:3000/fixture-row-actions?__chunk_retry=1790579347781. Falling back to browser navigation. TypeError: Failed to fetch
    at createFetch (https://localhost:3000/_next/static/chunks/node_modules_next_dist_client_17643121._.js:2588:24)
    at fetchServerResponse (https://localhost:3000/_next/static/chunks/node_modules_next_dist_client_17643121._.js:2490:27)
    at fetchMissingDynamicData (https://localhost:3000/_next/static/chunks/node_modules_next_dist_client_17643121._.js:3654:75)
    at spawnDynamicRequests (https://localhost:3000/_next/static/chunks/node_modules_next_dist_client_17643121._.js:3501:35)
    at navigateToSeededRoute (https://localhost:3000/_next/static/chunks/node_modules_next_dist_client_17643121._.js:7741:50)
    at refreshDynamicData (https://localhost:3000/_next/static/chunks/node_modules_next_dist_client_17643121._.js:8347:58)
    at hmrRefreshReducer (https://localhost:3000/_next/static/chunks/node_modules_next_dist_client_17643121._.js:8513:51)
    at clientReducer (https://localhost:3000/_next/static/chunks/node_modules_next_dist_client_17643121._.js:9081:65)
    at Object.action (https://localhost:3000/_next/static/chunks/node_modules_next_dist_client_17643121._.js:9310:55)
    at runAction (https://localhost:3000/_next/static/chunks/node_modules_next_dist_client_17643121._.js:9215:38)
    at dispatchAction (https://localhost:3000/_next/static/chunks/node_modules_next_dist_client_17643121._.js:9278:9)
    at Object.dispatch (https://localhost:3000/_next/static/chunks/node_modules_next_dist_client_17643121._.js:9308:40)
    at https://localhost:3000/_next/static/chunks/node_modules_next_dist_client_17643121._.js:1489:29
    at startTransition (https://localhost:3000/_next/static/chunks/node_modules_next_dist_compiled_react-dom_1e674e59._.js:5500:31)
    at dispatch (https://localhost:3000/_next/static/chunks/node_modules_next_dist_client_17643121._.js:1488:13)
    at dispatchAppRouterAction (https://localhost:3000/_next/static/chunks/node_modules_next_dist_client_17643121._.js:1470:5)
    at https://localhost:3000/_next/static/chunks/node_modules_next_dist_client_17643121._.js:9439:61
    at startTransition (https://localhost:3000/_next/static/chunks/node_modules_next_dist_compiled_a0e4c7b4._.js:1279:31)
    at Object.hmrRefresh (https://localhost:3000/_next/static/chunks/node_modules_next_dist_client_17643121._.js:9438:40)
    at processMessage (https://localhost:3000/_next/static/chunks/node_modules_next_dist_client_17643121._.js:11636:67)
    at WebSocket.handleMessage (https://localhost:3000/_next/static/chunks/node_modules_next_dist_client_17643121._.js:10914:52) @ https://localhost:3000/_next/static/chunks/node_modules_next_dist_f3530cac._.js:3127
[ 2131900ms] [ERROR] Failed to load resource: net::ERR_CONNECTION_REFUSED @ https://localhost:3000/fixture-row-actions?__chunk_retry=1790579347781&_rsc=nx5w1:0
[ 2131900ms] [ERROR] Failed to fetch RSC payload for https://localhost:3000/fixture-row-actions?__chunk_retry=1790579347781. Falling back to browser navigation. TypeError: Failed to fetch
    at createFetch (https://localhost:3000/_next/static/chunks/node_modules_next_dist_client_17643121._.js:2588:24)
    at fetchServerResponse (https://localhost:3000/_next/static/chunks/node_modules_next_dist_client_17643121._.js:2490:27)
    at fetchMissingDynamicData (https://localhost:3000/_next/static/chunks/node_modules_next_dist_client_17643121._.js:3654:75)
    at spawnDynamicRequests (https://localhost:3000/_next/static/chunks/node_modules_next_dist_client_17643121._.js:3501:35)
    at navigateToSeededRoute (https://localhost:3000/_next/static/chunks/node_modules_next_dist_client_17643121._.js:7741:50)
    at refreshDynamicData (https://localhost:3000/_next/static/chunks/node_modules_next_dist_client_17643121._.js:8347:58)
    at hmrRefreshReducer (https://localhost:3000/_next/static/chunks/node_modules_next_dist_client_17643121._.js:8513:51)
    at clientReducer (https://localhost:3000/_next/static/chunks/node_modules_next_dist_client_17643121._.js:9081:65)
    at Object.action (https://localhost:3000/_next/static/chunks/node_modules_next_dist_client_17643121._.js:9310:55)
    at runAction (https://localhost:3000/_next/static/chunks/node_modules_next_dist_client_17643121._.js:9215:38)
    at dispatchAction (https://localhost:3000/_next/static/chunks/node_modules_next_dist_client_17643121._.js:9278:9)
    at Object.dispatch (https://localhost:3000/_next/static/chunks/node_modules_next_dist_client_17643121._.js:9308:40)
    at https://localhost:3000/_next/static/chunks/node_modules_next_dist_client_17643121._.js:1489:29
    at startTransition (https://localhost:3000/_next/static/chunks/node_modules_next_dist_compiled_react-dom_1e674e59._.js:5500:31)
    at dispatch (https://localhost:3000/_next/static/chunks/node_modules_next_dist_client_17643121._.js:1488:13)
    at dispatchAppRouterAction (https://localhost:3000/_next/static/chunks/node_modules_next_dist_client_17643121._.js:1470:5)
    at https://localhost:3000/_next/static/chunks/node_modules_next_dist_client_17643121._.js:9439:61
    at startTransition (https://localhost:3000/_next/static/chunks/node_modules_next_dist_compiled_a0e4c7b4._.js:1279:31)
    at Object.hmrRefresh (https://localhost:3000/_next/static/chunks/node_modules_next_dist_client_17643121._.js:9438:40)
    at processMessage (https://localhost:3000/_next/static/chunks/node_modules_next_dist_client_17643121._.js:11636:67)
    at WebSocket.handleMessage (https://localhost:3000/_next/static/chunks/node_modules_next_dist_client_17643121._.js:10914:52) @ https://localhost:3000/_next/static/chunks/node_modules_next_dist_f3530cac._.js:3127
[ 2131904ms] [ERROR] Failed to load resource: net::ERR_CONNECTION_REFUSED @ https://localhost:3000/fixture-row-actions?__chunk_retry=1790579347781&_rsc=nx5w1:0
[ 2131904ms] [ERROR] Failed to fetch RSC payload for https://localhost:3000/fixture-row-actions?__chunk_retry=1790579347781. Falling back to browser navigation. TypeError: Failed to fetch
    at createFetch (https://localhost:3000/_next/static/chunks/node_modules_next_dist_client_17643121._.js:2588:24)
    at fetchServerResponse (https://localhost:3000/_next/static/chunks/node_modules_next_dist_client_17643121._.js:2490:27)
    at fetchMissingDynamicData (https://localhost:3000/_next/static/chunks/node_modules_next_dist_client_17643121._.js:3654:75)
    at spawnDynamicRequests (https://localhost:3000/_next/static/chunks/node_modules_next_dist_client_17643121._.js:3501:35)
    at navigateToSeededRoute (https://localhost:3000/_next/static/chunks/node_modules_next_dist_client_17643121._.js:7741:50)
    at refreshDynamicData (https://localhost:3000/_next/static/chunks/node_modules_next_dist_client_17643121._.js:8347:58)
    at hmrRefreshReducer (https://localhost:3000/_next/static/chunks/node_modules_next_dist_client_17643121._.js:8513:51)
    at clientReducer (https://localhost:3000/_next/static/chunks/node_modules_next_dist_client_17643121._.js:9081:65)
    at Object.action (https://localhost:3000/_next/static/chunks/node_modules_next_dist_client_17643121._.js:9310:55)
    at runAction (https://localhost:3000/_next/static/chunks/node_modules_next_dist_client_17643121._.js:9215:38)
    at dispatchAction (https://localhost:3000/_next/static/chunks/node_modules_next_dist_client_17643121._.js:9278:9)
    at Object.dispatch (https://localhost:3000/_next/static/chunks/node_modules_next_dist_client_17643121._.js:9308:40)
    at https://localhost:3000/_next/static/chunks/node_modules_next_dist_client_17643121._.js:1489:29
    at startTransition (https://localhost:3000/_next/static/chunks/node_modules_next_dist_compiled_react-dom_1e674e59._.js:5500:31)
    at dispatch (https://localhost:3000/_next/static/chunks/node_modules_next_dist_client_17643121._.js:1488:13)
    at dispatchAppRouterAction (https://localhost:3000/_next/static/chunks/node_modules_next_dist_client_17643121._.js:1470:5)
    at https://localhost:3000/_next/static/chunks/node_modules_next_dist_client_17643121._.js:9439:61
    at startTransition (https://localhost:3000/_next/static/chunks/node_modules_next_dist_compiled_a0e4c7b4._.js:1279:31)
    at Object.hmrRefresh (https://localhost:3000/_next/static/chunks/node_modules_next_dist_client_17643121._.js:9438:40)
    at processMessage (https://localhost:3000/_next/static/chunks/node_modules_next_dist_client_17643121._.js:11636:67)
    at WebSocket.handleMessage (https://localhost:3000/_next/static/chunks/node_modules_next_dist_client_17643121._.js:10914:52) @ https://localhost:3000/_next/static/chunks/node_modules_next_dist_f3530cac._.js:3127
[ 2131908ms] [ERROR] Failed to load resource: net::ERR_CONNECTION_REFUSED @ https://localhost:3000/fixture-row-actions?__chunk_retry=1790579347781&_rsc=nx5w1:0
[ 2131909ms] [ERROR] Failed to fetch RSC payload for https://localhost:3000/fixture-row-actions?__chunk_retry=1790579347781. Falling back to browser navigation. TypeError: Failed to fetch
    at createFetch (https://localhost:3000/_next/static/chunks/node_modules_next_dist_client_17643121._.js:2588:24)
    at fetchServerResponse (https://localhost:3000/_next/static/chunks/node_modules_next_dist_client_17643121._.js:2490:27)
    at fetchMissingDynamicData (https://localhost:3000/_next/static/chunks/node_modules_next_dist_client_17643121._.js:3654:75)
    at spawnDynamicRequests (https://localhost:3000/_next/static/chunks/node_modules_next_dist_client_17643121._.js:3501:35)
    at navigateToSeededRoute (https://localhost:3000/_next/static/chunks/node_modules_next_dist_client_17643121._.js:7741:50)
    at refreshDynamicData (https://localhost:3000/_next/static/chunks/node_modules_next_dist_client_17643121._.js:8347:58)
    at hmrRefreshReducer (https://localhost:3000/_next/static/chunks/node_modules_next_dist_client_17643121._.js:8513:51)
    at clientReducer (https://localhost:3000/_next/static/chunks/node_modules_next_dist_client_17643121._.js:9081:65)
    at Object.action (https://localhost:3000/_next/static/chunks/node_modules_next_dist_client_17643121._.js:9310:55)
    at runAction (https://localhost:3000/_next/static/chunks/node_modules_next_dist_client_17643121._.js:9215:38)
    at dispatchAction (https://localhost:3000/_next/static/chunks/node_modules_next_dist_client_17643121._.js:9278:9)
    at Object.dispatch (https://localhost:3000/_next/static/chunks/node_modules_next_dist_client_17643121._.js:9308:40)
    at https://localhost:3000/_next/static/chunks/node_modules_next_dist_client_17643121._.js:1489:29
    at startTransition (https://localhost:3000/_next/static/chunks/node_modules_next_dist_compiled_react-dom_1e674e59._.js:5500:31)
    at dispatch (https://localhost:3000/_next/static/chunks/node_modules_next_dist_client_17643121._.js:1488:13)
    at dispatchAppRouterAction (https://localhost:3000/_next/static/chunks/node_modules_next_dist_client_17643121._.js:1470:5)
    at https://localhost:3000/_next/static/chunks/node_modules_next_dist_client_17643121._.js:9439:61
    at startTransition (https://localhost:3000/_next/static/chunks/node_modules_next_dist_compiled_a0e4c7b4._.js:1279:31)
    at Object.hmrRefresh (https://localhost:3000/_next/static/chunks/node_modules_next_dist_client_17643121._.js:9438:40)
    at processMessage (https://localhost:3000/_next/static/chunks/node_modules_next_dist_client_17643121._.js:11636:67)
    at WebSocket.handleMessage (https://localhost:3000/_next/static/chunks/node_modules_next_dist_client_17643121._.js:10914:52) @ https://localhost:3000/_next/static/chunks/node_modules_next_dist_f3530cac._.js:3127
[ 2131914ms] [ERROR] Failed to load resource: net::ERR_CONNECTION_REFUSED @ https://localhost:3000/fixture-row-actions?__chunk_retry=1790579347781&_rsc=nx5w1:0
[ 2131914ms] [ERROR] Failed to fetch RSC payload for https://localhost:3000/fixture-row-actions?__chunk_retry=1790579347781. Falling back to browser navigation. TypeError: Failed to fetch
    at createFetch (https://localhost:3000/_next/static/chunks/node_modules_next_dist_client_17643121._.js:2588:24)
    at fetchServerResponse (https://localhost:3000/_next/static/chunks/node_modules_next_dist_client_17643121._.js:2490:27)
    at fetchMissingDynamicData (https://localhost:3000/_next/static/chunks/node_modules_next_dist_client_17643121._.js:3654:75)
    at spawnDynamicRequests (https://localhost:3000/_next/static/chunks/node_modules_next_dist_client_17643121._.js:3501:35)
    at navigateToSeededRoute (https://localhost:3000/_next/static/chunks/node_modules_next_dist_client_17643121._.js:7741:50)
    at refreshDynamicData (https://localhost:3000/_next/static/chunks/node_modules_next_dist_client_17643121._.js:8347:58)
    at hmrRefreshReducer (https://localhost:3000/_next/static/chunks/node_modules_next_dist_client_17643121._.js:8513:51)
    at clientReducer (https://localhost:3000/_next/static/chunks/node_modules_next_dist_client_17643121._.js:9081:65)
    at Object.action (https://localhost:3000/_next/static/chunks/node_modules_next_dist_client_17643121._.js:9310:55)
    at runAction (https://localhost:3000/_next/static/chunks/node_modules_next_dist_client_17643121._.js:9215:38)
    at dispatchAction (https://localhost:3000/_next/static/chunks/node_modules_next_dist_client_17643121._.js:9278:9)
    at Object.dispatch (https://localhost:3000/_next/static/chunks/node_modules_next_dist_client_17643121._.js:9308:40)
    at https://localhost:3000/_next/static/chunks/node_modules_next_dist_client_17643121._.js:1489:29
    at startTransition (https://localhost:3000/_next/static/chunks/node_modules_next_dist_compiled_react-dom_1e674e59._.js:5500:31)
    at dispatch (https://localhost:3000/_next/static/chunks/node_modules_next_dist_client_17643121._.js:1488:13)
    at dispatchAppRouterAction (https://localhost:3000/_next/static/chunks/node_modules_next_dist_client_17643121._.js:1470:5)
    at https://localhost:3000/_next/static/chunks/node_modules_next_dist_client_17643121._.js:9439:61
    at startTransition (https://localhost:3000/_next/static/chunks/node_modules_next_dist_compiled_a0e4c7b4._.js:1279:31)
    at Object.hmrRefresh (https://localhost:3000/_next/static/chunks/node_modules_next_dist_client_17643121._.js:9438:40)
    at processMessage (https://localhost:3000/_next/static/chunks/node_modules_next_dist_client_17643121._.js:11636:67)
    at WebSocket.handleMessage (https://localhost:3000/_next/static/chunks/node_modules_next_dist_client_17643121._.js:10914:52) @ https://localhost:3000/_next/static/chunks/node_modules_next_dist_f3530cac._.js:3127
[ 2131917ms] [ERROR] Failed to load resource: net::ERR_CONNECTION_REFUSED @ https://localhost:3000/fixture-row-actions?__chunk_retry=1790579347781&_rsc=nx5w1:0
[ 2131918ms] [ERROR] Failed to fetch RSC payload for https://localhost:3000/fixture-row-actions?__chunk_retry=1790579347781. Falling back to browser navigation. TypeError: Failed to fetch
    at createFetch (https://localhost:3000/_next/static/chunks/node_modules_next_dist_client_17643121._.js:2588:24)
    at fetchServerResponse (https://localhost:3000/_next/static/chunks/node_modules_next_dist_client_17643121._.js:2490:27)
    at fetchMissingDynamicData (https://localhost:3000/_next/static/chunks/node_modules_next_dist_client_17643121._.js:3654:75)
    at spawnDynamicRequests (https://localhost:3000/_next/static/chunks/node_modules_next_dist_client_17643121._.js:3501:35)
    at navigateToSeededRoute (https://localhost:3000/_next/static/chunks/node_modules_next_dist_client_17643121._.js:7741:50)
    at refreshDynamicData (https://localhost:3000/_next/static/chunks/node_modules_next_dist_client_17643121._.js:8347:58)
    at hmrRefreshReducer (https://localhost:3000/_next/static/chunks/node_modules_next_dist_client_17643121._.js:8513:51)
    at clientReducer (https://localhost:3000/_next/static/chunks/node_modules_next_dist_client_17643121._.js:9081:65)
    at Object.action (https://localhost:3000/_next/static/chunks/node_modules_next_dist_client_17643121._.js:9310:55)
    at runAction (https://localhost:3000/_next/static/chunks/node_modules_next_dist_client_17643121._.js:9215:38)
    at dispatchAction (https://localhost:3000/_next/static/chunks/node_modules_next_dist_client_17643121._.js:9278:9)
    at Object.dispatch (https://localhost:3000/_next/static/chunks/node_modules_next_dist_client_17643121._.js:9308:40)
    at https://localhost:3000/_next/static/chunks/node_modules_next_dist_client_17643121._.js:1489:29
    at startTransition (https://localhost:3000/_next/static/chunks/node_modules_next_dist_compiled_react-dom_1e674e59._.js:5500:31)
    at dispatch (https://localhost:3000/_next/static/chunks/node_modules_next_dist_client_17643121._.js:1488:13)
    at dispatchAppRouterAction (https://localhost:3000/_next/static/chunks/node_modules_next_dist_client_17643121._.js:1470:5)
    at https://localhost:3000/_next/static/chunks/node_modules_next_dist_client_17643121._.js:9439:61
    at startTransition (https://localhost:3000/_next/static/chunks/node_modules_next_dist_compiled_a0e4c7b4._.js:1279:31)
    at Object.hmrRefresh (https://localhost:3000/_next/static/chunks/node_modules_next_dist_client_17643121._.js:9438:40)
    at processMessage (https://localhost:3000/_next/static/chunks/node_modules_next_dist_client_17643121._.js:11636:67)
    at WebSocket.handleMessage (https://localhost:3000/_next/static/chunks/node_modules_next_dist_client_17643121._.js:10914:52) @ https://localhost:3000/_next/static/chunks/node_modules_next_dist_f3530cac._.js:3127
[ 2131921ms] [ERROR] Failed to load resource: net::ERR_CONNECTION_REFUSED @ https://localhost:3000/fixture-row-actions?__chunk_retry=1790579347781&_rsc=nx5w1:0
[ 2131921ms] [ERROR] Failed to fetch RSC payload for https://localhost:3000/fixture-row-actions?__chunk_retry=1790579347781. Falling back to browser navigation. TypeError: Failed to fetch
    at createFetch (https://localhost:3000/_next/static/chunks/node_modules_next_dist_client_17643121._.js:2588:24)
    at fetchServerResponse (https://localhost:3000/_next/static/chunks/node_modules_next_dist_client_17643121._.js:2490:27)
    at fetchMissingDynamicData (https://localhost:3000/_next/static/chunks/node_modules_next_dist_client_17643121._.js:3654:75)
    at spawnDynamicRequests (https://localhost:3000/_next/static/chunks/node_modules_next_dist_client_17643121._.js:3501:35)
    at navigateToSeededRoute (https://localhost:3000/_next/static/chunks/node_modules_next_dist_client_17643121._.js:7741:50)
    at refreshDynamicData (https://localhost:3000/_next/static/chunks/node_modules_next_dist_client_17643121._.js:8347:58)
    at hmrRefreshReducer (https://localhost:3000/_next/static/chunks/node_modules_next_dist_client_17643121._.js:8513:51)
    at clientReducer (https://localhost:3000/_next/static/chunks/node_modules_next_dist_client_17643121._.js:9081:65)
    at Object.action (https://localhost:3000/_next/static/chunks/node_modules_next_dist_client_17643121._.js:9310:55)
    at runAction (https://localhost:3000/_next/static/chunks/node_modules_next_dist_client_17643121._.js:9215:38)
    at dispatchAction (https://localhost:3000/_next/static/chunks/node_modules_next_dist_client_17643121._.js:9278:9)
    at Object.dispatch (https://localhost:3000/_next/static/chunks/node_modules_next_dist_client_17643121._.js:9308:40)
    at https://localhost:3000/_next/static/chunks/node_modules_next_dist_client_17643121._.js:1489:29
    at startTransition (https://localhost:3000/_next/static/chunks/node_modules_next_dist_compiled_react-dom_1e674e59._.js:5500:31)
    at dispatch (https://localhost:3000/_next/static/chunks/node_modules_next_dist_client_17643121._.js:1488:13)
    at dispatchAppRouterAction (https://localhost:3000/_next/static/chunks/node_modules_next_dist_client_17643121._.js:1470:5)
    at https://localhost:3000/_next/static/chunks/node_modules_next_dist_client_17643121._.js:9439:61
    at startTransition (https://localhost:3000/_next/static/chunks/node_modules_next_dist_compiled_a0e4c7b4._.js:1279:31)
    at Object.hmrRefresh (https://localhost:3000/_next/static/chunks/node_modules_next_dist_client_17643121._.js:9438:40)
    at processMessage (https://localhost:3000/_next/static/chunks/node_modules_next_dist_client_17643121._.js:11636:67)
    at WebSocket.handleMessage (https://localhost:3000/_next/static/chunks/node_modules_next_dist_client_17643121._.js:10914:52) @ https://localhost:3000/_next/static/chunks/node_modules_next_dist_f3530cac._.js:3127
[ 2131924ms] [ERROR] Failed to load resource: net::ERR_CONNECTION_REFUSED @ https://localhost:3000/fixture-row-actions?__chunk_retry=1790579347781&_rsc=nx5w1:0
[ 2131926ms] [ERROR] Failed to fetch RSC payload for https://localhost:3000/fixture-row-actions?__chunk_retry=1790579347781. Falling back to browser navigation. TypeError: Failed to fetch
    at createFetch (https://localhost:3000/_next/static/chunks/node_modules_next_dist_client_17643121._.js:2588:24)
    at fetchServerResponse (https://localhost:3000/_next/static/chunks/node_modules_next_dist_client_17643121._.js:2490:27)
    at fetchMissingDynamicData (https://localhost:3000/_next/static/chunks/node_modules_next_dist_client_17643121._.js:3654:75)
    at spawnDynamicRequests (https://localhost:3000/_next/static/chunks/node_modules_next_dist_client_17643121._.js:3501:35)
    at navigateToSeededRoute (https://localhost:3000/_next/static/chunks/node_modules_next_dist_client_17643121._.js:7741:50)
    at refreshDynamicData (https://localhost:3000/_next/static/chunks/node_modules_next_dist_client_17643121._.js:8347:58)
    at hmrRefreshReducer (https://localhost:3000/_next/static/chunks/node_modules_next_dist_client_17643121._.js:8513:51)
    at clientReducer (https://localhost:3000/_next/static/chunks/node_modules_next_dist_client_17643121._.js:9081:65)
    at Object.action (https://localhost:3000/_next/static/chunks/node_modules_next_dist_client_17643121._.js:9310:55)
    at runAction (https://localhost:3000/_next/static/chunks/node_modules_next_dist_client_17643121._.js:9215:38)
    at dispatchAction (https://localhost:3000/_next/static/chunks/node_modules_next_dist_client_17643121._.js:9278:9)
    at Object.dispatch (https://localhost:3000/_next/static/chunks/node_modules_next_dist_client_17643121._.js:9308:40)
    at https://localhost:3000/_next/static/chunks/node_modules_next_dist_client_17643121._.js:1489:29
    at startTransition (https://localhost:3000/_next/static/chunks/node_modules_next_dist_compiled_react-dom_1e674e59._.js:5500:31)
    at dispatch (https://localhost:3000/_next/static/chunks/node_modules_next_dist_client_17643121._.js:1488:13)
    at dispatchAppRouterAction (https://localhost:3000/_next/static/chunks/node_modules_next_dist_client_17643121._.js:1470:5)
    at https://localhost:3000/_next/static/chunks/node_modules_next_dist_client_17643121._.js:9439:61
    at startTransition (https://localhost:3000/_next/static/chunks/node_modules_next_dist_compiled_a0e4c7b4._.js:1279:31)
    at Object.hmrRefresh (https://localhost:3000/_next/static/chunks/node_modules_next_dist_client_17643121._.js:9438:40)
    at processMessage (https://localhost:3000/_next/static/chunks/node_modules_next_dist_client_17643121._.js:11636:67)
    at WebSocket.handleMessage (https://localhost:3000/_next/static/chunks/node_modules_next_dist_client_17643121._.js:10914:52) @ https://localhost:3000/_next/static/chunks/node_modules_next_dist_f3530cac._.js:3127
[ 2131933ms] [ERROR] Failed to load resource: net::ERR_CONNECTION_REFUSED @ https://localhost:3000/fixture-row-actions?__chunk_retry=1790579347781&_rsc=nx5w1:0
[ 2131934ms] [ERROR] Failed to fetch RSC payload for https://localhost:3000/fixture-row-actions?__chunk_retry=1790579347781. Falling back to browser navigation. TypeError: Failed to fetch
    at createFetch (https://localhost:3000/_next/static/chunks/node_modules_next_dist_client_17643121._.js:2588:24)
    at fetchServerResponse (https://localhost:3000/_next/static/chunks/node_modules_next_dist_client_17643121._.js:2490:27)
    at fetchMissingDynamicData (https://localhost:3000/_next/static/chunks/node_modules_next_dist_client_17643121._.js:3654:75)
    at spawnDynamicRequests (https://localhost:3000/_next/static/chunks/node_modules_next_dist_client_17643121._.js:3501:35)
    at navigateToSeededRoute (https://localhost:3000/_next/static/chunks/node_modules_next_dist_client_17643121._.js:7741:50)
    at refreshDynamicData (https://localhost:3000/_next/static/chunks/node_modules_next_dist_client_17643121._.js:8347:58)
    at hmrRefreshReducer (https://localhost:3000/_next/static/chunks/node_modules_next_dist_client_17643121._.js:8513:51)
    at clientReducer (https://localhost:3000/_next/static/chunks/node_modules_next_dist_client_17643121._.js:9081:65)
    at Object.action (https://localhost:3000/_next/static/chunks/node_modules_next_dist_client_17643121._.js:9310:55)
    at runAction (https://localhost:3000/_next/static/chunks/node_modules_next_dist_client_17643121._.js:9215:38)
    at dispatchAction (https://localhost:3000/_next/static/chunks/node_modules_next_dist_client_17643121._.js:9278:9)
    at Object.dispatch (https://localhost:3000/_next/static/chunks/node_modules_next_dist_client_17643121._.js:9308:40)
    at https://localhost:3000/_next/static/chunks/node_modules_next_dist_client_17643121._.js:1489:29
    at startTransition (https://localhost:3000/_next/static/chunks/node_modules_next_dist_compiled_react-dom_1e674e59._.js:5500:31)
    at dispatch (https://localhost:3000/_next/static/chunks/node_modules_next_dist_client_17643121._.js:1488:13)
    at dispatchAppRouterAction (https://localhost:3000/_next/static/chunks/node_modules_next_dist_client_17643121._.js:1470:5)
    at https://localhost:3000/_next/static/chunks/node_modules_next_dist_client_17643121._.js:9439:61
    at startTransition (https://localhost:3000/_next/static/chunks/node_modules_next_dist_compiled_a0e4c7b4._.js:1279:31)
    at Object.hmrRefresh (https://localhost:3000/_next/static/chunks/node_modules_next_dist_client_17643121._.js:9438:40)
    at processMessage (https://localhost:3000/_next/static/chunks/node_modules_next_dist_client_17643121._.js:11636:67)
    at WebSocket.handleMessage (https://localhost:3000/_next/static/chunks/node_modules_next_dist_client_17643121._.js:10914:52) @ https://localhost:3000/_next/static/chunks/node_modules_next_dist_f3530cac._.js:3127
[ 2131938ms] [ERROR] Failed to load resource: net::ERR_CONNECTION_REFUSED @ https://localhost:3000/fixture-row-actions?__chunk_retry=1790579347781&_rsc=nx5w1:0
[ 2131938ms] [ERROR] Failed to fetch RSC payload for https://localhost:3000/fixture-row-actions?__chunk_retry=1790579347781. Falling back to browser navigation. TypeError: Failed to fetch
    at createFetch (https://localhost:3000/_next/static/chunks/node_modules_next_dist_client_17643121._.js:2588:24)
    at fetchServerResponse (https://localhost:3000/_next/static/chunks/node_modules_next_dist_client_17643121._.js:2490:27)
    at fetchMissingDynamicData (https://localhost:3000/_next/static/chunks/node_modules_next_dist_client_17643121._.js:3654:75)
    at spawnDynamicRequests (https://localhost:3000/_next/static/chunks/node_modules_next_dist_client_17643121._.js:3501:35)
    at navigateToSeededRoute (https://localhost:3000/_next/static/chunks/node_modules_next_dist_client_17643121._.js:7741:50)
    at refreshDynamicData (https://localhost:3000/_next/static/chunks/node_modules_next_dist_client_17643121._.js:8347:58)
    at hmrRefreshReducer (https://localhost:3000/_next/static/chunks/node_modules_next_dist_client_17643121._.js:8513:51)
    at clientReducer (https://localhost:3000/_next/static/chunks/node_modules_next_dist_client_17643121._.js:9081:65)
    at Object.action (https://localhost:3000/_next/static/chunks/node_modules_next_dist_client_17643121._.js:9310:55)
    at runAction (https://localhost:3000/_next/static/chunks/node_modules_next_dist_client_17643121._.js:9215:38)
    at dispatchAction (https://localhost:3000/_next/static/chunks/node_modules_next_dist_client_17643121._.js:9278:9)
    at Object.dispatch (https://localhost:3000/_next/static/chunks/node_modules_next_dist_client_17643121._.js:9308:40)
    at https://localhost:3000/_next/static/chunks/node_modules_next_dist_client_17643121._.js:1489:29
    at startTransition (https://localhost:3000/_next/static/chunks/node_modules_next_dist_compiled_react-dom_1e674e59._.js:5500:31)
    at dispatch (https://localhost:3000/_next/static/chunks/node_modules_next_dist_client_17643121._.js:1488:13)
    at dispatchAppRouterAction (https://localhost:3000/_next/static/chunks/node_modules_next_dist_client_17643121._.js:1470:5)
    at https://localhost:3000/_next/static/chunks/node_modules_next_dist_client_17643121._.js:9439:61
    at startTransition (https://localhost:3000/_next/static/chunks/node_modules_next_dist_compiled_a0e4c7b4._.js:1279:31)
    at Object.hmrRefresh (https://localhost:3000/_next/static/chunks/node_modules_next_dist_client_17643121._.js:9438:40)
    at processMessage (https://localhost:3000/_next/static/chunks/node_modules_next_dist_client_17643121._.js:11636:67)
    at WebSocket.handleMessage (https://localhost:3000/_next/static/chunks/node_modules_next_dist_client_17643121._.js:10914:52) @ https://localhost:3000/_next/static/chunks/node_modules_next_dist_f3530cac._.js:3127
[ 2131941ms] [ERROR] Failed to load resource: net::ERR_CONNECTION_REFUSED @ https://localhost:3000/fixture-row-actions?__chunk_retry=1790579347781&_rsc=nx5w1:0
[ 2131941ms] [ERROR] Failed to fetch RSC payload for https://localhost:3000/fixture-row-actions?__chunk_retry=1790579347781. Falling back to browser navigation. TypeError: Failed to fetch
    at createFetch (https://localhost:3000/_next/static/chunks/node_modules_next_dist_client_17643121._.js:2588:24)
    at fetchServerResponse (https://localhost:3000/_next/static/chunks/node_modules_next_dist_client_17643121._.js:2490:27)
    at fetchMissingDynamicData (https://localhost:3000/_next/static/chunks/node_modules_next_dist_client_17643121._.js:3654:75)
    at spawnDynamicRequests (https://localhost:3000/_next/static/chunks/node_modules_next_dist_client_17643121._.js:3501:35)
    at navigateToSeededRoute (https://localhost:3000/_next/static/chunks/node_modules_next_dist_client_17643121._.js:7741:50)
    at refreshDynamicData (https://localhost:3000/_next/static/chunks/node_modules_next_dist_client_17643121._.js:8347:58)
    at hmrRefreshReducer (https://localhost:3000/_next/static/chunks/node_modules_next_dist_client_17643121._.js:8513:51)
    at clientReducer (https://localhost:3000/_next/static/chunks/node_modules_next_dist_client_17643121._.js:9081:65)
    at Object.action (https://localhost:3000/_next/static/chunks/node_modules_next_dist_client_17643121._.js:9310:55)
    at runAction (https://localhost:3000/_next/static/chunks/node_modules_next_dist_client_17643121._.js:9215:38)
    at dispatchAction (https://localhost:3000/_next/static/chunks/node_modules_next_dist_client_17643121._.js:9278:9)
    at Object.dispatch (https://localhost:3000/_next/static/chunks/node_modules_next_dist_client_17643121._.js:9308:40)
    at https://localhost:3000/_next/static/chunks/node_modules_next_dist_client_17643121._.js:1489:29
    at startTransition (https://localhost:3000/_next/static/chunks/node_modules_next_dist_compiled_react-dom_1e674e59._.js:5500:31)
    at dispatch (https://localhost:3000/_next/static/chunks/node_modules_next_dist_client_17643121._.js:1488:13)
    at dispatchAppRouterAction (https://localhost:3000/_next/static/chunks/node_modules_next_dist_client_17643121._.js:1470:5)
    at https://localhost:3000/_next/static/chunks/node_modules_next_dist_client_17643121._.js:9439:61
    at startTransition (https://localhost:3000/_next/static/chunks/node_modules_next_dist_compiled_a0e4c7b4._.js:1279:31)
    at Object.hmrRefresh (https://localhost:3000/_next/static/chunks/node_modules_next_dist_client_17643121._.js:9438:40)
    at processMessage (https://localhost:3000/_next/static/chunks/node_modules_next_dist_client_17643121._.js:11636:67)
    at WebSocket.handleMessage (https://localhost:3000/_next/static/chunks/node_modules_next_dist_client_17643121._.js:10914:52) @ https://localhost:3000/_next/static/chunks/node_modules_next_dist_f3530cac._.js:3127
[ 2131948ms] [ERROR] Failed to load resource: net::ERR_CONNECTION_REFUSED @ https://localhost:3000/fixture-row-actions?__chunk_retry=1790579347781&_rsc=nx5w1:0
[ 2131948ms] [ERROR] Failed to fetch RSC payload for https://localhost:3000/fixture-row-actions?__chunk_retry=1790579347781. Falling back to browser navigation. TypeError: Failed to fetch
    at createFetch (https://localhost:3000/_next/static/chunks/node_modules_next_dist_client_17643121._.js:2588:24)
    at fetchServerResponse (https://localhost:3000/_next/static/chunks/node_modules_next_dist_client_17643121._.js:2490:27)
    at fetchMissingDynamicData (https://localhost:3000/_next/static/chunks/node_modules_next_dist_client_17643121._.js:3654:75)
    at spawnDynamicRequests (https://localhost:3000/_next/static/chunks/node_modules_next_dist_client_17643121._.js:3501:35)
    at navigateToSeededRoute (https://localhost:3000/_next/static/chunks/node_modules_next_dist_client_17643121._.js:7741:50)
    at refreshDynamicData (https://localhost:3000/_next/static/chunks/node_modules_next_dist_client_17643121._.js:8347:58)
    at hmrRefreshReducer (https://localhost:3000/_next/static/chunks/node_modules_next_dist_client_17643121._.js:8513:51)
    at clientReducer (https://localhost:3000/_next/static/chunks/node_modules_next_dist_client_17643121._.js:9081:65)
    at Object.action (https://localhost:3000/_next/static/chunks/node_modules_next_dist_client_17643121._.js:9310:55)
    at runAction (https://localhost:3000/_next/static/chunks/node_modules_next_dist_client_17643121._.js:9215:38)
    at dispatchAction (https://localhost:3000/_next/static/chunks/node_modules_next_dist_client_17643121._.js:9278:9)
    at Object.dispatch (https://localhost:3000/_next/static/chunks/node_modules_next_dist_client_17643121._.js:9308:40)
    at https://localhost:3000/_next/static/chunks/node_modules_next_dist_client_17643121._.js:1489:29
    at startTransition (https://localhost:3000/_next/static/chunks/node_modules_next_dist_compiled_react-dom_1e674e59._.js:5500:31)
    at dispatch (https://localhost:3000/_next/static/chunks/node_modules_next_dist_client_17643121._.js:1488:13)
    at dispatchAppRouterAction (https://localhost:3000/_next/static/chunks/node_modules_next_dist_client_17643121._.js:1470:5)
    at https://localhost:3000/_next/static/chunks/node_modules_next_dist_client_17643121._.js:9439:61
    at startTransition (https://localhost:3000/_next/static/chunks/node_modules_next_dist_compiled_a0e4c7b4._.js:1279:31)
    at Object.hmrRefresh (https://localhost:3000/_next/static/chunks/node_modules_next_dist_client_17643121._.js:9438:40)
    at processMessage (https://localhost:3000/_next/static/chunks/node_modules_next_dist_client_17643121._.js:11636:67)
    at WebSocket.handleMessage (https://localhost:3000/_next/static/chunks/node_modules_next_dist_client_17643121._.js:10914:52) @ https://localhost:3000/_next/static/chunks/node_modules_next_dist_f3530cac._.js:3127
[ 2131951ms] [ERROR] Failed to load resource: net::ERR_CONNECTION_REFUSED @ https://localhost:3000/fixture-row-actions?__chunk_retry=1790579347781&_rsc=nx5w1:0
[ 2131952ms] [ERROR] Failed to fetch RSC payload for https://localhost:3000/fixture-row-actions?__chunk_retry=1790579347781. Falling back to browser navigation. TypeError: Failed to fetch
    at createFetch (https://localhost:3000/_next/static/chunks/node_modules_next_dist_client_17643121._.js:2588:24)
    at fetchServerResponse (https://localhost:3000/_next/static/chunks/node_modules_next_dist_client_17643121._.js:2490:27)
    at fetchMissingDynamicData (https://localhost:3000/_next/static/chunks/node_modules_next_dist_client_17643121._.js:3654:75)
    at spawnDynamicRequests (https://localhost:3000/_next/static/chunks/node_modules_next_dist_client_17643121._.js:3501:35)
    at navigateToSeededRoute (https://localhost:3000/_next/static/chunks/node_modules_next_dist_client_17643121._.js:7741:50)
    at refreshDynamicData (https://localhost:3000/_next/static/chunks/node_modules_next_dist_client_17643121._.js:8347:58)
    at hmrRefreshReducer (https://localhost:3000/_next/static/chunks/node_modules_next_dist_client_17643121._.js:8513:51)
    at clientReducer (https://localhost:3000/_next/static/chunks/node_modules_next_dist_client_17643121._.js:9081:65)
    at Object.action (https://localhost:3000/_next/static/chunks/node_modules_next_dist_client_17643121._.js:9310:55)
    at runAction (https://localhost:3000/_next/static/chunks/node_modules_next_dist_client_17643121._.js:9215:38)
    at dispatchAction (https://localhost:3000/_next/static/chunks/node_modules_next_dist_client_17643121._.js:9278:9)
    at Object.dispatch (https://localhost:3000/_next/static/chunks/node_modules_next_dist_client_17643121._.js:9308:40)
    at https://localhost:3000/_next/static/chunks/node_modules_next_dist_client_17643121._.js:1489:29
    at startTransition (https://localhost:3000/_next/static/chunks/node_modules_next_dist_compiled_react-dom_1e674e59._.js:5500:31)
    at dispatch (https://localhost:3000/_next/static/chunks/node_modules_next_dist_client_17643121._.js:1488:13)
    at dispatchAppRouterAction (https://localhost:3000/_next/static/chunks/node_modules_next_dist_client_17643121._.js:1470:5)
    at https://localhost:3000/_next/static/chunks/node_modules_next_dist_client_17643121._.js:9439:61
    at startTransition (https://localhost:3000/_next/static/chunks/node_modules_next_dist_compiled_a0e4c7b4._.js:1279:31)
    at Object.hmrRefresh (https://localhost:3000/_next/static/chunks/node_modules_next_dist_client_17643121._.js:9438:40)
    at processMessage (https://localhost:3000/_next/static/chunks/node_modules_next_dist_client_17643121._.js:11636:67)
    at WebSocket.handleMessage (https://localhost:3000/_next/static/chunks/node_modules_next_dist_client_17643121._.js:10914:52) @ https://localhost:3000/_next/static/chunks/node_modules_next_dist_f3530cac._.js:3127
[ 2131955ms] [ERROR] Failed to load resource: net::ERR_CONNECTION_REFUSED @ https://localhost:3000/fixture-row-actions?__chunk_retry=1790579347781&_rsc=nx5w1:0
[ 2131955ms] [ERROR] Failed to fetch RSC payload for https://localhost:3000/fixture-row-actions?__chunk_retry=1790579347781. Falling back to browser navigation. TypeError: Failed to fetch
    at createFetch (https://localhost:3000/_next/static/chunks/node_modules_next_dist_client_17643121._.js:2588:24)
    at fetchServerResponse (https://localhost:3000/_next/static/chunks/node_modules_next_dist_client_17643121._.js:2490:27)
    at fetchMissingDynamicData (https://localhost:3000/_next/static/chunks/node_modules_next_dist_client_17643121._.js:3654:75)
    at spawnDynamicRequests (https://localhost:3000/_next/static/chunks/node_modules_next_dist_client_17643121._.js:3501:35)
    at navigateToSeededRoute (https://localhost:3000/_next/static/chunks/node_modules_next_dist_client_17643121._.js:7741:50)
    at refreshDynamicData (https://localhost:3000/_next/static/chunks/node_modules_next_dist_client_17643121._.js:8347:58)
    at hmrRefreshReducer (https://localhost:3000/_next/static/chunks/node_modules_next_dist_client_17643121._.js:8513:51)
    at clientReducer (https://localhost:3000/_next/static/chunks/node_modules_next_dist_client_17643121._.js:9081:65)
    at Object.action (https://localhost:3000/_next/static/chunks/node_modules_next_dist_client_17643121._.js:9310:55)
    at runAction (https://localhost:3000/_next/static/chunks/node_modules_next_dist_client_17643121._.js:9215:38)
    at dispatchAction (https://localhost:3000/_next/static/chunks/node_modules_next_dist_client_17643121._.js:9278:9)
    at Object.dispatch (https://localhost:3000/_next/static/chunks/node_modules_next_dist_client_17643121._.js:9308:40)
    at https://localhost:3000/_next/static/chunks/node_modules_next_dist_client_17643121._.js:1489:29
    at startTransition (https://localhost:3000/_next/static/chunks/node_modules_next_dist_compiled_react-dom_1e674e59._.js:5500:31)
    at dispatch (https://localhost:3000/_next/static/chunks/node_modules_next_dist_client_17643121._.js:1488:13)
    at dispatchAppRouterAction (https://localhost:3000/_next/static/chunks/node_modules_next_dist_client_17643121._.js:1470:5)
    at https://localhost:3000/_next/static/chunks/node_modules_next_dist_client_17643121._.js:9439:61
    at startTransition (https://localhost:3000/_next/static/chunks/node_modules_next_dist_compiled_a0e4c7b4._.js:1279:31)
    at Object.hmrRefresh (https://localhost:3000/_next/static/chunks/node_modules_next_dist_client_17643121._.js:9438:40)
    at processMessage (https://localhost:3000/_next/static/chunks/node_modules_next_dist_client_17643121._.js:11636:67)
    at WebSocket.handleMessage (https://localhost:3000/_next/static/chunks/node_modules_next_dist_client_17643121._.js:10914:52) @ https://localhost:3000/_next/static/chunks/node_modules_next_dist_f3530cac._.js:3127
[ 2131959ms] [ERROR] Failed to load resource: net::ERR_CONNECTION_REFUSED @ https://localhost:3000/fixture-row-actions?__chunk_retry=1790579347781&_rsc=nx5w1:0
[ 2131959ms] [ERROR] Failed to fetch RSC payload for https://localhost:3000/fixture-row-actions?__chunk_retry=1790579347781. Falling back to browser navigation. TypeError: Failed to fetch
    at createFetch (https://localhost:3000/_next/static/chunks/node_modules_next_dist_client_17643121._.js:2588:24)
    at fetchServerResponse (https://localhost:3000/_next/static/chunks/node_modules_next_dist_client_17643121._.js:2490:27)
    at fetchMissingDynamicData (https://localhost:3000/_next/static/chunks/node_modules_next_dist_client_17643121._.js:3654:75)
    at spawnDynamicRequests (https://localhost:3000/_next/static/chunks/node_modules_next_dist_client_17643121._.js:3501:35)
    at navigateToSeededRoute (https://localhost:3000/_next/static/chunks/node_modules_next_dist_client_17643121._.js:7741:50)
    at refreshDynamicData (https://localhost:3000/_next/static/chunks/node_modules_next_dist_client_17643121._.js:8347:58)
    at hmrRefreshReducer (https://localhost:3000/_next/static/chunks/node_modules_next_dist_client_17643121._.js:8513:51)
    at clientReducer (https://localhost:3000/_next/static/chunks/node_modules_next_dist_client_17643121._.js:9081:65)
    at Object.action (https://localhost:3000/_next/static/chunks/node_modules_next_dist_client_17643121._.js:9310:55)
    at runAction (https://localhost:3000/_next/static/chunks/node_modules_next_dist_client_17643121._.js:9215:38)
    at dispatchAction (https://localhost:3000/_next/static/chunks/node_modules_next_dist_client_17643121._.js:9278:9)
    at Object.dispatch (https://localhost:3000/_next/static/chunks/node_modules_next_dist_client_17643121._.js:9308:40)
    at https://localhost:3000/_next/static/chunks/node_modules_next_dist_client_17643121._.js:1489:29
    at startTransition (https://localhost:3000/_next/static/chunks/node_modules_next_dist_compiled_react-dom_1e674e59._.js:5500:31)
    at dispatch (https://localhost:3000/_next/static/chunks/node_modules_next_dist_client_17643121._.js:1488:13)
    at dispatchAppRouterAction (https://localhost:3000/_next/static/chunks/node_modules_next_dist_client_17643121._.js:1470:5)
    at https://localhost:3000/_next/static/chunks/node_modules_next_dist_client_17643121._.js:9439:61
    at startTransition (https://localhost:3000/_next/static/chunks/node_modules_next_dist_compiled_a0e4c7b4._.js:1279:31)
    at Object.hmrRefresh (https://localhost:3000/_next/static/chunks/node_modules_next_dist_client_17643121._.js:9438:40)
    at processMessage (https://localhost:3000/_next/static/chunks/node_modules_next_dist_client_17643121._.js:11636:67)
    at WebSocket.handleMessage (https://localhost:3000/_next/static/chunks/node_modules_next_dist_client_17643121._.js:10914:52) @ https://localhost:3000/_next/static/chunks/node_modules_next_dist_f3530cac._.js:3127
[ 2131964ms] [ERROR] Failed to load resource: net::ERR_CONNECTION_REFUSED @ https://localhost:3000/fixture-row-actions?__chunk_retry=1790579347781&_rsc=nx5w1:0
[ 2131964ms] [ERROR] Failed to fetch RSC payload for https://localhost:3000/fixture-row-actions?__chunk_retry=1790579347781. Falling back to browser navigation. TypeError: Failed to fetch
    at createFetch (https://localhost:3000/_next/static/chunks/node_modules_next_dist_client_17643121._.js:2588:24)
    at fetchServerResponse (https://localhost:3000/_next/static/chunks/node_modules_next_dist_client_17643121._.js:2490:27)
    at fetchMissingDynamicData (https://localhost:3000/_next/static/chunks/node_modules_next_dist_client_17643121._.js:3654:75)
    at spawnDynamicRequests (https://localhost:3000/_next/static/chunks/node_modules_next_dist_client_17643121._.js:3501:35)
    at navigateToSeededRoute (https://localhost:3000/_next/static/chunks/node_modules_next_dist_client_17643121._.js:7741:50)
    at refreshDynamicData (https://localhost:3000/_next/static/chunks/node_modules_next_dist_client_17643121._.js:8347:58)
    at hmrRefreshReducer (https://localhost:3000/_next/static/chunks/node_modules_next_dist_client_17643121._.js:8513:51)
    at clientReducer (https://localhost:3000/_next/static/chunks/node_modules_next_dist_client_17643121._.js:9081:65)
    at Object.action (https://localhost:3000/_next/static/chunks/node_modules_next_dist_client_17643121._.js:9310:55)
    at runAction (https://localhost:3000/_next/static/chunks/node_modules_next_dist_client_17643121._.js:9215:38)
    at dispatchAction (https://localhost:3000/_next/static/chunks/node_modules_next_dist_client_17643121._.js:9278:9)
    at Object.dispatch (https://localhost:3000/_next/static/chunks/node_modules_next_dist_client_17643121._.js:9308:40)
    at https://localhost:3000/_next/static/chunks/node_modules_next_dist_client_17643121._.js:1489:29
    at startTransition (https://localhost:3000/_next/static/chunks/node_modules_next_dist_compiled_react-dom_1e674e59._.js:5500:31)
    at dispatch (https://localhost:3000/_next/static/chunks/node_modules_next_dist_client_17643121._.js:1488:13)
    at dispatchAppRouterAction (https://localhost:3000/_next/static/chunks/node_modules_next_dist_client_17643121._.js:1470:5)
    at https://localhost:3000/_next/static/chunks/node_modules_next_dist_client_17643121._.js:9439:61
    at startTransition (https://localhost:3000/_next/static/chunks/node_modules_next_dist_compiled_a0e4c7b4._.js:1279:31)
    at Object.hmrRefresh (https://localhost:3000/_next/static/chunks/node_modules_next_dist_client_17643121._.js:9438:40)
    at processMessage (https://localhost:3000/_next/static/chunks/node_modules_next_dist_client_17643121._.js:11636:67)
    at WebSocket.handleMessage (https://localhost:3000/_next/static/chunks/node_modules_next_dist_client_17643121._.js:10914:52) @ https://localhost:3000/_next/static/chunks/node_modules_next_dist_f3530cac._.js:3127
[ 2131965ms] [ERROR] Failed to load resource: net::ERR_CONNECTION_REFUSED @ https://localhost:3000/fixture-row-actions?__chunk_retry=1790579347781&_rsc=nx5w1:0
[ 2131965ms] [ERROR] Failed to fetch RSC payload for https://localhost:3000/fixture-row-actions?__chunk_retry=1790579347781. Falling back to browser navigation. TypeError: Failed to fetch
    at createFetch (https://localhost:3000/_next/static/chunks/node_modules_next_dist_client_17643121._.js:2588:24)
    at fetchServerResponse (https://localhost:3000/_next/static/chunks/node_modules_next_dist_client_17643121._.js:2490:27)
    at fetchMissingDynamicData (https://localhost:3000/_next/static/chunks/node_modules_next_dist_client_17643121._.js:3654:75)
    at spawnDynamicRequests (https://localhost:3000/_next/static/chunks/node_modules_next_dist_client_17643121._.js:3501:35)
    at navigateToSeededRoute (https://localhost:3000/_next/static/chunks/node_modules_next_dist_client_17643121._.js:7741:50)
    at refreshDynamicData (https://localhost:3000/_next/static/chunks/node_modules_next_dist_client_17643121._.js:8347:58)
    at hmrRefreshReducer (https://localhost:3000/_next/static/chunks/node_modules_next_dist_client_17643121._.js:8513:51)
    at clientReducer (https://localhost:3000/_next/static/chunks/node_modules_next_dist_client_17643121._.js:9081:65)
    at Object.action (https://localhost:3000/_next/static/chunks/node_modules_next_dist_client_17643121._.js:9310:55)
    at runAction (https://localhost:3000/_next/static/chunks/node_modules_next_dist_client_17643121._.js:9215:38)
    at dispatchAction (https://localhost:3000/_next/static/chunks/node_modules_next_dist_client_17643121._.js:9278:9)
    at Object.dispatch (https://localhost:3000/_next/static/chunks/node_modules_next_dist_client_17643121._.js:9308:40)
    at https://localhost:3000/_next/static/chunks/node_modules_next_dist_client_17643121._.js:1489:29
    at startTransition (https://localhost:3000/_next/static/chunks/node_modules_next_dist_compiled_react-dom_1e674e59._.js:5500:31)
    at dispatch (https://localhost:3000/_next/static/chunks/node_modules_next_dist_client_17643121._.js:1488:13)
    at dispatchAppRouterAction (https://localhost:3000/_next/static/chunks/node_modules_next_dist_client_17643121._.js:1470:5)
    at https://localhost:3000/_next/static/chunks/node_modules_next_dist_client_17643121._.js:9439:61
    at startTransition (https://localhost:3000/_next/static/chunks/node_modules_next_dist_compiled_a0e4c7b4._.js:1279:31)
    at Object.hmrRefresh (https://localhost:3000/_next/static/chunks/node_modules_next_dist_client_17643121._.js:9438:40)
    at processMessage (https://localhost:3000/_next/static/chunks/node_modules_next_dist_client_17643121._.js:11636:67)
    at WebSocket.handleMessage (https://localhost:3000/_next/static/chunks/node_modules_next_dist_client_17643121._.js:10914:52) @ https://localhost:3000/_next/static/chunks/node_modules_next_dist_f3530cac._.js:3127
[ 2131967ms] [ERROR] Failed to load resource: net::ERR_CONNECTION_REFUSED @ https://localhost:3000/fixture-row-actions?__chunk_retry=1790579347781&_rsc=nx5w1:0
[ 2131967ms] [ERROR] Failed to fetch RSC payload for https://localhost:3000/fixture-row-actions?__chunk_retry=1790579347781. Falling back to browser navigation. TypeError: Failed to fetch
    at createFetch (https://localhost:3000/_next/static/chunks/node_modules_next_dist_client_17643121._.js:2588:24)
    at fetchServerResponse (https://localhost:3000/_next/static/chunks/node_modules_next_dist_client_17643121._.js:2490:27)
    at fetchMissingDynamicData (https://localhost:3000/_next/static/chunks/node_modules_next_dist_client_17643121._.js:3654:75)
    at spawnDynamicRequests (https://localhost:3000/_next/static/chunks/node_modules_next_dist_client_17643121._.js:3501:35)
    at navigateToSeededRoute (https://localhost:3000/_next/static/chunks/node_modules_next_dist_client_17643121._.js:7741:50)
    at refreshDynamicData (https://localhost:3000/_next/static/chunks/node_modules_next_dist_client_17643121._.js:8347:58)
    at hmrRefreshReducer (https://localhost:3000/_next/static/chunks/node_modules_next_dist_client_17643121._.js:8513:51)
    at clientReducer (https://localhost:3000/_next/static/chunks/node_modules_next_dist_client_17643121._.js:9081:65)
    at Object.action (https://localhost:3000/_next/static/chunks/node_modules_next_dist_client_17643121._.js:9310:55)
    at runAction (https://localhost:3000/_next/static/chunks/node_modules_next_dist_client_17643121._.js:9215:38)
    at dispatchAction (https://localhost:3000/_next/static/chunks/node_modules_next_dist_client_17643121._.js:9278:9)
    at Object.dispatch (https://localhost:3000/_next/static/chunks/node_modules_next_dist_client_17643121._.js:9308:40)
    at https://localhost:3000/_next/static/chunks/node_modules_next_dist_client_17643121._.js:1489:29
    at startTransition (https://localhost:3000/_next/static/chunks/node_modules_next_dist_compiled_react-dom_1e674e59._.js:5500:31)
    at dispatch (https://localhost:3000/_next/static/chunks/node_modules_next_dist_client_17643121._.js:1488:13)
    at dispatchAppRouterAction (https://localhost:3000/_next/static/chunks/node_modules_next_dist_client_17643121._.js:1470:5)
    at https://localhost:3000/_next/static/chunks/node_modules_next_dist_client_17643121._.js:9439:61
    at startTransition (https://localhost:3000/_next/static/chunks/node_modules_next_dist_compiled_a0e4c7b4._.js:1279:31)
    at Object.hmrRefresh (https://localhost:3000/_next/static/chunks/node_modules_next_dist_client_17643121._.js:9438:40)
    at processMessage (https://localhost:3000/_next/static/chunks/node_modules_next_dist_client_17643121._.js:11636:67)
    at WebSocket.handleMessage (https://localhost:3000/_next/static/chunks/node_modules_next_dist_client_17643121._.js:10914:52) @ https://localhost:3000/_next/static/chunks/node_modules_next_dist_f3530cac._.js:3127
[ 2131969ms] [ERROR] Failed to load resource: net::ERR_CONNECTION_REFUSED @ https://localhost:3000/fixture-row-actions?__chunk_retry=1790579347781&_rsc=nx5w1:0
[ 2131969ms] [ERROR] Failed to fetch RSC payload for https://localhost:3000/fixture-row-actions?__chunk_retry=1790579347781. Falling back to browser navigation. TypeError: Failed to fetch
    at createFetch (https://localhost:3000/_next/static/chunks/node_modules_next_dist_client_17643121._.js:2588:24)
    at fetchServerResponse (https://localhost:3000/_next/static/chunks/node_modules_next_dist_client_17643121._.js:2490:27)
    at fetchMissingDynamicData (https://localhost:3000/_next/static/chunks/node_modules_next_dist_client_17643121._.js:3654:75)
    at spawnDynamicRequests (https://localhost:3000/_next/static/chunks/node_modules_next_dist_client_17643121._.js:3501:35)
    at navigateToSeededRoute (https://localhost:3000/_next/static/chunks/node_modules_next_dist_client_17643121._.js:7741:50)
    at refreshDynamicData (https://localhost:3000/_next/static/chunks/node_modules_next_dist_client_17643121._.js:8347:58)
    at hmrRefreshReducer (https://localhost:3000/_next/static/chunks/node_modules_next_dist_client_17643121._.js:8513:51)
    at clientReducer (https://localhost:3000/_next/static/chunks/node_modules_next_dist_client_17643121._.js:9081:65)
    at Object.action (https://localhost:3000/_next/static/chunks/node_modules_next_dist_client_17643121._.js:9310:55)
    at runAction (https://localhost:3000/_next/static/chunks/node_modules_next_dist_client_17643121._.js:9215:38)
    at dispatchAction (https://localhost:3000/_next/static/chunks/node_modules_next_dist_client_17643121._.js:9278:9)
    at Object.dispatch (https://localhost:3000/_next/static/chunks/node_modules_next_dist_client_17643121._.js:9308:40)
    at https://localhost:3000/_next/static/chunks/node_modules_next_dist_client_17643121._.js:1489:29
    at startTransition (https://localhost:3000/_next/static/chunks/node_modules_next_dist_compiled_react-dom_1e674e59._.js:5500:31)
    at dispatch (https://localhost:3000/_next/static/chunks/node_modules_next_dist_client_17643121._.js:1488:13)
    at dispatchAppRouterAction (https://localhost:3000/_next/static/chunks/node_modules_next_dist_client_17643121._.js:1470:5)
    at https://localhost:3000/_next/static/chunks/node_modules_next_dist_client_17643121._.js:9439:61
    at startTransition (https://localhost:3000/_next/static/chunks/node_modules_next_dist_compiled_a0e4c7b4._.js:1279:31)
    at Object.hmrRefresh (https://localhost:3000/_next/static/chunks/node_modules_next_dist_client_17643121._.js:9438:40)
    at processMessage (https://localhost:3000/_next/static/chunks/node_modules_next_dist_client_17643121._.js:11636:67)
    at WebSocket.handleMessage (https://localhost:3000/_next/static/chunks/node_modules_next_dist_client_17643121._.js:10914:52) @ https://localhost:3000/_next/static/chunks/node_modules_next_dist_f3530cac._.js:3127
[ 2131974ms] [ERROR] Failed to load resource: net::ERR_CONNECTION_REFUSED @ https://localhost:3000/fixture-row-actions?__chunk_retry=1790579347781&_rsc=nx5w1:0
[ 2131974ms] [ERROR] Failed to fetch RSC payload for https://localhost:3000/fixture-row-actions?__chunk_retry=1790579347781. Falling back to browser navigation. TypeError: Failed to fetch
    at createFetch (https://localhost:3000/_next/static/chunks/node_modules_next_dist_client_17643121._.js:2588:24)
    at fetchServerResponse (https://localhost:3000/_next/static/chunks/node_modules_next_dist_client_17643121._.js:2490:27)
    at fetchMissingDynamicData (https://localhost:3000/_next/static/chunks/node_modules_next_dist_client_17643121._.js:3654:75)
    at spawnDynamicRequests (https://localhost:3000/_next/static/chunks/node_modules_next_dist_client_17643121._.js:3501:35)
    at navigateToSeededRoute (https://localhost:3000/_next/static/chunks/node_modules_next_dist_client_17643121._.js:7741:50)
    at refreshDynamicData (https://localhost:3000/_next/static/chunks/node_modules_next_dist_client_17643121._.js:8347:58)
    at hmrRefreshReducer (https://localhost:3000/_next/static/chunks/node_modules_next_dist_client_17643121._.js:8513:51)
    at clientReducer (https://localhost:3000/_next/static/chunks/node_modules_next_dist_client_17643121._.js:9081:65)
    at Object.action (https://localhost:3000/_next/static/chunks/node_modules_next_dist_client_17643121._.js:9310:55)
    at runAction (https://localhost:3000/_next/static/chunks/node_modules_next_dist_client_17643121._.js:9215:38)
    at dispatchAction (https://localhost:3000/_next/static/chunks/node_modules_next_dist_client_17643121._.js:9278:9)
    at Object.dispatch (https://localhost:3000/_next/static/chunks/node_modules_next_dist_client_17643121._.js:9308:40)
    at https://localhost:3000/_next/static/chunks/node_modules_next_dist_client_17643121._.js:1489:29
    at startTransition (https://localhost:3000/_next/static/chunks/node_modules_next_dist_compiled_react-dom_1e674e59._.js:5500:31)
    at dispatch (https://localhost:3000/_next/static/chunks/node_modules_next_dist_client_17643121._.js:1488:13)
    at dispatchAppRouterAction (https://localhost:3000/_next/static/chunks/node_modules_next_dist_client_17643121._.js:1470:5)
    at https://localhost:3000/_next/static/chunks/node_modules_next_dist_client_17643121._.js:9439:61
    at startTransition (https://localhost:3000/_next/static/chunks/node_modules_next_dist_compiled_a0e4c7b4._.js:1279:31)
    at Object.hmrRefresh (https://localhost:3000/_next/static/chunks/node_modules_next_dist_client_17643121._.js:9438:40)
    at processMessage (https://localhost:3000/_next/static/chunks/node_modules_next_dist_client_17643121._.js:11636:67)
    at WebSocket.handleMessage (https://localhost:3000/_next/static/chunks/node_modules_next_dist_client_17643121._.js:10914:52) @ https://localhost:3000/_next/static/chunks/node_modules_next_dist_f3530cac._.js:3127
[ 2131983ms] [ERROR] Failed to load resource: net::ERR_CONNECTION_REFUSED @ https://localhost:3000/fixture-row-actions?__chunk_retry=1790579347781&_rsc=nx5w1:0
[ 2131984ms] [ERROR] Failed to fetch RSC payload for https://localhost:3000/fixture-row-actions?__chunk_retry=1790579347781. Falling back to browser navigation. TypeError: Failed to fetch
    at createFetch (https://localhost:3000/_next/static/chunks/node_modules_next_dist_client_17643121._.js:2588:24)
    at fetchServerResponse (https://localhost:3000/_next/static/chunks/node_modules_next_dist_client_17643121._.js:2490:27)
    at fetchMissingDynamicData (https://localhost:3000/_next/static/chunks/node_modules_next_dist_client_17643121._.js:3654:75)
    at spawnDynamicRequests (https://localhost:3000/_next/static/chunks/node_modules_next_dist_client_17643121._.js:3501:35)
    at navigateToSeededRoute (https://localhost:3000/_next/static/chunks/node_modules_next_dist_client_17643121._.js:7741:50)
    at refreshDynamicData (https://localhost:3000/_next/static/chunks/node_modules_next_dist_client_17643121._.js:8347:58)
    at hmrRefreshReducer (https://localhost:3000/_next/static/chunks/node_modules_next_dist_client_17643121._.js:8513:51)
    at clientReducer (https://localhost:3000/_next/static/chunks/node_modules_next_dist_client_17643121._.js:9081:65)
    at Object.action (https://localhost:3000/_next/static/chunks/node_modules_next_dist_client_17643121._.js:9310:55)
    at runAction (https://localhost:3000/_next/static/chunks/node_modules_next_dist_client_17643121._.js:9215:38)
    at dispatchAction (https://localhost:3000/_next/static/chunks/node_modules_next_dist_client_17643121._.js:9278:9)
    at Object.dispatch (https://localhost:3000/_next/static/chunks/node_modules_next_dist_client_17643121._.js:9308:40)
    at https://localhost:3000/_next/static/chunks/node_modules_next_dist_client_17643121._.js:1489:29
    at startTransition (https://localhost:3000/_next/static/chunks/node_modules_next_dist_compiled_react-dom_1e674e59._.js:5500:31)
    at dispatch (https://localhost:3000/_next/static/chunks/node_modules_next_dist_client_17643121._.js:1488:13)
    at dispatchAppRouterAction (https://localhost:3000/_next/static/chunks/node_modules_next_dist_client_17643121._.js:1470:5)
    at https://localhost:3000/_next/static/chunks/node_modules_next_dist_client_17643121._.js:9439:61
    at startTransition (https://localhost:3000/_next/static/chunks/node_modules_next_dist_compiled_a0e4c7b4._.js:1279:31)
    at Object.hmrRefresh (https://localhost:3000/_next/static/chunks/node_modules_next_dist_client_17643121._.js:9438:40)
    at processMessage (https://localhost:3000/_next/static/chunks/node_modules_next_dist_client_17643121._.js:11636:67)
    at WebSocket.handleMessage (https://localhost:3000/_next/static/chunks/node_modules_next_dist_client_17643121._.js:10914:52) @ https://localhost:3000/_next/static/chunks/node_modules_next_dist_f3530cac._.js:3127
[ 2131989ms] [ERROR] Failed to load resource: net::ERR_CONNECTION_REFUSED @ https://localhost:3000/fixture-row-actions?__chunk_retry=1790579347781&_rsc=nx5w1:0
[ 2131990ms] [ERROR] Failed to fetch RSC payload for https://localhost:3000/fixture-row-actions?__chunk_retry=1790579347781. Falling back to browser navigation. TypeError: Failed to fetch
    at createFetch (https://localhost:3000/_next/static/chunks/node_modules_next_dist_client_17643121._.js:2588:24)
    at fetchServerResponse (https://localhost:3000/_next/static/chunks/node_modules_next_dist_client_17643121._.js:2490:27)
    at fetchMissingDynamicData (https://localhost:3000/_next/static/chunks/node_modules_next_dist_client_17643121._.js:3654:75)
    at spawnDynamicRequests (https://localhost:3000/_next/static/chunks/node_modules_next_dist_client_17643121._.js:3501:35)
    at navigateToSeededRoute (https://localhost:3000/_next/static/chunks/node_modules_next_dist_client_17643121._.js:7741:50)
    at refreshDynamicData (https://localhost:3000/_next/static/chunks/node_modules_next_dist_client_17643121._.js:8347:58)
    at hmrRefreshReducer (https://localhost:3000/_next/static/chunks/node_modules_next_dist_client_17643121._.js:8513:51)
    at clientReducer (https://localhost:3000/_next/static/chunks/node_modules_next_dist_client_17643121._.js:9081:65)
    at Object.action (https://localhost:3000/_next/static/chunks/node_modules_next_dist_client_17643121._.js:9310:55)
    at runAction (https://localhost:3000/_next/static/chunks/node_modules_next_dist_client_17643121._.js:9215:38)
    at dispatchAction (https://localhost:3000/_next/static/chunks/node_modules_next_dist_client_17643121._.js:9278:9)
    at Object.dispatch (https://localhost:3000/_next/static/chunks/node_modules_next_dist_client_17643121._.js:9308:40)
    at https://localhost:3000/_next/static/chunks/node_modules_next_dist_client_17643121._.js:1489:29
    at startTransition (https://localhost:3000/_next/static/chunks/node_modules_next_dist_compiled_react-dom_1e674e59._.js:5500:31)
    at dispatch (https://localhost:3000/_next/static/chunks/node_modules_next_dist_client_17643121._.js:1488:13)
    at dispatchAppRouterAction (https://localhost:3000/_next/static/chunks/node_modules_next_dist_client_17643121._.js:1470:5)
    at https://localhost:3000/_next/static/chunks/node_modules_next_dist_client_17643121._.js:9439:61
    at startTransition (https://localhost:3000/_next/static/chunks/node_modules_next_dist_compiled_a0e4c7b4._.js:1279:31)
    at Object.hmrRefresh (https://localhost:3000/_next/static/chunks/node_modules_next_dist_client_17643121._.js:9438:40)
    at processMessage (https://localhost:3000/_next/static/chunks/node_modules_next_dist_client_17643121._.js:11636:67)
    at WebSocket.handleMessage (https://localhost:3000/_next/static/chunks/node_modules_next_dist_client_17643121._.js:10914:52) @ https://localhost:3000/_next/static/chunks/node_modules_next_dist_f3530cac._.js:3127
[ 2131996ms] [ERROR] Failed to load resource: net::ERR_CONNECTION_REFUSED @ https://localhost:3000/fixture-row-actions?__chunk_retry=1790579347781&_rsc=nx5w1:0
[ 2131997ms] [ERROR] Failed to fetch RSC payload for https://localhost:3000/fixture-row-actions?__chunk_retry=1790579347781. Falling back to browser navigation. TypeError: Failed to fetch
    at createFetch (https://localhost:3000/_next/static/chunks/node_modules_next_dist_client_17643121._.js:2588:24)
    at fetchServerResponse (https://localhost:3000/_next/static/chunks/node_modules_next_dist_client_17643121._.js:2490:27)
    at fetchMissingDynamicData (https://localhost:3000/_next/static/chunks/node_modules_next_dist_client_17643121._.js:3654:75)
    at spawnDynamicRequests (https://localhost:3000/_next/static/chunks/node_modules_next_dist_client_17643121._.js:3501:35)
    at navigateToSeededRoute (https://localhost:3000/_next/static/chunks/node_modules_next_dist_client_17643121._.js:7741:50)
    at refreshDynamicData (https://localhost:3000/_next/static/chunks/node_modules_next_dist_client_17643121._.js:8347:58)
    at hmrRefreshReducer (https://localhost:3000/_next/static/chunks/node_modules_next_dist_client_17643121._.js:8513:51)
    at clientReducer (https://localhost:3000/_next/static/chunks/node_modules_next_dist_client_17643121._.js:9081:65)
    at Object.action (https://localhost:3000/_next/static/chunks/node_modules_next_dist_client_17643121._.js:9310:55)
    at runAction (https://localhost:3000/_next/static/chunks/node_modules_next_dist_client_17643121._.js:9215:38)
    at dispatchAction (https://localhost:3000/_next/static/chunks/node_modules_next_dist_client_17643121._.js:9278:9)
    at Object.dispatch (https://localhost:3000/_next/static/chunks/node_modules_next_dist_client_17643121._.js:9308:40)
    at https://localhost:3000/_next/static/chunks/node_modules_next_dist_client_17643121._.js:1489:29
    at startTransition (https://localhost:3000/_next/static/chunks/node_modules_next_dist_compiled_react-dom_1e674e59._.js:5500:31)
    at dispatch (https://localhost:3000/_next/static/chunks/node_modules_next_dist_client_17643121._.js:1488:13)
    at dispatchAppRouterAction (https://localhost:3000/_next/static/chunks/node_modules_next_dist_client_17643121._.js:1470:5)
    at https://localhost:3000/_next/static/chunks/node_modules_next_dist_client_17643121._.js:9439:61
    at startTransition (https://localhost:3000/_next/static/chunks/node_modules_next_dist_compiled_a0e4c7b4._.js:1279:31)
    at Object.hmrRefresh (https://localhost:3000/_next/static/chunks/node_modules_next_dist_client_17643121._.js:9438:40)
    at processMessage (https://localhost:3000/_next/static/chunks/node_modules_next_dist_client_17643121._.js:11636:67)
    at WebSocket.handleMessage (https://localhost:3000/_next/static/chunks/node_modules_next_dist_client_17643121._.js:10914:52) @ https://localhost:3000/_next/static/chunks/node_modules_next_dist_f3530cac._.js:3127
[ 2132000ms] [ERROR] Failed to load resource: net::ERR_CONNECTION_REFUSED @ https://localhost:3000/fixture-row-actions?__chunk_retry=1790579347781&_rsc=nx5w1:0
[ 2132001ms] [ERROR] Failed to fetch RSC payload for https://localhost:3000/fixture-row-actions?__chunk_retry=1790579347781. Falling back to browser navigation. TypeError: Failed to fetch
    at createFetch (https://localhost:3000/_next/static/chunks/node_modules_next_dist_client_17643121._.js:2588:24)
    at fetchServerResponse (https://localhost:3000/_next/static/chunks/node_modules_next_dist_client_17643121._.js:2490:27)
    at fetchMissingDynamicData (https://localhost:3000/_next/static/chunks/node_modules_next_dist_client_17643121._.js:3654:75)
    at spawnDynamicRequests (https://localhost:3000/_next/static/chunks/node_modules_next_dist_client_17643121._.js:3501:35)
    at navigateToSeededRoute (https://localhost:3000/_next/static/chunks/node_modules_next_dist_client_17643121._.js:7741:50)
    at refreshDynamicData (https://localhost:3000/_next/static/chunks/node_modules_next_dist_client_17643121._.js:8347:58)
    at hmrRefreshReducer (https://localhost:3000/_next/static/chunks/node_modules_next_dist_client_17643121._.js:8513:51)
    at clientReducer (https://localhost:3000/_next/static/chunks/node_modules_next_dist_client_17643121._.js:9081:65)
    at Object.action (https://localhost:3000/_next/static/chunks/node_modules_next_dist_client_17643121._.js:9310:55)
    at runAction (https://localhost:3000/_next/static/chunks/node_modules_next_dist_client_17643121._.js:9215:38)
    at dispatchAction (https://localhost:3000/_next/static/chunks/node_modules_next_dist_client_17643121._.js:9278:9)
    at Object.dispatch (https://localhost:3000/_next/static/chunks/node_modules_next_dist_client_17643121._.js:9308:40)
    at https://localhost:3000/_next/static/chunks/node_modules_next_dist_client_17643121._.js:1489:29
    at startTransition (https://localhost:3000/_next/static/chunks/node_modules_next_dist_compiled_react-dom_1e674e59._.js:5500:31)
    at dispatch (https://localhost:3000/_next/static/chunks/node_modules_next_dist_client_17643121._.js:1488:13)
    at dispatchAppRouterAction (https://localhost:3000/_next/static/chunks/node_modules_next_dist_client_17643121._.js:1470:5)
    at https://localhost:3000/_next/static/chunks/node_modules_next_dist_client_17643121._.js:9439:61
    at startTransition (https://localhost:3000/_next/static/chunks/node_modules_next_dist_compiled_a0e4c7b4._.js:1279:31)
    at Object.hmrRefresh (https://localhost:3000/_next/static/chunks/node_modules_next_dist_client_17643121._.js:9438:40)
    at processMessage (https://localhost:3000/_next/static/chunks/node_modules_next_dist_client_17643121._.js:11636:67)
    at WebSocket.handleMessage (https://localhost:3000/_next/static/chunks/node_modules_next_dist_client_17643121._.js:10914:52) @ https://localhost:3000/_next/static/chunks/node_modules_next_dist_f3530cac._.js:3127
[ 2132004ms] [ERROR] Failed to load resource: net::ERR_CONNECTION_REFUSED @ https://localhost:3000/fixture-row-actions?__chunk_retry=1790579347781&_rsc=nx5w1:0
[ 2132005ms] [ERROR] Failed to fetch RSC payload for https://localhost:3000/fixture-row-actions?__chunk_retry=1790579347781. Falling back to browser navigation. TypeError: Failed to fetch
    at createFetch (https://localhost:3000/_next/static/chunks/node_modules_next_dist_client_17643121._.js:2588:24)
    at fetchServerResponse (https://localhost:3000/_next/static/chunks/node_modules_next_dist_client_17643121._.js:2490:27)
    at fetchMissingDynamicData (https://localhost:3000/_next/static/chunks/node_modules_next_dist_client_17643121._.js:3654:75)
    at spawnDynamicRequests (https://localhost:3000/_next/static/chunks/node_modules_next_dist_client_17643121._.js:3501:35)
    at navigateToSeededRoute (https://localhost:3000/_next/static/chunks/node_modules_next_dist_client_17643121._.js:7741:50)
    at refreshDynamicData (https://localhost:3000/_next/static/chunks/node_modules_next_dist_client_17643121._.js:8347:58)
    at hmrRefreshReducer (https://localhost:3000/_next/static/chunks/node_modules_next_dist_client_17643121._.js:8513:51)
    at clientReducer (https://localhost:3000/_next/static/chunks/node_modules_next_dist_client_17643121._.js:9081:65)
    at Object.action (https://localhost:3000/_next/static/chunks/node_modules_next_dist_client_17643121._.js:9310:55)
    at runAction (https://localhost:3000/_next/static/chunks/node_modules_next_dist_client_17643121._.js:9215:38)
    at dispatchAction (https://localhost:3000/_next/static/chunks/node_modules_next_dist_client_17643121._.js:9278:9)
    at Object.dispatch (https://localhost:3000/_next/static/chunks/node_modules_next_dist_client_17643121._.js:9308:40)
    at https://localhost:3000/_next/static/chunks/node_modules_next_dist_client_17643121._.js:1489:29
    at startTransition (https://localhost:3000/_next/static/chunks/node_modules_next_dist_compiled_react-dom_1e674e59._.js:5500:31)
    at dispatch (https://localhost:3000/_next/static/chunks/node_modules_next_dist_client_17643121._.js:1488:13)
    at dispatchAppRouterAction (https://localhost:3000/_next/static/chunks/node_modules_next_dist_client_17643121._.js:1470:5)
    at https://localhost:3000/_next/static/chunks/node_modules_next_dist_client_17643121._.js:9439:61
    at startTransition (https://localhost:3000/_next/static/chunks/node_modules_next_dist_compiled_a0e4c7b4._.js:1279:31)
    at Object.hmrRefresh (https://localhost:3000/_next/static/chunks/node_modules_next_dist_client_17643121._.js:9438:40)
    at processMessage (https://localhost:3000/_next/static/chunks/node_modules_next_dist_client_17643121._.js:11636:67)
    at WebSocket.handleMessage (https://localhost:3000/_next/static/chunks/node_modules_next_dist_client_17643121._.js:10914:52) @ https://localhost:3000/_next/static/chunks/node_modules_next_dist_f3530cac._.js:3127
[ 2132007ms] [ERROR] Failed to load resource: net::ERR_CONNECTION_REFUSED @ https://localhost:3000/fixture-row-actions?__chunk_retry=1790579347781&_rsc=nx5w1:0
[ 2132007ms] [ERROR] Failed to fetch RSC payload for https://localhost:3000/fixture-row-actions?__chunk_retry=1790579347781. Falling back to browser navigation. TypeError: Failed to fetch
    at createFetch (https://localhost:3000/_next/static/chunks/node_modules_next_dist_client_17643121._.js:2588:24)
    at fetchServerResponse (https://localhost:3000/_next/static/chunks/node_modules_next_dist_client_17643121._.js:2490:27)
    at fetchMissingDynamicData (https://localhost:3000/_next/static/chunks/node_modules_next_dist_client_17643121._.js:3654:75)
    at spawnDynamicRequests (https://localhost:3000/_next/static/chunks/node_modules_next_dist_client_17643121._.js:3501:35)
    at navigateToSeededRoute (https://localhost:3000/_next/static/chunks/node_modules_next_dist_client_17643121._.js:7741:50)
    at refreshDynamicData (https://localhost:3000/_next/static/chunks/node_modules_next_dist_client_17643121._.js:8347:58)
    at hmrRefreshReducer (https://localhost:3000/_next/static/chunks/node_modules_next_dist_client_17643121._.js:8513:51)
    at clientReducer (https://localhost:3000/_next/static/chunks/node_modules_next_dist_client_17643121._.js:9081:65)
    at Object.action (https://localhost:3000/_next/static/chunks/node_modules_next_dist_client_17643121._.js:9310:55)
    at runAction (https://localhost:3000/_next/static/chunks/node_modules_next_dist_client_17643121._.js:9215:38)
    at dispatchAction (https://localhost:3000/_next/static/chunks/node_modules_next_dist_client_17643121._.js:9278:9)
    at Object.dispatch (https://localhost:3000/_next/static/chunks/node_modules_next_dist_client_17643121._.js:9308:40)
    at https://localhost:3000/_next/static/chunks/node_modules_next_dist_client_17643121._.js:1489:29
    at startTransition (https://localhost:3000/_next/static/chunks/node_modules_next_dist_compiled_react-dom_1e674e59._.js:5500:31)
    at dispatch (https://localhost:3000/_next/static/chunks/node_modules_next_dist_client_17643121._.js:1488:13)
    at dispatchAppRouterAction (https://localhost:3000/_next/static/chunks/node_modules_next_dist_client_17643121._.js:1470:5)
    at https://localhost:3000/_next/static/chunks/node_modules_next_dist_client_17643121._.js:9439:61
    at startTransition (https://localhost:3000/_next/static/chunks/node_modules_next_dist_compiled_a0e4c7b4._.js:1279:31)
    at Object.hmrRefresh (https://localhost:3000/_next/static/chunks/node_modules_next_dist_client_17643121._.js:9438:40)
    at processMessage (https://localhost:3000/_next/static/chunks/node_modules_next_dist_client_17643121._.js:11636:67)
    at WebSocket.handleMessage (https://localhost:3000/_next/static/chunks/node_modules_next_dist_client_17643121._.js:10914:52) @ https://localhost:3000/_next/static/chunks/node_modules_next_dist_f3530cac._.js:3127
[ 2132014ms] [ERROR] Failed to load resource: net::ERR_CONNECTION_REFUSED @ https://localhost:3000/fixture-row-actions?__chunk_retry=1790579347781&_rsc=nx5w1:0
[ 2132014ms] [ERROR] Failed to fetch RSC payload for https://localhost:3000/fixture-row-actions?__chunk_retry=1790579347781. Falling back to browser navigation. TypeError: Failed to fetch
    at createFetch (https://localhost:3000/_next/static/chunks/node_modules_next_dist_client_17643121._.js:2588:24)
    at fetchServerResponse (https://localhost:3000/_next/static/chunks/node_modules_next_dist_client_17643121._.js:2490:27)
    at fetchMissingDynamicData (https://localhost:3000/_next/static/chunks/node_modules_next_dist_client_17643121._.js:3654:75)
    at spawnDynamicRequests (https://localhost:3000/_next/static/chunks/node_modules_next_dist_client_17643121._.js:3501:35)
    at navigateToSeededRoute (https://localhost:3000/_next/static/chunks/node_modules_next_dist_client_17643121._.js:7741:50)
    at refreshDynamicData (https://localhost:3000/_next/static/chunks/node_modules_next_dist_client_17643121._.js:8347:58)
    at hmrRefreshReducer (https://localhost:3000/_next/static/chunks/node_modules_next_dist_client_17643121._.js:8513:51)
    at clientReducer (https://localhost:3000/_next/static/chunks/node_modules_next_dist_client_17643121._.js:9081:65)
    at Object.action (https://localhost:3000/_next/static/chunks/node_modules_next_dist_client_17643121._.js:9310:55)
    at runAction (https://localhost:3000/_next/static/chunks/node_modules_next_dist_client_17643121._.js:9215:38)
    at dispatchAction (https://localhost:3000/_next/static/chunks/node_modules_next_dist_client_17643121._.js:9278:9)
    at Object.dispatch (https://localhost:3000/_next/static/chunks/node_modules_next_dist_client_17643121._.js:9308:40)
    at https://localhost:3000/_next/static/chunks/node_modules_next_dist_client_17643121._.js:1489:29
    at startTransition (https://localhost:3000/_next/static/chunks/node_modules_next_dist_compiled_react-dom_1e674e59._.js:5500:31)
    at dispatch (https://localhost:3000/_next/static/chunks/node_modules_next_dist_client_17643121._.js:1488:13)
    at dispatchAppRouterAction (https://localhost:3000/_next/static/chunks/node_modules_next_dist_client_17643121._.js:1470:5)
    at https://localhost:3000/_next/static/chunks/node_modules_next_dist_client_17643121._.js:9439:61
    at startTransition (https://localhost:3000/_next/static/chunks/node_modules_next_dist_compiled_a0e4c7b4._.js:1279:31)
    at Object.hmrRefresh (https://localhost:3000/_next/static/chunks/node_modules_next_dist_client_17643121._.js:9438:40)
    at processMessage (https://localhost:3000/_next/static/chunks/node_modules_next_dist_client_17643121._.js:11636:67)
    at WebSocket.handleMessage (https://localhost:3000/_next/static/chunks/node_modules_next_dist_client_17643121._.js:10914:52) @ https://localhost:3000/_next/static/chunks/node_modules_next_dist_f3530cac._.js:3127
[ 2132019ms] [ERROR] Failed to load resource: net::ERR_CONNECTION_REFUSED @ https://localhost:3000/fixture-row-actions?__chunk_retry=1790579347781&_rsc=nx5w1:0
[ 2132019ms] [ERROR] Failed to fetch RSC payload for https://localhost:3000/fixture-row-actions?__chunk_retry=1790579347781. Falling back to browser navigation. TypeError: Failed to fetch
    at createFetch (https://localhost:3000/_next/static/chunks/node_modules_next_dist_client_17643121._.js:2588:24)
    at fetchServerResponse (https://localhost:3000/_next/static/chunks/node_modules_next_dist_client_17643121._.js:2490:27)
    at fetchMissingDynamicData (https://localhost:3000/_next/static/chunks/node_modules_next_dist_client_17643121._.js:3654:75)
    at spawnDynamicRequests (https://localhost:3000/_next/static/chunks/node_modules_next_dist_client_17643121._.js:3501:35)
    at navigateToSeededRoute (https://localhost:3000/_next/static/chunks/node_modules_next_dist_client_17643121._.js:7741:50)
    at refreshDynamicData (https://localhost:3000/_next/static/chunks/node_modules_next_dist_client_17643121._.js:8347:58)
    at hmrRefreshReducer (https://localhost:3000/_next/static/chunks/node_modules_next_dist_client_17643121._.js:8513:51)
    at clientReducer (https://localhost:3000/_next/static/chunks/node_modules_next_dist_client_17643121._.js:9081:65)
    at Object.action (https://localhost:3000/_next/static/chunks/node_modules_next_dist_client_17643121._.js:9310:55)
    at runAction (https://localhost:3000/_next/static/chunks/node_modules_next_dist_client_17643121._.js:9215:38)
    at dispatchAction (https://localhost:3000/_next/static/chunks/node_modules_next_dist_client_17643121._.js:9278:9)
    at Object.dispatch (https://localhost:3000/_next/static/chunks/node_modules_next_dist_client_17643121._.js:9308:40)
    at https://localhost:3000/_next/static/chunks/node_modules_next_dist_client_17643121._.js:1489:29
    at startTransition (https://localhost:3000/_next/static/chunks/node_modules_next_dist_compiled_react-dom_1e674e59._.js:5500:31)
    at dispatch (https://localhost:3000/_next/static/chunks/node_modules_next_dist_client_17643121._.js:1488:13)
    at dispatchAppRouterAction (https://localhost:3000/_next/static/chunks/node_modules_next_dist_client_17643121._.js:1470:5)
    at https://localhost:3000/_next/static/chunks/node_modules_next_dist_client_17643121._.js:9439:61
    at startTransition (https://localhost:3000/_next/static/chunks/node_modules_next_dist_compiled_a0e4c7b4._.js:1279:31)
    at Object.hmrRefresh (https://localhost:3000/_next/static/chunks/node_modules_next_dist_client_17643121._.js:9438:40)
    at processMessage (https://localhost:3000/_next/static/chunks/node_modules_next_dist_client_17643121._.js:11636:67)
    at WebSocket.handleMessage (https://localhost:3000/_next/static/chunks/node_modules_next_dist_client_17643121._.js:10914:52) @ https://localhost:3000/_next/static/chunks/node_modules_next_dist_f3530cac._.js:3127
[ 2132039ms] [ERROR] Failed to load resource: net::ERR_CONNECTION_REFUSED @ https://localhost:3000/fixture-row-actions?__chunk_retry=1790579347781&_rsc=nx5w1:0
[ 2132039ms] [ERROR] Failed to fetch RSC payload for https://localhost:3000/fixture-row-actions?__chunk_retry=1790579347781. Falling back to browser navigation. TypeError: Failed to fetch
    at createFetch (https://localhost:3000/_next/static/chunks/node_modules_next_dist_client_17643121._.js:2588:24)
    at fetchServerResponse (https://localhost:3000/_next/static/chunks/node_modules_next_dist_client_17643121._.js:2490:27)
    at fetchMissingDynamicData (https://localhost:3000/_next/static/chunks/node_modules_next_dist_client_17643121._.js:3654:75)
    at spawnDynamicRequests (https://localhost:3000/_next/static/chunks/node_modules_next_dist_client_17643121._.js:3501:35)
    at navigateToSeededRoute (https://localhost:3000/_next/static/chunks/node_modules_next_dist_client_17643121._.js:7741:50)
    at refreshDynamicData (https://localhost:3000/_next/static/chunks/node_modules_next_dist_client_17643121._.js:8347:58)
    at hmrRefreshReducer (https://localhost:3000/_next/static/chunks/node_modules_next_dist_client_17643121._.js:8513:51)
    at clientReducer (https://localhost:3000/_next/static/chunks/node_modules_next_dist_client_17643121._.js:9081:65)
    at Object.action (https://localhost:3000/_next/static/chunks/node_modules_next_dist_client_17643121._.js:9310:55)
    at runAction (https://localhost:3000/_next/static/chunks/node_modules_next_dist_client_17643121._.js:9215:38)
    at dispatchAction (https://localhost:3000/_next/static/chunks/node_modules_next_dist_client_17643121._.js:9278:9)
    at Object.dispatch (https://localhost:3000/_next/static/chunks/node_modules_next_dist_client_17643121._.js:9308:40)
    at https://localhost:3000/_next/static/chunks/node_modules_next_dist_client_17643121._.js:1489:29
    at startTransition (https://localhost:3000/_next/static/chunks/node_modules_next_dist_compiled_react-dom_1e674e59._.js:5500:31)
    at dispatch (https://localhost:3000/_next/static/chunks/node_modules_next_dist_client_17643121._.js:1488:13)
    at dispatchAppRouterAction (https://localhost:3000/_next/static/chunks/node_modules_next_dist_client_17643121._.js:1470:5)
    at https://localhost:3000/_next/static/chunks/node_modules_next_dist_client_17643121._.js:9439:61
    at startTransition (https://localhost:3000/_next/static/chunks/node_modules_next_dist_compiled_a0e4c7b4._.js:1279:31)
    at Object.hmrRefresh (https://localhost:3000/_next/static/chunks/node_modules_next_dist_client_17643121._.js:9438:40)
    at processMessage (https://localhost:3000/_next/static/chunks/node_modules_next_dist_client_17643121._.js:11636:67)
    at WebSocket.handleMessage (https://localhost:3000/_next/static/chunks/node_modules_next_dist_client_17643121._.js:10914:52) @ https://localhost:3000/_next/static/chunks/node_modules_next_dist_f3530cac._.js:3127
[ 2132050ms] [ERROR] Failed to load resource: net::ERR_CONNECTION_REFUSED @ https://localhost:3000/fixture-row-actions?__chunk_retry=1790579347781&_rsc=nx5w1:0
[ 2132054ms] [ERROR] Failed to fetch RSC payload for https://localhost:3000/fixture-row-actions?__chunk_retry=1790579347781. Falling back to browser navigation. TypeError: Failed to fetch
    at createFetch (https://localhost:3000/_next/static/chunks/node_modules_next_dist_client_17643121._.js:2588:24)
    at fetchServerResponse (https://localhost:3000/_next/static/chunks/node_modules_next_dist_client_17643121._.js:2490:27)
    at fetchMissingDynamicData (https://localhost:3000/_next/static/chunks/node_modules_next_dist_client_17643121._.js:3654:75)
    at spawnDynamicRequests (https://localhost:3000/_next/static/chunks/node_modules_next_dist_client_17643121._.js:3501:35)
    at navigateToSeededRoute (https://localhost:3000/_next/static/chunks/node_modules_next_dist_client_17643121._.js:7741:50)
    at refreshDynamicData (https://localhost:3000/_next/static/chunks/node_modules_next_dist_client_17643121._.js:8347:58)
    at hmrRefreshReducer (https://localhost:3000/_next/static/chunks/node_modules_next_dist_client_17643121._.js:8513:51)
    at clientReducer (https://localhost:3000/_next/static/chunks/node_modules_next_dist_client_17643121._.js:9081:65)
    at Object.action (https://localhost:3000/_next/static/chunks/node_modules_next_dist_client_17643121._.js:9310:55)
    at runAction (https://localhost:3000/_next/static/chunks/node_modules_next_dist_client_17643121._.js:9215:38)
    at dispatchAction (https://localhost:3000/_next/static/chunks/node_modules_next_dist_client_17643121._.js:9278:9)
    at Object.dispatch (https://localhost:3000/_next/static/chunks/node_modules_next_dist_client_17643121._.js:9308:40)
    at https://localhost:3000/_next/static/chunks/node_modules_next_dist_client_17643121._.js:1489:29
    at startTransition (https://localhost:3000/_next/static/chunks/node_modules_next_dist_compiled_react-dom_1e674e59._.js:5500:31)
    at dispatch (https://localhost:3000/_next/static/chunks/node_modules_next_dist_client_17643121._.js:1488:13)
    at dispatchAppRouterAction (https://localhost:3000/_next/static/chunks/node_modules_next_dist_client_17643121._.js:1470:5)
    at https://localhost:3000/_next/static/chunks/node_modules_next_dist_client_17643121._.js:9439:61
    at startTransition (https://localhost:3000/_next/static/chunks/node_modules_next_dist_compiled_a0e4c7b4._.js:1279:31)
    at Object.hmrRefresh (https://localhost:3000/_next/static/chunks/node_modules_next_dist_client_17643121._.js:9438:40)
    at processMessage (https://localhost:3000/_next/static/chunks/node_modules_next_dist_client_17643121._.js:11636:67)
    at WebSocket.handleMessage (https://localhost:3000/_next/static/chunks/node_modules_next_dist_client_17643121._.js:10914:52) @ https://localhost:3000/_next/static/chunks/node_modules_next_dist_f3530cac._.js:3127
[ 2132106ms] [ERROR] Failed to load resource: net::ERR_CONNECTION_REFUSED @ https://localhost:3000/fixture-row-actions?__chunk_retry=1790579347781&_rsc=nx5w1:0
[ 2132106ms] [ERROR] Failed to fetch RSC payload for https://localhost:3000/fixture-row-actions?__chunk_retry=1790579347781. Falling back to browser navigation. TypeError: Failed to fetch
    at createFetch (https://localhost:3000/_next/static/chunks/node_modules_next_dist_client_17643121._.js:2588:24)
    at fetchServerResponse (https://localhost:3000/_next/static/chunks/node_modules_next_dist_client_17643121._.js:2490:27)
    at fetchMissingDynamicData (https://localhost:3000/_next/static/chunks/node_modules_next_dist_client_17643121._.js:3654:75)
    at spawnDynamicRequests (https://localhost:3000/_next/static/chunks/node_modules_next_dist_client_17643121._.js:3501:35)
    at navigateToSeededRoute (https://localhost:3000/_next/static/chunks/node_modules_next_dist_client_17643121._.js:7741:50)
    at refreshDynamicData (https://localhost:3000/_next/static/chunks/node_modules_next_dist_client_17643121._.js:8347:58)
    at hmrRefreshReducer (https://localhost:3000/_next/static/chunks/node_modules_next_dist_client_17643121._.js:8513:51)
    at clientReducer (https://localhost:3000/_next/static/chunks/node_modules_next_dist_client_17643121._.js:9081:65)
    at Object.action (https://localhost:3000/_next/static/chunks/node_modules_next_dist_client_17643121._.js:9310:55)
    at runAction (https://localhost:3000/_next/static/chunks/node_modules_next_dist_client_17643121._.js:9215:38)
    at dispatchAction (https://localhost:3000/_next/static/chunks/node_modules_next_dist_client_17643121._.js:9278:9)
    at Object.dispatch (https://localhost:3000/_next/static/chunks/node_modules_next_dist_client_17643121._.js:9308:40)
    at https://localhost:3000/_next/static/chunks/node_modules_next_dist_client_17643121._.js:1489:29
    at startTransition (https://localhost:3000/_next/static/chunks/node_modules_next_dist_compiled_react-dom_1e674e59._.js:5500:31)
    at dispatch (https://localhost:3000/_next/static/chunks/node_modules_next_dist_client_17643121._.js:1488:13)
    at dispatchAppRouterAction (https://localhost:3000/_next/static/chunks/node_modules_next_dist_client_17643121._.js:1470:5)
    at https://localhost:3000/_next/static/chunks/node_modules_next_dist_client_17643121._.js:9439:61
    at startTransition (https://localhost:3000/_next/static/chunks/node_modules_next_dist_compiled_a0e4c7b4._.js:1279:31)
    at Object.hmrRefresh (https://localhost:3000/_next/static/chunks/node_modules_next_dist_client_17643121._.js:9438:40)
    at processMessage (https://localhost:3000/_next/static/chunks/node_modules_next_dist_client_17643121._.js:11636:67)
    at WebSocket.handleMessage (https://localhost:3000/_next/static/chunks/node_modules_next_dist_client_17643121._.js:10914:52) @ https://localhost:3000/_next/static/chunks/node_modules_next_dist_f3530cac._.js:3127
[ 2132218ms] [ERROR] Failed to load resource: net::ERR_CONNECTION_REFUSED @ https://localhost:3000/fixture-row-actions?__chunk_retry=1790579347781&_rsc=nx5w1:0
[ 2132221ms] [ERROR] Failed to fetch RSC payload for https://localhost:3000/fixture-row-actions?__chunk_retry=1790579347781. Falling back to browser navigation. TypeError: Failed to fetch
    at createFetch (https://localhost:3000/_next/static/chunks/node_modules_next_dist_client_17643121._.js:2588:24)
    at fetchServerResponse (https://localhost:3000/_next/static/chunks/node_modules_next_dist_client_17643121._.js:2490:27)
    at fetchMissingDynamicData (https://localhost:3000/_next/static/chunks/node_modules_next_dist_client_17643121._.js:3654:75)
    at spawnDynamicRequests (https://localhost:3000/_next/static/chunks/node_modules_next_dist_client_17643121._.js:3501:35)
    at navigateToSeededRoute (https://localhost:3000/_next/static/chunks/node_modules_next_dist_client_17643121._.js:7741:50)
    at refreshDynamicData (https://localhost:3000/_next/static/chunks/node_modules_next_dist_client_17643121._.js:8347:58)
    at hmrRefreshReducer (https://localhost:3000/_next/static/chunks/node_modules_next_dist_client_17643121._.js:8513:51)
    at clientReducer (https://localhost:3000/_next/static/chunks/node_modules_next_dist_client_17643121._.js:9081:65)
    at Object.action (https://localhost:3000/_next/static/chunks/node_modules_next_dist_client_17643121._.js:9310:55)
    at runAction (https://localhost:3000/_next/static/chunks/node_modules_next_dist_client_17643121._.js:9215:38)
    at dispatchAction (https://localhost:3000/_next/static/chunks/node_modules_next_dist_client_17643121._.js:9278:9)
    at Object.dispatch (https://localhost:3000/_next/static/chunks/node_modules_next_dist_client_17643121._.js:9308:40)
    at https://localhost:3000/_next/static/chunks/node_modules_next_dist_client_17643121._.js:1489:29
    at startTransition (https://localhost:3000/_next/static/chunks/node_modules_next_dist_compiled_react-dom_1e674e59._.js:5500:31)
    at dispatch (https://localhost:3000/_next/static/chunks/node_modules_next_dist_client_17643121._.js:1488:13)
    at dispatchAppRouterAction (https://localhost:3000/_next/static/chunks/node_modules_next_dist_client_17643121._.js:1470:5)
    at https://localhost:3000/_next/static/chunks/node_modules_next_dist_client_17643121._.js:9439:61
    at startTransition (https://localhost:3000/_next/static/chunks/node_modules_next_dist_compiled_a0e4c7b4._.js:1279:31)
    at Object.hmrRefresh (https://localhost:3000/_next/static/chunks/node_modules_next_dist_client_17643121._.js:9438:40)
    at processMessage (https://localhost:3000/_next/static/chunks/node_modules_next_dist_client_17643121._.js:11636:67)
    at WebSocket.handleMessage (https://localhost:3000/_next/static/chunks/node_modules_next_dist_client_17643121._.js:10914:52) @ https://localhost:3000/_next/static/chunks/node_modules_next_dist_f3530cac._.js:3127
[ 2132227ms] [ERROR] Failed to load resource: net::ERR_CONNECTION_REFUSED @ https://localhost:3000/fixture-row-actions?__chunk_retry=1790579347781&_rsc=nx5w1:0
[ 2132229ms] [ERROR] Failed to fetch RSC payload for https://localhost:3000/fixture-row-actions?__chunk_retry=1790579347781. Falling back to browser navigation. TypeError: Failed to fetch
    at createFetch (https://localhost:3000/_next/static/chunks/node_modules_next_dist_client_17643121._.js:2588:24)
    at fetchServerResponse (https://localhost:3000/_next/static/chunks/node_modules_next_dist_client_17643121._.js:2490:27)
    at fetchMissingDynamicData (https://localhost:3000/_next/static/chunks/node_modules_next_dist_client_17643121._.js:3654:75)
    at spawnDynamicRequests (https://localhost:3000/_next/static/chunks/node_modules_next_dist_client_17643121._.js:3501:35)
    at navigateToSeededRoute (https://localhost:3000/_next/static/chunks/node_modules_next_dist_client_17643121._.js:7741:50)
    at refreshDynamicData (https://localhost:3000/_next/static/chunks/node_modules_next_dist_client_17643121._.js:8347:58)
    at hmrRefreshReducer (https://localhost:3000/_next/static/chunks/node_modules_next_dist_client_17643121._.js:8513:51)
    at clientReducer (https://localhost:3000/_next/static/chunks/node_modules_next_dist_client_17643121._.js:9081:65)
    at Object.action (https://localhost:3000/_next/static/chunks/node_modules_next_dist_client_17643121._.js:9310:55)
    at runAction (https://localhost:3000/_next/static/chunks/node_modules_next_dist_client_17643121._.js:9215:38)
    at dispatchAction (https://localhost:3000/_next/static/chunks/node_modules_next_dist_client_17643121._.js:9278:9)
    at Object.dispatch (https://localhost:3000/_next/static/chunks/node_modules_next_dist_client_17643121._.js:9308:40)
    at https://localhost:3000/_next/static/chunks/node_modules_next_dist_client_17643121._.js:1489:29
    at startTransition (https://localhost:3000/_next/static/chunks/node_modules_next_dist_compiled_react-dom_1e674e59._.js:5500:31)
    at dispatch (https://localhost:3000/_next/static/chunks/node_modules_next_dist_client_17643121._.js:1488:13)
    at dispatchAppRouterAction (https://localhost:3000/_next/static/chunks/node_modules_next_dist_client_17643121._.js:1470:5)
    at https://localhost:3000/_next/static/chunks/node_modules_next_dist_client_17643121._.js:9439:61
    at startTransition (https://localhost:3000/_next/static/chunks/node_modules_next_dist_compiled_a0e4c7b4._.js:1279:31)
    at Object.hmrRefresh (https://localhost:3000/_next/static/chunks/node_modules_next_dist_client_17643121._.js:9438:40)
    at processMessage (https://localhost:3000/_next/static/chunks/node_modules_next_dist_client_17643121._.js:11636:67)
    at WebSocket.handleMessage (https://localhost:3000/_next/static/chunks/node_modules_next_dist_client_17643121._.js:10914:52) @ https://localhost:3000/_next/static/chunks/node_modules_next_dist_f3530cac._.js:3127
[ 2132256ms] [ERROR] Failed to load resource: net::ERR_CONNECTION_REFUSED @ https://localhost:3000/fixture-row-actions?__chunk_retry=1790579347781&_rsc=nx5w1:0
[ 2132256ms] [ERROR] Failed to fetch RSC payload for https://localhost:3000/fixture-row-actions?__chunk_retry=1790579347781. Falling back to browser navigation. TypeError: Failed to fetch
    at createFetch (https://localhost:3000/_next/static/chunks/node_modules_next_dist_client_17643121._.js:2588:24)
    at fetchServerResponse (https://localhost:3000/_next/static/chunks/node_modules_next_dist_client_17643121._.js:2490:27)
    at fetchMissingDynamicData (https://localhost:3000/_next/static/chunks/node_modules_next_dist_client_17643121._.js:3654:75)
    at spawnDynamicRequests (https://localhost:3000/_next/static/chunks/node_modules_next_dist_client_17643121._.js:3501:35)
    at navigateToSeededRoute (https://localhost:3000/_next/static/chunks/node_modules_next_dist_client_17643121._.js:7741:50)
    at refreshDynamicData (https://localhost:3000/_next/static/chunks/node_modules_next_dist_client_17643121._.js:8347:58)
    at hmrRefreshReducer (https://localhost:3000/_next/static/chunks/node_modules_next_dist_client_17643121._.js:8513:51)
    at clientReducer (https://localhost:3000/_next/static/chunks/node_modules_next_dist_client_17643121._.js:9081:65)
    at Object.action (https://localhost:3000/_next/static/chunks/node_modules_next_dist_client_17643121._.js:9310:55)
    at runAction (https://localhost:3000/_next/static/chunks/node_modules_next_dist_client_17643121._.js:9215:38)
    at dispatchAction (https://localhost:3000/_next/static/chunks/node_modules_next_dist_client_17643121._.js:9278:9)
    at Object.dispatch (https://localhost:3000/_next/static/chunks/node_modules_next_dist_client_17643121._.js:9308:40)
    at https://localhost:3000/_next/static/chunks/node_modules_next_dist_client_17643121._.js:1489:29
    at startTransition (https://localhost:3000/_next/static/chunks/node_modules_next_dist_compiled_react-dom_1e674e59._.js:5500:31)
    at dispatch (https://localhost:3000/_next/static/chunks/node_modules_next_dist_client_17643121._.js:1488:13)
    at dispatchAppRouterAction (https://localhost:3000/_next/static/chunks/node_modules_next_dist_client_17643121._.js:1470:5)
    at https://localhost:3000/_next/static/chunks/node_modules_next_dist_client_17643121._.js:9439:61
    at startTransition (https://localhost:3000/_next/static/chunks/node_modules_next_dist_compiled_a0e4c7b4._.js:1279:31)
    at Object.hmrRefresh (https://localhost:3000/_next/static/chunks/node_modules_next_dist_client_17643121._.js:9438:40)
    at processMessage (https://localhost:3000/_next/static/chunks/node_modules_next_dist_client_17643121._.js:11636:67)
    at WebSocket.handleMessage (https://localhost:3000/_next/static/chunks/node_modules_next_dist_client_17643121._.js:10914:52) @ https://localhost:3000/_next/static/chunks/node_modules_next_dist_f3530cac._.js:3127
[ 2132258ms] [ERROR] Failed to load resource: net::ERR_CONNECTION_REFUSED @ https://localhost:3000/fixture-row-actions?__chunk_retry=1790579347781&_rsc=nx5w1:0
[ 2132258ms] [ERROR] Failed to fetch RSC payload for https://localhost:3000/fixture-row-actions?__chunk_retry=1790579347781. Falling back to browser navigation. TypeError: Failed to fetch
    at createFetch (https://localhost:3000/_next/static/chunks/node_modules_next_dist_client_17643121._.js:2588:24)
    at fetchServerResponse (https://localhost:3000/_next/static/chunks/node_modules_next_dist_client_17643121._.js:2490:27)
    at fetchMissingDynamicData (https://localhost:3000/_next/static/chunks/node_modules_next_dist_client_17643121._.js:3654:75)
    at spawnDynamicRequests (https://localhost:3000/_next/static/chunks/node_modules_next_dist_client_17643121._.js:3501:35)
    at navigateToSeededRoute (https://localhost:3000/_next/static/chunks/node_modules_next_dist_client_17643121._.js:7741:50)
    at refreshDynamicData (https://localhost:3000/_next/static/chunks/node_modules_next_dist_client_17643121._.js:8347:58)
    at hmrRefreshReducer (https://localhost:3000/_next/static/chunks/node_modules_next_dist_client_17643121._.js:8513:51)
    at clientReducer (https://localhost:3000/_next/static/chunks/node_modules_next_dist_client_17643121._.js:9081:65)
    at Object.action (https://localhost:3000/_next/static/chunks/node_modules_next_dist_client_17643121._.js:9310:55)
    at runAction (https://localhost:3000/_next/static/chunks/node_modules_next_dist_client_17643121._.js:9215:38)
    at dispatchAction (https://localhost:3000/_next/static/chunks/node_modules_next_dist_client_17643121._.js:9278:9)
    at Object.dispatch (https://localhost:3000/_next/static/chunks/node_modules_next_dist_client_17643121._.js:9308:40)
    at https://localhost:3000/_next/static/chunks/node_modules_next_dist_client_17643121._.js:1489:29
    at startTransition (https://localhost:3000/_next/static/chunks/node_modules_next_dist_compiled_react-dom_1e674e59._.js:5500:31)
    at dispatch (https://localhost:3000/_next/static/chunks/node_modules_next_dist_client_17643121._.js:1488:13)
    at dispatchAppRouterAction (https://localhost:3000/_next/static/chunks/node_modules_next_dist_client_17643121._.js:1470:5)
    at https://localhost:3000/_next/static/chunks/node_modules_next_dist_client_17643121._.js:9439:61
    at startTransition (https://localhost:3000/_next/static/chunks/node_modules_next_dist_compiled_a0e4c7b4._.js:1279:31)
    at Object.hmrRefresh (https://localhost:3000/_next/static/chunks/node_modules_next_dist_client_17643121._.js:9438:40)
    at processMessage (https://localhost:3000/_next/static/chunks/node_modules_next_dist_client_17643121._.js:11636:67)
    at WebSocket.handleMessage (https://localhost:3000/_next/static/chunks/node_modules_next_dist_client_17643121._.js:10914:52) @ https://localhost:3000/_next/static/chunks/node_modules_next_dist_f3530cac._.js:3127
[ 2132260ms] [ERROR] Failed to load resource: net::ERR_CONNECTION_REFUSED @ https://localhost:3000/fixture-row-actions?__chunk_retry=1790579347781&_rsc=nx5w1:0
[ 2132261ms] [ERROR] Failed to fetch RSC payload for https://localhost:3000/fixture-row-actions?__chunk_retry=1790579347781. Falling back to browser navigation. TypeError: Failed to fetch
    at createFetch (https://localhost:3000/_next/static/chunks/node_modules_next_dist_client_17643121._.js:2588:24)
    at fetchServerResponse (https://localhost:3000/_next/static/chunks/node_modules_next_dist_client_17643121._.js:2490:27)
    at fetchMissingDynamicData (https://localhost:3000/_next/static/chunks/node_modules_next_dist_client_17643121._.js:3654:75)
    at spawnDynamicRequests (https://localhost:3000/_next/static/chunks/node_modules_next_dist_client_17643121._.js:3501:35)
    at navigateToSeededRoute (https://localhost:3000/_next/static/chunks/node_modules_next_dist_client_17643121._.js:7741:50)
    at refreshDynamicData (https://localhost:3000/_next/static/chunks/node_modules_next_dist_client_17643121._.js:8347:58)
    at hmrRefreshReducer (https://localhost:3000/_next/static/chunks/node_modules_next_dist_client_17643121._.js:8513:51)
    at clientReducer (https://localhost:3000/_next/static/chunks/node_modules_next_dist_client_17643121._.js:9081:65)
    at Object.action (https://localhost:3000/_next/static/chunks/node_modules_next_dist_client_17643121._.js:9310:55)
    at runAction (https://localhost:3000/_next/static/chunks/node_modules_next_dist_client_17643121._.js:9215:38)
    at dispatchAction (https://localhost:3000/_next/static/chunks/node_modules_next_dist_client_17643121._.js:9278:9)
    at Object.dispatch (https://localhost:3000/_next/static/chunks/node_modules_next_dist_client_17643121._.js:9308:40)
    at https://localhost:3000/_next/static/chunks/node_modules_next_dist_client_17643121._.js:1489:29
    at startTransition (https://localhost:3000/_next/static/chunks/node_modules_next_dist_compiled_react-dom_1e674e59._.js:5500:31)
    at dispatch (https://localhost:3000/_next/static/chunks/node_modules_next_dist_client_17643121._.js:1488:13)
    at dispatchAppRouterAction (https://localhost:3000/_next/static/chunks/node_modules_next_dist_client_17643121._.js:1470:5)
    at https://localhost:3000/_next/static/chunks/node_modules_next_dist_client_17643121._.js:9439:61
    at startTransition (https://localhost:3000/_next/static/chunks/node_modules_next_dist_compiled_a0e4c7b4._.js:1279:31)
    at Object.hmrRefresh (https://localhost:3000/_next/static/chunks/node_modules_next_dist_client_17643121._.js:9438:40)
    at processMessage (https://localhost:3000/_next/static/chunks/node_modules_next_dist_client_17643121._.js:11636:67)
    at WebSocket.handleMessage (https://localhost:3000/_next/static/chunks/node_modules_next_dist_client_17643121._.js:10914:52) @ https://localhost:3000/_next/static/chunks/node_modules_next_dist_f3530cac._.js:3127
[ 2132263ms] [ERROR] Failed to load resource: net::ERR_CONNECTION_REFUSED @ https://localhost:3000/fixture-row-actions?__chunk_retry=1790579347781&_rsc=nx5w1:0
[ 2132263ms] [ERROR] Failed to fetch RSC payload for https://localhost:3000/fixture-row-actions?__chunk_retry=1790579347781. Falling back to browser navigation. TypeError: Failed to fetch
    at createFetch (https://localhost:3000/_next/static/chunks/node_modules_next_dist_client_17643121._.js:2588:24)
    at fetchServerResponse (https://localhost:3000/_next/static/chunks/node_modules_next_dist_client_17643121._.js:2490:27)
    at fetchMissingDynamicData (https://localhost:3000/_next/static/chunks/node_modules_next_dist_client_17643121._.js:3654:75)
    at spawnDynamicRequests (https://localhost:3000/_next/static/chunks/node_modules_next_dist_client_17643121._.js:3501:35)
    at navigateToSeededRoute (https://localhost:3000/_next/static/chunks/node_modules_next_dist_client_17643121._.js:7741:50)
    at refreshDynamicData (https://localhost:3000/_next/static/chunks/node_modules_next_dist_client_17643121._.js:8347:58)
    at hmrRefreshReducer (https://localhost:3000/_next/static/chunks/node_modules_next_dist_client_17643121._.js:8513:51)
    at clientReducer (https://localhost:3000/_next/static/chunks/node_modules_next_dist_client_17643121._.js:9081:65)
    at Object.action (https://localhost:3000/_next/static/chunks/node_modules_next_dist_client_17643121._.js:9310:55)
    at runAction (https://localhost:3000/_next/static/chunks/node_modules_next_dist_client_17643121._.js:9215:38)
    at dispatchAction (https://localhost:3000/_next/static/chunks/node_modules_next_dist_client_17643121._.js:9278:9)
    at Object.dispatch (https://localhost:3000/_next/static/chunks/node_modules_next_dist_client_17643121._.js:9308:40)
    at https://localhost:3000/_next/static/chunks/node_modules_next_dist_client_17643121._.js:1489:29
    at startTransition (https://localhost:3000/_next/static/chunks/node_modules_next_dist_compiled_react-dom_1e674e59._.js:5500:31)
    at dispatch (https://localhost:3000/_next/static/chunks/node_modules_next_dist_client_17643121._.js:1488:13)
    at dispatchAppRouterAction (https://localhost:3000/_next/static/chunks/node_modules_next_dist_client_17643121._.js:1470:5)
    at https://localhost:3000/_next/static/chunks/node_modules_next_dist_client_17643121._.js:9439:61
    at startTransition (https://localhost:3000/_next/static/chunks/node_modules_next_dist_compiled_a0e4c7b4._.js:1279:31)
    at Object.hmrRefresh (https://localhost:3000/_next/static/chunks/node_modules_next_dist_client_17643121._.js:9438:40)
    at processMessage (https://localhost:3000/_next/static/chunks/node_modules_next_dist_client_17643121._.js:11636:67)
    at WebSocket.handleMessage (https://localhost:3000/_next/static/chunks/node_modules_next_dist_client_17643121._.js:10914:52) @ https://localhost:3000/_next/static/chunks/node_modules_next_dist_f3530cac._.js:3127
[ 2132266ms] [ERROR] Failed to load resource: net::ERR_CONNECTION_REFUSED @ https://localhost:3000/fixture-row-actions?__chunk_retry=1790579347781&_rsc=nx5w1:0
[ 2132267ms] [ERROR] Failed to fetch RSC payload for https://localhost:3000/fixture-row-actions?__chunk_retry=1790579347781. Falling back to browser navigation. TypeError: Failed to fetch
    at createFetch (https://localhost:3000/_next/static/chunks/node_modules_next_dist_client_17643121._.js:2588:24)
    at fetchServerResponse (https://localhost:3000/_next/static/chunks/node_modules_next_dist_client_17643121._.js:2490:27)
    at fetchMissingDynamicData (https://localhost:3000/_next/static/chunks/node_modules_next_dist_client_17643121._.js:3654:75)
    at spawnDynamicRequests (https://localhost:3000/_next/static/chunks/node_modules_next_dist_client_17643121._.js:3501:35)
    at navigateToSeededRoute (https://localhost:3000/_next/static/chunks/node_modules_next_dist_client_17643121._.js:7741:50)
    at refreshDynamicData (https://localhost:3000/_next/static/chunks/node_modules_next_dist_client_17643121._.js:8347:58)
    at hmrRefreshReducer (https://localhost:3000/_next/static/chunks/node_modules_next_dist_client_17643121._.js:8513:51)
    at clientReducer (https://localhost:3000/_next/static/chunks/node_modules_next_dist_client_17643121._.js:9081:65)
    at Object.action (https://localhost:3000/_next/static/chunks/node_modules_next_dist_client_17643121._.js:9310:55)
    at runAction (https://localhost:3000/_next/static/chunks/node_modules_next_dist_client_17643121._.js:9215:38)
    at dispatchAction (https://localhost:3000/_next/static/chunks/node_modules_next_dist_client_17643121._.js:9278:9)
    at Object.dispatch (https://localhost:3000/_next/static/chunks/node_modules_next_dist_client_17643121._.js:9308:40)
    at https://localhost:3000/_next/static/chunks/node_modules_next_dist_client_17643121._.js:1489:29
    at startTransition (https://localhost:3000/_next/static/chunks/node_modules_next_dist_compiled_react-dom_1e674e59._.js:5500:31)
    at dispatch (https://localhost:3000/_next/static/chunks/node_modules_next_dist_client_17643121._.js:1488:13)
    at dispatchAppRouterAction (https://localhost:3000/_next/static/chunks/node_modules_next_dist_client_17643121._.js:1470:5)
    at https://localhost:3000/_next/static/chunks/node_modules_next_dist_client_17643121._.js:9439:61
    at startTransition (https://localhost:3000/_next/static/chunks/node_modules_next_dist_compiled_a0e4c7b4._.js:1279:31)
    at Object.hmrRefresh (https://localhost:3000/_next/static/chunks/node_modules_next_dist_client_17643121._.js:9438:40)
    at processMessage (https://localhost:3000/_next/static/chunks/node_modules_next_dist_client_17643121._.js:11636:67)
    at WebSocket.handleMessage (https://localhost:3000/_next/static/chunks/node_modules_next_dist_client_17643121._.js:10914:52) @ https://localhost:3000/_next/static/chunks/node_modules_next_dist_f3530cac._.js:3127
[ 2132269ms] [ERROR] Failed to load resource: net::ERR_CONNECTION_REFUSED @ https://localhost:3000/fixture-row-actions?__chunk_retry=1790579347781&_rsc=nx5w1:0
[ 2132269ms] [ERROR] Failed to fetch RSC payload for https://localhost:3000/fixture-row-actions?__chunk_retry=1790579347781. Falling back to browser navigation. TypeError: Failed to fetch
    at createFetch (https://localhost:3000/_next/static/chunks/node_modules_next_dist_client_17643121._.js:2588:24)
    at fetchServerResponse (https://localhost:3000/_next/static/chunks/node_modules_next_dist_client_17643121._.js:2490:27)
    at fetchMissingDynamicData (https://localhost:3000/_next/static/chunks/node_modules_next_dist_client_17643121._.js:3654:75)
    at spawnDynamicRequests (https://localhost:3000/_next/static/chunks/node_modules_next_dist_client_17643121._.js:3501:35)
    at navigateToSeededRoute (https://localhost:3000/_next/static/chunks/node_modules_next_dist_client_17643121._.js:7741:50)
    at refreshDynamicData (https://localhost:3000/_next/static/chunks/node_modules_next_dist_client_17643121._.js:8347:58)
    at hmrRefreshReducer (https://localhost:3000/_next/static/chunks/node_modules_next_dist_client_17643121._.js:8513:51)
    at clientReducer (https://localhost:3000/_next/static/chunks/node_modules_next_dist_client_17643121._.js:9081:65)
    at Object.action (https://localhost:3000/_next/static/chunks/node_modules_next_dist_client_17643121._.js:9310:55)
    at runAction (https://localhost:3000/_next/static/chunks/node_modules_next_dist_client_17643121._.js:9215:38)
    at dispatchAction (https://localhost:3000/_next/static/chunks/node_modules_next_dist_client_17643121._.js:9278:9)
    at Object.dispatch (https://localhost:3000/_next/static/chunks/node_modules_next_dist_client_17643121._.js:9308:40)
    at https://localhost:3000/_next/static/chunks/node_modules_next_dist_client_17643121._.js:1489:29
    at startTransition (https://localhost:3000/_next/static/chunks/node_modules_next_dist_compiled_react-dom_1e674e59._.js:5500:31)
    at dispatch (https://localhost:3000/_next/static/chunks/node_modules_next_dist_client_17643121._.js:1488:13)
    at dispatchAppRouterAction (https://localhost:3000/_next/static/chunks/node_modules_next_dist_client_17643121._.js:1470:5)
    at https://localhost:3000/_next/static/chunks/node_modules_next_dist_client_17643121._.js:9439:61
    at startTransition (https://localhost:3000/_next/static/chunks/node_modules_next_dist_compiled_a0e4c7b4._.js:1279:31)
    at Object.hmrRefresh (https://localhost:3000/_next/static/chunks/node_modules_next_dist_client_17643121._.js:9438:40)
    at processMessage (https://localhost:3000/_next/static/chunks/node_modules_next_dist_client_17643121._.js:11636:67)
    at WebSocket.handleMessage (https://localhost:3000/_next/static/chunks/node_modules_next_dist_client_17643121._.js:10914:52) @ https://localhost:3000/_next/static/chunks/node_modules_next_dist_f3530cac._.js:3127
[ 2132271ms] [ERROR] Failed to load resource: net::ERR_CONNECTION_REFUSED @ https://localhost:3000/fixture-row-actions?__chunk_retry=1790579347781&_rsc=nx5w1:0
[ 2132272ms] [ERROR] Failed to fetch RSC payload for https://localhost:3000/fixture-row-actions?__chunk_retry=1790579347781. Falling back to browser navigation. TypeError: Failed to fetch
    at createFetch (https://localhost:3000/_next/static/chunks/node_modules_next_dist_client_17643121._.js:2588:24)
    at fetchServerResponse (https://localhost:3000/_next/static/chunks/node_modules_next_dist_client_17643121._.js:2490:27)
    at fetchMissingDynamicData (https://localhost:3000/_next/static/chunks/node_modules_next_dist_client_17643121._.js:3654:75)
    at spawnDynamicRequests (https://localhost:3000/_next/static/chunks/node_modules_next_dist_client_17643121._.js:3501:35)
    at navigateToSeededRoute (https://localhost:3000/_next/static/chunks/node_modules_next_dist_client_17643121._.js:7741:50)
    at refreshDynamicData (https://localhost:3000/_next/static/chunks/node_modules_next_dist_client_17643121._.js:8347:58)
    at hmrRefreshReducer (https://localhost:3000/_next/static/chunks/node_modules_next_dist_client_17643121._.js:8513:51)
    at clientReducer (https://localhost:3000/_next/static/chunks/node_modules_next_dist_client_17643121._.js:9081:65)
    at Object.action (https://localhost:3000/_next/static/chunks/node_modules_next_dist_client_17643121._.js:9310:55)
    at runAction (https://localhost:3000/_next/static/chunks/node_modules_next_dist_client_17643121._.js:9215:38)
    at dispatchAction (https://localhost:3000/_next/static/chunks/node_modules_next_dist_client_17643121._.js:9278:9)
    at Object.dispatch (https://localhost:3000/_next/static/chunks/node_modules_next_dist_client_17643121._.js:9308:40)
    at https://localhost:3000/_next/static/chunks/node_modules_next_dist_client_17643121._.js:1489:29
    at startTransition (https://localhost:3000/_next/static/chunks/node_modules_next_dist_compiled_react-dom_1e674e59._.js:5500:31)
    at dispatch (https://localhost:3000/_next/static/chunks/node_modules_next_dist_client_17643121._.js:1488:13)
    at dispatchAppRouterAction (https://localhost:3000/_next/static/chunks/node_modules_next_dist_client_17643121._.js:1470:5)
    at https://localhost:3000/_next/static/chunks/node_modules_next_dist_client_17643121._.js:9439:61
    at startTransition (https://localhost:3000/_next/static/chunks/node_modules_next_dist_compiled_a0e4c7b4._.js:1279:31)
    at Object.hmrRefresh (https://localhost:3000/_next/static/chunks/node_modules_next_dist_client_17643121._.js:9438:40)
    at processMessage (https://localhost:3000/_next/static/chunks/node_modules_next_dist_client_17643121._.js:11636:67)
    at WebSocket.handleMessage (https://localhost:3000/_next/static/chunks/node_modules_next_dist_client_17643121._.js:10914:52) @ https://localhost:3000/_next/static/chunks/node_modules_next_dist_f3530cac._.js:3127
[ 2132273ms] [ERROR] Failed to load resource: net::ERR_CONNECTION_REFUSED @ https://localhost:3000/fixture-row-actions?__chunk_retry=1790579347781&_rsc=nx5w1:0
[ 2132273ms] [ERROR] Failed to fetch RSC payload for https://localhost:3000/fixture-row-actions?__chunk_retry=1790579347781. Falling back to browser navigation. TypeError: Failed to fetch
    at createFetch (https://localhost:3000/_next/static/chunks/node_modules_next_dist_client_17643121._.js:2588:24)
    at fetchServerResponse (https://localhost:3000/_next/static/chunks/node_modules_next_dist_client_17643121._.js:2490:27)
    at fetchMissingDynamicData (https://localhost:3000/_next/static/chunks/node_modules_next_dist_client_17643121._.js:3654:75)
    at spawnDynamicRequests (https://localhost:3000/_next/static/chunks/node_modules_next_dist_client_17643121._.js:3501:35)
    at navigateToSeededRoute (https://localhost:3000/_next/static/chunks/node_modules_next_dist_client_17643121._.js:7741:50)
    at refreshDynamicData (https://localhost:3000/_next/static/chunks/node_modules_next_dist_client_17643121._.js:8347:58)
    at hmrRefreshReducer (https://localhost:3000/_next/static/chunks/node_modules_next_dist_client_17643121._.js:8513:51)
    at clientReducer (https://localhost:3000/_next/static/chunks/node_modules_next_dist_client_17643121._.js:9081:65)
    at Object.action (https://localhost:3000/_next/static/chunks/node_modules_next_dist_client_17643121._.js:9310:55)
    at runAction (https://localhost:3000/_next/static/chunks/node_modules_next_dist_client_17643121._.js:9215:38)
    at dispatchAction (https://localhost:3000/_next/static/chunks/node_modules_next_dist_client_17643121._.js:9278:9)
    at Object.dispatch (https://localhost:3000/_next/static/chunks/node_modules_next_dist_client_17643121._.js:9308:40)
    at https://localhost:3000/_next/static/chunks/node_modules_next_dist_client_17643121._.js:1489:29
    at startTransition (https://localhost:3000/_next/static/chunks/node_modules_next_dist_compiled_react-dom_1e674e59._.js:5500:31)
    at dispatch (https://localhost:3000/_next/static/chunks/node_modules_next_dist_client_17643121._.js:1488:13)
    at dispatchAppRouterAction (https://localhost:3000/_next/static/chunks/node_modules_next_dist_client_17643121._.js:1470:5)
    at https://localhost:3000/_next/static/chunks/node_modules_next_dist_client_17643121._.js:9439:61
    at startTransition (https://localhost:3000/_next/static/chunks/node_modules_next_dist_compiled_a0e4c7b4._.js:1279:31)
    at Object.hmrRefresh (https://localhost:3000/_next/static/chunks/node_modules_next_dist_client_17643121._.js:9438:40)
    at processMessage (https://localhost:3000/_next/static/chunks/node_modules_next_dist_client_17643121._.js:11636:67)
    at WebSocket.handleMessage (https://localhost:3000/_next/static/chunks/node_modules_next_dist_client_17643121._.js:10914:52) @ https://localhost:3000/_next/static/chunks/node_modules_next_dist_f3530cac._.js:3127
[ 2132275ms] [ERROR] Failed to load resource: net::ERR_CONNECTION_REFUSED @ https://localhost:3000/fixture-row-actions?__chunk_retry=1790579347781&_rsc=nx5w1:0
[ 2132276ms] [ERROR] Failed to fetch RSC payload for https://localhost:3000/fixture-row-actions?__chunk_retry=1790579347781. Falling back to browser navigation. TypeError: Failed to fetch
    at createFetch (https://localhost:3000/_next/static/chunks/node_modules_next_dist_client_17643121._.js:2588:24)
    at fetchServerResponse (https://localhost:3000/_next/static/chunks/node_modules_next_dist_client_17643121._.js:2490:27)
    at fetchMissingDynamicData (https://localhost:3000/_next/static/chunks/node_modules_next_dist_client_17643121._.js:3654:75)
    at spawnDynamicRequests (https://localhost:3000/_next/static/chunks/node_modules_next_dist_client_17643121._.js:3501:35)
    at navigateToSeededRoute (https://localhost:3000/_next/static/chunks/node_modules_next_dist_client_17643121._.js:7741:50)
    at refreshDynamicData (https://localhost:3000/_next/static/chunks/node_modules_next_dist_client_17643121._.js:8347:58)
    at hmrRefreshReducer (https://localhost:3000/_next/static/chunks/node_modules_next_dist_client_17643121._.js:8513:51)
    at clientReducer (https://localhost:3000/_next/static/chunks/node_modules_next_dist_client_17643121._.js:9081:65)
    at Object.action (https://localhost:3000/_next/static/chunks/node_modules_next_dist_client_17643121._.js:9310:55)
    at runAction (https://localhost:3000/_next/static/chunks/node_modules_next_dist_client_17643121._.js:9215:38)
    at dispatchAction (https://localhost:3000/_next/static/chunks/node_modules_next_dist_client_17643121._.js:9278:9)
    at Object.dispatch (https://localhost:3000/_next/static/chunks/node_modules_next_dist_client_17643121._.js:9308:40)
    at https://localhost:3000/_next/static/chunks/node_modules_next_dist_client_17643121._.js:1489:29
    at startTransition (https://localhost:3000/_next/static/chunks/node_modules_next_dist_compiled_react-dom_1e674e59._.js:5500:31)
    at dispatch (https://localhost:3000/_next/static/chunks/node_modules_next_dist_client_17643121._.js:1488:13)
    at dispatchAppRouterAction (https://localhost:3000/_next/static/chunks/node_modules_next_dist_client_17643121._.js:1470:5)
    at https://localhost:3000/_next/static/chunks/node_modules_next_dist_client_17643121._.js:9439:61
    at startTransition (https://localhost:3000/_next/static/chunks/node_modules_next_dist_compiled_a0e4c7b4._.js:1279:31)
    at Object.hmrRefresh (https://localhost:3000/_next/static/chunks/node_modules_next_dist_client_17643121._.js:9438:40)
    at processMessage (https://localhost:3000/_next/static/chunks/node_modules_next_dist_client_17643121._.js:11636:67)
    at WebSocket.handleMessage (https://localhost:3000/_next/static/chunks/node_modules_next_dist_client_17643121._.js:10914:52) @ https://localhost:3000/_next/static/chunks/node_modules_next_dist_f3530cac._.js:3127
[ 2132278ms] [ERROR] Failed to load resource: net::ERR_CONNECTION_REFUSED @ https://localhost:3000/fixture-row-actions?__chunk_retry=1790579347781&_rsc=nx5w1:0
[ 2132279ms] [ERROR] Failed to fetch RSC payload for https://localhost:3000/fixture-row-actions?__chunk_retry=1790579347781. Falling back to browser navigation. TypeError: Failed to fetch
    at createFetch (https://localhost:3000/_next/static/chunks/node_modules_next_dist_client_17643121._.js:2588:24)
    at fetchServerResponse (https://localhost:3000/_next/static/chunks/node_modules_next_dist_client_17643121._.js:2490:27)
    at fetchMissingDynamicData (https://localhost:3000/_next/static/chunks/node_modules_next_dist_client_17643121._.js:3654:75)
    at spawnDynamicRequests (https://localhost:3000/_next/static/chunks/node_modules_next_dist_client_17643121._.js:3501:35)
    at navigateToSeededRoute (https://localhost:3000/_next/static/chunks/node_modules_next_dist_client_17643121._.js:7741:50)
    at refreshDynamicData (https://localhost:3000/_next/static/chunks/node_modules_next_dist_client_17643121._.js:8347:58)
    at hmrRefreshReducer (https://localhost:3000/_next/static/chunks/node_modules_next_dist_client_17643121._.js:8513:51)
    at clientReducer (https://localhost:3000/_next/static/chunks/node_modules_next_dist_client_17643121._.js:9081:65)
    at Object.action (https://localhost:3000/_next/static/chunks/node_modules_next_dist_client_17643121._.js:9310:55)
    at runAction (https://localhost:3000/_next/static/chunks/node_modules_next_dist_client_17643121._.js:9215:38)
    at dispatchAction (https://localhost:3000/_next/static/chunks/node_modules_next_dist_client_17643121._.js:9278:9)
    at Object.dispatch (https://localhost:3000/_next/static/chunks/node_modules_next_dist_client_17643121._.js:9308:40)
    at https://localhost:3000/_next/static/chunks/node_modules_next_dist_client_17643121._.js:1489:29
    at startTransition (https://localhost:3000/_next/static/chunks/node_modules_next_dist_compiled_react-dom_1e674e59._.js:5500:31)
    at dispatch (https://localhost:3000/_next/static/chunks/node_modules_next_dist_client_17643121._.js:1488:13)
    at dispatchAppRouterAction (https://localhost:3000/_next/static/chunks/node_modules_next_dist_client_17643121._.js:1470:5)
    at https://localhost:3000/_next/static/chunks/node_modules_next_dist_client_17643121._.js:9439:61
    at startTransition (https://localhost:3000/_next/static/chunks/node_modules_next_dist_compiled_a0e4c7b4._.js:1279:31)
    at Object.hmrRefresh (https://localhost:3000/_next/static/chunks/node_modules_next_dist_client_17643121._.js:9438:40)
    at processMessage (https://localhost:3000/_next/static/chunks/node_modules_next_dist_client_17643121._.js:11636:67)
    at WebSocket.handleMessage (https://localhost:3000/_next/static/chunks/node_modules_next_dist_client_17643121._.js:10914:52) @ https://localhost:3000/_next/static/chunks/node_modules_next_dist_f3530cac._.js:3127
[ 2132281ms] [ERROR] Failed to load resource: net::ERR_CONNECTION_REFUSED @ https://localhost:3000/fixture-row-actions?__chunk_retry=1790579347781&_rsc=nx5w1:0
[ 2132282ms] [ERROR] Failed to fetch RSC payload for https://localhost:3000/fixture-row-actions?__chunk_retry=1790579347781. Falling back to browser navigation. TypeError: Failed to fetch
    at createFetch (https://localhost:3000/_next/static/chunks/node_modules_next_dist_client_17643121._.js:2588:24)
    at fetchServerResponse (https://localhost:3000/_next/static/chunks/node_modules_next_dist_client_17643121._.js:2490:27)
    at fetchMissingDynamicData (https://localhost:3000/_next/static/chunks/node_modules_next_dist_client_17643121._.js:3654:75)
    at spawnDynamicRequests (https://localhost:3000/_next/static/chunks/node_modules_next_dist_client_17643121._.js:3501:35)
    at navigateToSeededRoute (https://localhost:3000/_next/static/chunks/node_modules_next_dist_client_17643121._.js:7741:50)
    at refreshDynamicData (https://localhost:3000/_next/static/chunks/node_modules_next_dist_client_17643121._.js:8347:58)
    at hmrRefreshReducer (https://localhost:3000/_next/static/chunks/node_modules_next_dist_client_17643121._.js:8513:51)
    at clientReducer (https://localhost:3000/_next/static/chunks/node_modules_next_dist_client_17643121._.js:9081:65)
    at Object.action (https://localhost:3000/_next/static/chunks/node_modules_next_dist_client_17643121._.js:9310:55)
    at runAction (https://localhost:3000/_next/static/chunks/node_modules_next_dist_client_17643121._.js:9215:38)
    at dispatchAction (https://localhost:3000/_next/static/chunks/node_modules_next_dist_client_17643121._.js:9278:9)
    at Object.dispatch (https://localhost:3000/_next/static/chunks/node_modules_next_dist_client_17643121._.js:9308:40)
    at https://localhost:3000/_next/static/chunks/node_modules_next_dist_client_17643121._.js:1489:29
    at startTransition (https://localhost:3000/_next/static/chunks/node_modules_next_dist_compiled_react-dom_1e674e59._.js:5500:31)
    at dispatch (https://localhost:3000/_next/static/chunks/node_modules_next_dist_client_17643121._.js:1488:13)
    at dispatchAppRouterAction (https://localhost:3000/_next/static/chunks/node_modules_next_dist_client_17643121._.js:1470:5)
    at https://localhost:3000/_next/static/chunks/node_modules_next_dist_client_17643121._.js:9439:61
    at startTransition (https://localhost:3000/_next/static/chunks/node_modules_next_dist_compiled_a0e4c7b4._.js:1279:31)
    at Object.hmrRefresh (https://localhost:3000/_next/static/chunks/node_modules_next_dist_client_17643121._.js:9438:40)
    at processMessage (https://localhost:3000/_next/static/chunks/node_modules_next_dist_client_17643121._.js:11636:67)
    at WebSocket.handleMessage (https://localhost:3000/_next/static/chunks/node_modules_next_dist_client_17643121._.js:10914:52) @ https://localhost:3000/_next/static/chunks/node_modules_next_dist_f3530cac._.js:3127
[ 2132302ms] [ERROR] Failed to load resource: net::ERR_CONNECTION_REFUSED @ https://localhost:3000/fixture-row-actions?__chunk_retry=1790579347781&_rsc=nx5w1:0
[ 2132303ms] [ERROR] Failed to fetch RSC payload for https://localhost:3000/fixture-row-actions?__chunk_retry=1790579347781. Falling back to browser navigation. TypeError: Failed to fetch
    at createFetch (https://localhost:3000/_next/static/chunks/node_modules_next_dist_client_17643121._.js:2588:24)
    at fetchServerResponse (https://localhost:3000/_next/static/chunks/node_modules_next_dist_client_17643121._.js:2490:27)
    at fetchMissingDynamicData (https://localhost:3000/_next/static/chunks/node_modules_next_dist_client_17643121._.js:3654:75)
    at spawnDynamicRequests (https://localhost:3000/_next/static/chunks/node_modules_next_dist_client_17643121._.js:3501:35)
    at navigateToSeededRoute (https://localhost:3000/_next/static/chunks/node_modules_next_dist_client_17643121._.js:7741:50)
    at refreshDynamicData (https://localhost:3000/_next/static/chunks/node_modules_next_dist_client_17643121._.js:8347:58)
    at hmrRefreshReducer (https://localhost:3000/_next/static/chunks/node_modules_next_dist_client_17643121._.js:8513:51)
    at clientReducer (https://localhost:3000/_next/static/chunks/node_modules_next_dist_client_17643121._.js:9081:65)
    at Object.action (https://localhost:3000/_next/static/chunks/node_modules_next_dist_client_17643121._.js:9310:55)
    at runAction (https://localhost:3000/_next/static/chunks/node_modules_next_dist_client_17643121._.js:9215:38)
    at dispatchAction (https://localhost:3000/_next/static/chunks/node_modules_next_dist_client_17643121._.js:9278:9)
    at Object.dispatch (https://localhost:3000/_next/static/chunks/node_modules_next_dist_client_17643121._.js:9308:40)
    at https://localhost:3000/_next/static/chunks/node_modules_next_dist_client_17643121._.js:1489:29
    at startTransition (https://localhost:3000/_next/static/chunks/node_modules_next_dist_compiled_react-dom_1e674e59._.js:5500:31)
    at dispatch (https://localhost:3000/_next/static/chunks/node_modules_next_dist_client_17643121._.js:1488:13)
    at dispatchAppRouterAction (https://localhost:3000/_next/static/chunks/node_modules_next_dist_client_17643121._.js:1470:5)
    at https://localhost:3000/_next/static/chunks/node_modules_next_dist_client_17643121._.js:9439:61
    at startTransition (https://localhost:3000/_next/static/chunks/node_modules_next_dist_compiled_a0e4c7b4._.js:1279:31)
    at Object.hmrRefresh (https://localhost:3000/_next/static/chunks/node_modules_next_dist_client_17643121._.js:9438:40)
    at processMessage (https://localhost:3000/_next/static/chunks/node_modules_next_dist_client_17643121._.js:11636:67)
    at WebSocket.handleMessage (https://localhost:3000/_next/static/chunks/node_modules_next_dist_client_17643121._.js:10914:52) @ https://localhost:3000/_next/static/chunks/node_modules_next_dist_f3530cac._.js:3127
[ 2132311ms] [ERROR] Failed to load resource: net::ERR_CONNECTION_REFUSED @ https://localhost:3000/fixture-row-actions?__chunk_retry=1790579347781&_rsc=nx5w1:0
[ 2132321ms] [ERROR] Failed to fetch RSC payload for https://localhost:3000/fixture-row-actions?__chunk_retry=1790579347781. Falling back to browser navigation. TypeError: Failed to fetch
    at createFetch (https://localhost:3000/_next/static/chunks/node_modules_next_dist_client_17643121._.js:2588:24)
    at fetchServerResponse (https://localhost:3000/_next/static/chunks/node_modules_next_dist_client_17643121._.js:2490:27)
    at fetchMissingDynamicData (https://localhost:3000/_next/static/chunks/node_modules_next_dist_client_17643121._.js:3654:75)
    at spawnDynamicRequests (https://localhost:3000/_next/static/chunks/node_modules_next_dist_client_17643121._.js:3501:35)
    at navigateToSeededRoute (https://localhost:3000/_next/static/chunks/node_modules_next_dist_client_17643121._.js:7741:50)
    at refreshDynamicData (https://localhost:3000/_next/static/chunks/node_modules_next_dist_client_17643121._.js:8347:58)
    at hmrRefreshReducer (https://localhost:3000/_next/static/chunks/node_modules_next_dist_client_17643121._.js:8513:51)
    at clientReducer (https://localhost:3000/_next/static/chunks/node_modules_next_dist_client_17643121._.js:9081:65)
    at Object.action (https://localhost:3000/_next/static/chunks/node_modules_next_dist_client_17643121._.js:9310:55)
    at runAction (https://localhost:3000/_next/static/chunks/node_modules_next_dist_client_17643121._.js:9215:38)
    at dispatchAction (https://localhost:3000/_next/static/chunks/node_modules_next_dist_client_17643121._.js:9278:9)
    at Object.dispatch (https://localhost:3000/_next/static/chunks/node_modules_next_dist_client_17643121._.js:9308:40)
    at https://localhost:3000/_next/static/chunks/node_modules_next_dist_client_17643121._.js:1489:29
    at startTransition (https://localhost:3000/_next/static/chunks/node_modules_next_dist_compiled_react-dom_1e674e59._.js:5500:31)
    at dispatch (https://localhost:3000/_next/static/chunks/node_modules_next_dist_client_17643121._.js:1488:13)
    at dispatchAppRouterAction (https://localhost:3000/_next/static/chunks/node_modules_next_dist_client_17643121._.js:1470:5)
    at https://localhost:3000/_next/static/chunks/node_modules_next_dist_client_17643121._.js:9439:61
    at startTransition (https://localhost:3000/_next/static/chunks/node_modules_next_dist_compiled_a0e4c7b4._.js:1279:31)
    at Object.hmrRefresh (https://localhost:3000/_next/static/chunks/node_modules_next_dist_client_17643121._.js:9438:40)
    at processMessage (https://localhost:3000/_next/static/chunks/node_modules_next_dist_client_17643121._.js:11636:67)
    at WebSocket.handleMessage (https://localhost:3000/_next/static/chunks/node_modules_next_dist_client_17643121._.js:10914:52) @ https://localhost:3000/_next/static/chunks/node_modules_next_dist_f3530cac._.js:3127
[ 2132332ms] [ERROR] Failed to load resource: net::ERR_CONNECTION_REFUSED @ https://localhost:3000/fixture-row-actions?__chunk_retry=1790579347781&_rsc=nx5w1:0
[ 2132332ms] [ERROR] Failed to fetch RSC payload for https://localhost:3000/fixture-row-actions?__chunk_retry=1790579347781. Falling back to browser navigation. TypeError: Failed to fetch
    at createFetch (https://localhost:3000/_next/static/chunks/node_modules_next_dist_client_17643121._.js:2588:24)
    at fetchServerResponse (https://localhost:3000/_next/static/chunks/node_modules_next_dist_client_17643121._.js:2490:27)
    at fetchMissingDynamicData (https://localhost:3000/_next/static/chunks/node_modules_next_dist_client_17643121._.js:3654:75)
    at spawnDynamicRequests (https://localhost:3000/_next/static/chunks/node_modules_next_dist_client_17643121._.js:3501:35)
    at navigateToSeededRoute (https://localhost:3000/_next/static/chunks/node_modules_next_dist_client_17643121._.js:7741:50)
    at refreshDynamicData (https://localhost:3000/_next/static/chunks/node_modules_next_dist_client_17643121._.js:8347:58)
    at hmrRefreshReducer (https://localhost:3000/_next/static/chunks/node_modules_next_dist_client_17643121._.js:8513:51)
    at clientReducer (https://localhost:3000/_next/static/chunks/node_modules_next_dist_client_17643121._.js:9081:65)
    at Object.action (https://localhost:3000/_next/static/chunks/node_modules_next_dist_client_17643121._.js:9310:55)
    at runAction (https://localhost:3000/_next/static/chunks/node_modules_next_dist_client_17643121._.js:9215:38)
    at dispatchAction (https://localhost:3000/_next/static/chunks/node_modules_next_dist_client_17643121._.js:9278:9)
    at Object.dispatch (https://localhost:3000/_next/static/chunks/node_modules_next_dist_client_17643121._.js:9308:40)
    at https://localhost:3000/_next/static/chunks/node_modules_next_dist_client_17643121._.js:1489:29
    at startTransition (https://localhost:3000/_next/static/chunks/node_modules_next_dist_compiled_react-dom_1e674e59._.js:5500:31)
    at dispatch (https://localhost:3000/_next/static/chunks/node_modules_next_dist_client_17643121._.js:1488:13)
    at dispatchAppRouterAction (https://localhost:3000/_next/static/chunks/node_modules_next_dist_client_17643121._.js:1470:5)
    at https://localhost:3000/_next/static/chunks/node_modules_next_dist_client_17643121._.js:9439:61
    at startTransition (https://localhost:3000/_next/static/chunks/node_modules_next_dist_compiled_a0e4c7b4._.js:1279:31)
    at Object.hmrRefresh (https://localhost:3000/_next/static/chunks/node_modules_next_dist_client_17643121._.js:9438:40)
    at processMessage (https://localhost:3000/_next/static/chunks/node_modules_next_dist_client_17643121._.js:11636:67)
    at WebSocket.handleMessage (https://localhost:3000/_next/static/chunks/node_modules_next_dist_client_17643121._.js:10914:52) @ https://localhost:3000/_next/static/chunks/node_modules_next_dist_f3530cac._.js:3127
[ 2132510ms] [ERROR] Failed to load resource: net::ERR_CONNECTION_REFUSED @ https://localhost:3000/fixture-row-actions?__chunk_retry=1790579347781&_rsc=nx5w1:0
[ 2132516ms] [ERROR] Failed to fetch RSC payload for https://localhost:3000/fixture-row-actions?__chunk_retry=1790579347781. Falling back to browser navigation. TypeError: Failed to fetch
    at createFetch (https://localhost:3000/_next/static/chunks/node_modules_next_dist_client_17643121._.js:2588:24)
    at fetchServerResponse (https://localhost:3000/_next/static/chunks/node_modules_next_dist_client_17643121._.js:2490:27)
    at fetchMissingDynamicData (https://localhost:3000/_next/static/chunks/node_modules_next_dist_client_17643121._.js:3654:75)
    at spawnDynamicRequests (https://localhost:3000/_next/static/chunks/node_modules_next_dist_client_17643121._.js:3501:35)
    at navigateToSeededRoute (https://localhost:3000/_next/static/chunks/node_modules_next_dist_client_17643121._.js:7741:50)
    at refreshDynamicData (https://localhost:3000/_next/static/chunks/node_modules_next_dist_client_17643121._.js:8347:58)
    at hmrRefreshReducer (https://localhost:3000/_next/static/chunks/node_modules_next_dist_client_17643121._.js:8513:51)
    at clientReducer (https://localhost:3000/_next/static/chunks/node_modules_next_dist_client_17643121._.js:9081:65)
    at Object.action (https://localhost:3000/_next/static/chunks/node_modules_next_dist_client_17643121._.js:9310:55)
    at runAction (https://localhost:3000/_next/static/chunks/node_modules_next_dist_client_17643121._.js:9215:38)
    at dispatchAction (https://localhost:3000/_next/static/chunks/node_modules_next_dist_client_17643121._.js:9278:9)
    at Object.dispatch (https://localhost:3000/_next/static/chunks/node_modules_next_dist_client_17643121._.js:9308:40)
    at https://localhost:3000/_next/static/chunks/node_modules_next_dist_client_17643121._.js:1489:29
    at startTransition (https://localhost:3000/_next/static/chunks/node_modules_next_dist_compiled_react-dom_1e674e59._.js:5500:31)
    at dispatch (https://localhost:3000/_next/static/chunks/node_modules_next_dist_client_17643121._.js:1488:13)
    at dispatchAppRouterAction (https://localhost:3000/_next/static/chunks/node_modules_next_dist_client_17643121._.js:1470:5)
    at https://localhost:3000/_next/static/chunks/node_modules_next_dist_client_17643121._.js:9439:61
    at startTransition (https://localhost:3000/_next/static/chunks/node_modules_next_dist_compiled_a0e4c7b4._.js:1279:31)
    at Object.hmrRefresh (https://localhost:3000/_next/static/chunks/node_modules_next_dist_client_17643121._.js:9438:40)
    at processMessage (https://localhost:3000/_next/static/chunks/node_modules_next_dist_client_17643121._.js:11636:67)
    at WebSocket.handleMessage (https://localhost:3000/_next/static/chunks/node_modules_next_dist_client_17643121._.js:10914:52) @ https://localhost:3000/_next/static/chunks/node_modules_next_dist_f3530cac._.js:3127
[ 2132524ms] [ERROR] Failed to load resource: net::ERR_CONNECTION_REFUSED @ https://localhost:3000/fixture-row-actions?__chunk_retry=1790579347781&_rsc=nx5w1:0
[ 2132525ms] [ERROR] Failed to fetch RSC payload for https://localhost:3000/fixture-row-actions?__chunk_retry=1790579347781. Falling back to browser navigation. TypeError: Failed to fetch
    at createFetch (https://localhost:3000/_next/static/chunks/node_modules_next_dist_client_17643121._.js:2588:24)
    at fetchServerResponse (https://localhost:3000/_next/static/chunks/node_modules_next_dist_client_17643121._.js:2490:27)
    at fetchMissingDynamicData (https://localhost:3000/_next/static/chunks/node_modules_next_dist_client_17643121._.js:3654:75)
    at spawnDynamicRequests (https://localhost:3000/_next/static/chunks/node_modules_next_dist_client_17643121._.js:3501:35)
    at navigateToSeededRoute (https://localhost:3000/_next/static/chunks/node_modules_next_dist_client_17643121._.js:7741:50)
    at refreshDynamicData (https://localhost:3000/_next/static/chunks/node_modules_next_dist_client_17643121._.js:8347:58)
    at hmrRefreshReducer (https://localhost:3000/_next/static/chunks/node_modules_next_dist_client_17643121._.js:8513:51)
    at clientReducer (https://localhost:3000/_next/static/chunks/node_modules_next_dist_client_17643121._.js:9081:65)
    at Object.action (https://localhost:3000/_next/static/chunks/node_modules_next_dist_client_17643121._.js:9310:55)
    at runAction (https://localhost:3000/_next/static/chunks/node_modules_next_dist_client_17643121._.js:9215:38)
    at dispatchAction (https://localhost:3000/_next/static/chunks/node_modules_next_dist_client_17643121._.js:9278:9)
    at Object.dispatch (https://localhost:3000/_next/static/chunks/node_modules_next_dist_client_17643121._.js:9308:40)
    at https://localhost:3000/_next/static/chunks/node_modules_next_dist_client_17643121._.js:1489:29
    at startTransition (https://localhost:3000/_next/static/chunks/node_modules_next_dist_compiled_react-dom_1e674e59._.js:5500:31)
    at dispatch (https://localhost:3000/_next/static/chunks/node_modules_next_dist_client_17643121._.js:1488:13)
    at dispatchAppRouterAction (https://localhost:3000/_next/static/chunks/node_modules_next_dist_client_17643121._.js:1470:5)
    at https://localhost:3000/_next/static/chunks/node_modules_next_dist_client_17643121._.js:9439:61
    at startTransition (https://localhost:3000/_next/static/chunks/node_modules_next_dist_compiled_a0e4c7b4._.js:1279:31)
    at Object.hmrRefresh (https://localhost:3000/_next/static/chunks/node_modules_next_dist_client_17643121._.js:9438:40)
    at processMessage (https://localhost:3000/_next/static/chunks/node_modules_next_dist_client_17643121._.js:11636:67)
    at WebSocket.handleMessage (https://localhost:3000/_next/static/chunks/node_modules_next_dist_client_17643121._.js:10914:52) @ https://localhost:3000/_next/static/chunks/node_modules_next_dist_f3530cac._.js:3127
[ 2132527ms] [ERROR] Failed to load resource: net::ERR_CONNECTION_REFUSED @ https://localhost:3000/fixture-row-actions?__chunk_retry=1790579347781&_rsc=nx5w1:0
[ 2132527ms] [ERROR] Failed to fetch RSC payload for https://localhost:3000/fixture-row-actions?__chunk_retry=1790579347781. Falling back to browser navigation. TypeError: Failed to fetch
    at createFetch (https://localhost:3000/_next/static/chunks/node_modules_next_dist_client_17643121._.js:2588:24)
    at fetchServerResponse (https://localhost:3000/_next/static/chunks/node_modules_next_dist_client_17643121._.js:2490:27)
    at fetchMissingDynamicData (https://localhost:3000/_next/static/chunks/node_modules_next_dist_client_17643121._.js:3654:75)
    at spawnDynamicRequests (https://localhost:3000/_next/static/chunks/node_modules_next_dist_client_17643121._.js:3501:35)
    at navigateToSeededRoute (https://localhost:3000/_next/static/chunks/node_modules_next_dist_client_17643121._.js:7741:50)
    at refreshDynamicData (https://localhost:3000/_next/static/chunks/node_modules_next_dist_client_17643121._.js:8347:58)
    at hmrRefreshReducer (https://localhost:3000/_next/static/chunks/node_modules_next_dist_client_17643121._.js:8513:51)
    at clientReducer (https://localhost:3000/_next/static/chunks/node_modules_next_dist_client_17643121._.js:9081:65)
    at Object.action (https://localhost:3000/_next/static/chunks/node_modules_next_dist_client_17643121._.js:9310:55)
    at runAction (https://localhost:3000/_next/static/chunks/node_modules_next_dist_client_17643121._.js:9215:38)
    at dispatchAction (https://localhost:3000/_next/static/chunks/node_modules_next_dist_client_17643121._.js:9278:9)
    at Object.dispatch (https://localhost:3000/_next/static/chunks/node_modules_next_dist_client_17643121._.js:9308:40)
    at https://localhost:3000/_next/static/chunks/node_modules_next_dist_client_17643121._.js:1489:29
    at startTransition (https://localhost:3000/_next/static/chunks/node_modules_next_dist_compiled_react-dom_1e674e59._.js:5500:31)
    at dispatch (https://localhost:3000/_next/static/chunks/node_modules_next_dist_client_17643121._.js:1488:13)
    at dispatchAppRouterAction (https://localhost:3000/_next/static/chunks/node_modules_next_dist_client_17643121._.js:1470:5)
    at https://localhost:3000/_next/static/chunks/node_modules_next_dist_client_17643121._.js:9439:61
    at startTransition (https://localhost:3000/_next/static/chunks/node_modules_next_dist_compiled_a0e4c7b4._.js:1279:31)
    at Object.hmrRefresh (https://localhost:3000/_next/static/chunks/node_modules_next_dist_client_17643121._.js:9438:40)
    at processMessage (https://localhost:3000/_next/static/chunks/node_modules_next_dist_client_17643121._.js:11636:67)
    at WebSocket.handleMessage (https://localhost:3000/_next/static/chunks/node_modules_next_dist_client_17643121._.js:10914:52) @ https://localhost:3000/_next/static/chunks/node_modules_next_dist_f3530cac._.js:3127
[ 2132530ms] [ERROR] Failed to load resource: net::ERR_CONNECTION_REFUSED @ https://localhost:3000/fixture-row-actions?__chunk_retry=1790579347781&_rsc=nx5w1:0
[ 2132531ms] [ERROR] Failed to fetch RSC payload for https://localhost:3000/fixture-row-actions?__chunk_retry=1790579347781. Falling back to browser navigation. TypeError: Failed to fetch
    at createFetch (https://localhost:3000/_next/static/chunks/node_modules_next_dist_client_17643121._.js:2588:24)
    at fetchServerResponse (https://localhost:3000/_next/static/chunks/node_modules_next_dist_client_17643121._.js:2490:27)
    at fetchMissingDynamicData (https://localhost:3000/_next/static/chunks/node_modules_next_dist_client_17643121._.js:3654:75)
    at spawnDynamicRequests (https://localhost:3000/_next/static/chunks/node_modules_next_dist_client_17643121._.js:3501:35)
    at navigateToSeededRoute (https://localhost:3000/_next/static/chunks/node_modules_next_dist_client_17643121._.js:7741:50)
    at refreshDynamicData (https://localhost:3000/_next/static/chunks/node_modules_next_dist_client_17643121._.js:8347:58)
    at hmrRefreshReducer (https://localhost:3000/_next/static/chunks/node_modules_next_dist_client_17643121._.js:8513:51)
    at clientReducer (https://localhost:3000/_next/static/chunks/node_modules_next_dist_client_17643121._.js:9081:65)
    at Object.action (https://localhost:3000/_next/static/chunks/node_modules_next_dist_client_17643121._.js:9310:55)
    at runAction (https://localhost:3000/_next/static/chunks/node_modules_next_dist_client_17643121._.js:9215:38)
    at dispatchAction (https://localhost:3000/_next/static/chunks/node_modules_next_dist_client_17643121._.js:9278:9)
    at Object.dispatch (https://localhost:3000/_next/static/chunks/node_modules_next_dist_client_17643121._.js:9308:40)
    at https://localhost:3000/_next/static/chunks/node_modules_next_dist_client_17643121._.js:1489:29
    at startTransition (https://localhost:3000/_next/static/chunks/node_modules_next_dist_compiled_react-dom_1e674e59._.js:5500:31)
    at dispatch (https://localhost:3000/_next/static/chunks/node_modules_next_dist_client_17643121._.js:1488:13)
    at dispatchAppRouterAction (https://localhost:3000/_next/static/chunks/node_modules_next_dist_client_17643121._.js:1470:5)
    at https://localhost:3000/_next/static/chunks/node_modules_next_dist_client_17643121._.js:9439:61
    at startTransition (https://localhost:3000/_next/static/chunks/node_modules_next_dist_compiled_a0e4c7b4._.js:1279:31)
    at Object.hmrRefresh (https://localhost:3000/_next/static/chunks/node_modules_next_dist_client_17643121._.js:9438:40)
    at processMessage (https://localhost:3000/_next/static/chunks/node_modules_next_dist_client_17643121._.js:11636:67)
    at WebSocket.handleMessage (https://localhost:3000/_next/static/chunks/node_modules_next_dist_client_17643121._.js:10914:52) @ https://localhost:3000/_next/static/chunks/node_modules_next_dist_f3530cac._.js:3127
[ 2132535ms] [ERROR] Failed to load resource: net::ERR_CONNECTION_REFUSED @ https://localhost:3000/fixture-row-actions?__chunk_retry=1790579347781&_rsc=nx5w1:0
[ 2132535ms] [ERROR] Failed to fetch RSC payload for https://localhost:3000/fixture-row-actions?__chunk_retry=1790579347781. Falling back to browser navigation. TypeError: Failed to fetch
    at createFetch (https://localhost:3000/_next/static/chunks/node_modules_next_dist_client_17643121._.js:2588:24)
    at fetchServerResponse (https://localhost:3000/_next/static/chunks/node_modules_next_dist_client_17643121._.js:2490:27)
    at fetchMissingDynamicData (https://localhost:3000/_next/static/chunks/node_modules_next_dist_client_17643121._.js:3654:75)
    at spawnDynamicRequests (https://localhost:3000/_next/static/chunks/node_modules_next_dist_client_17643121._.js:3501:35)
    at navigateToSeededRoute (https://localhost:3000/_next/static/chunks/node_modules_next_dist_client_17643121._.js:7741:50)
    at refreshDynamicData (https://localhost:3000/_next/static/chunks/node_modules_next_dist_client_17643121._.js:8347:58)
    at hmrRefreshReducer (https://localhost:3000/_next/static/chunks/node_modules_next_dist_client_17643121._.js:8513:51)
    at clientReducer (https://localhost:3000/_next/static/chunks/node_modules_next_dist_client_17643121._.js:9081:65)
    at Object.action (https://localhost:3000/_next/static/chunks/node_modules_next_dist_client_17643121._.js:9310:55)
    at runAction (https://localhost:3000/_next/static/chunks/node_modules_next_dist_client_17643121._.js:9215:38)
    at dispatchAction (https://localhost:3000/_next/static/chunks/node_modules_next_dist_client_17643121._.js:9278:9)
    at Object.dispatch (https://localhost:3000/_next/static/chunks/node_modules_next_dist_client_17643121._.js:9308:40)
    at https://localhost:3000/_next/static/chunks/node_modules_next_dist_client_17643121._.js:1489:29
    at startTransition (https://localhost:3000/_next/static/chunks/node_modules_next_dist_compiled_react-dom_1e674e59._.js:5500:31)
    at dispatch (https://localhost:3000/_next/static/chunks/node_modules_next_dist_client_17643121._.js:1488:13)
    at dispatchAppRouterAction (https://localhost:3000/_next/static/chunks/node_modules_next_dist_client_17643121._.js:1470:5)
    at https://localhost:3000/_next/static/chunks/node_modules_next_dist_client_17643121._.js:9439:61
    at startTransition (https://localhost:3000/_next/static/chunks/node_modules_next_dist_compiled_a0e4c7b4._.js:1279:31)
    at Object.hmrRefresh (https://localhost:3000/_next/static/chunks/node_modules_next_dist_client_17643121._.js:9438:40)
    at processMessage (https://localhost:3000/_next/static/chunks/node_modules_next_dist_client_17643121._.js:11636:67)
    at WebSocket.handleMessage (https://localhost:3000/_next/static/chunks/node_modules_next_dist_client_17643121._.js:10914:52) @ https://localhost:3000/_next/static/chunks/node_modules_next_dist_f3530cac._.js:3127
[ 2132538ms] [ERROR] Failed to load resource: net::ERR_CONNECTION_REFUSED @ https://localhost:3000/fixture-row-actions?__chunk_retry=1790579347781&_rsc=nx5w1:0
[ 2132538ms] [ERROR] Failed to fetch RSC payload for https://localhost:3000/fixture-row-actions?__chunk_retry=1790579347781. Falling back to browser navigation. TypeError: Failed to fetch
    at createFetch (https://localhost:3000/_next/static/chunks/node_modules_next_dist_client_17643121._.js:2588:24)
    at fetchServerResponse (https://localhost:3000/_next/static/chunks/node_modules_next_dist_client_17643121._.js:2490:27)
    at fetchMissingDynamicData (https://localhost:3000/_next/static/chunks/node_modules_next_dist_client_17643121._.js:3654:75)
    at spawnDynamicRequests (https://localhost:3000/_next/static/chunks/node_modules_next_dist_client_17643121._.js:3501:35)
    at navigateToSeededRoute (https://localhost:3000/_next/static/chunks/node_modules_next_dist_client_17643121._.js:7741:50)
    at refreshDynamicData (https://localhost:3000/_next/static/chunks/node_modules_next_dist_client_17643121._.js:8347:58)
    at hmrRefreshReducer (https://localhost:3000/_next/static/chunks/node_modules_next_dist_client_17643121._.js:8513:51)
    at clientReducer (https://localhost:3000/_next/static/chunks/node_modules_next_dist_client_17643121._.js:9081:65)
    at Object.action (https://localhost:3000/_next/static/chunks/node_modules_next_dist_client_17643121._.js:9310:55)
    at runAction (https://localhost:3000/_next/static/chunks/node_modules_next_dist_client_17643121._.js:9215:38)
    at dispatchAction (https://localhost:3000/_next/static/chunks/node_modules_next_dist_client_17643121._.js:9278:9)
    at Object.dispatch (https://localhost:3000/_next/static/chunks/node_modules_next_dist_client_17643121._.js:9308:40)
    at https://localhost:3000/_next/static/chunks/node_modules_next_dist_client_17643121._.js:1489:29
    at startTransition (https://localhost:3000/_next/static/chunks/node_modules_next_dist_compiled_react-dom_1e674e59._.js:5500:31)
    at dispatch (https://localhost:3000/_next/static/chunks/node_modules_next_dist_client_17643121._.js:1488:13)
    at dispatchAppRouterAction (https://localhost:3000/_next/static/chunks/node_modules_next_dist_client_17643121._.js:1470:5)
    at https://localhost:3000/_next/static/chunks/node_modules_next_dist_client_17643121._.js:9439:61
    at startTransition (https://localhost:3000/_next/static/chunks/node_modules_next_dist_compiled_a0e4c7b4._.js:1279:31)
    at Object.hmrRefresh (https://localhost:3000/_next/static/chunks/node_modules_next_dist_client_17643121._.js:9438:40)
    at processMessage (https://localhost:3000/_next/static/chunks/node_modules_next_dist_client_17643121._.js:11636:67)
    at WebSocket.handleMessage (https://localhost:3000/_next/static/chunks/node_modules_next_dist_client_17643121._.js:10914:52) @ https://localhost:3000/_next/static/chunks/node_modules_next_dist_f3530cac._.js:3127
[ 2132566ms] [ERROR] Failed to load resource: net::ERR_CONNECTION_REFUSED @ https://localhost:3000/__nextjs_original-stack-frames:0
