[   61059ms] [ERROR] Failed to load resource: the server responded with a status of 404 (Not Found) @ https://localhost:3000/fixture-warehouse-map?_rsc=lv1mx:0
[   61081ms] [LOG] [Fast Refresh] done in 544ms @ https://localhost:3000/_next/static/chunks/node_modules_next_dist_f3530cac._.js:2297
[   61194ms] [LOG] [Fast Refresh] rebuilding @ https://localhost:3000/_next/static/chunks/node_modules_next_dist_f3530cac._.js:2297
[   61858ms] [ERROR] Failed to load resource: the server responded with a status of 404 (Not Found) @ https://localhost:3000/fixture-warehouse-map?_rsc=lv1mx:0
[   61862ms] [LOG] [Fast Refresh] done in 769ms @ https://localhost:3000/_next/static/chunks/node_modules_next_dist_f3530cac._.js:2297
[   62007ms] [ERROR] Failed to load resource: the server responded with a status of 404 (Not Found) @ https://localhost:3000/fixture-warehouse-map:0
[   62900ms] [INFO] %cDownload the React DevTools for a better development experience: https://react.dev/link/react-devtools font-weight:bold @ https://localhost:3000/_next/static/chunks/node_modules_next_dist_f3530cac._.js:2297
[   63114ms] [LOG] [HMR] connected @ https://localhost:3000/_next/static/chunks/node_modules_next_dist_f3530cac._.js:2297
[   63236ms] [LOG] [Fast Refresh] rebuilding @ https://localhost:3000/_next/static/chunks/node_modules_next_dist_f3530cac._.js:2297
[   63262ms] [LOG] [Fast Refresh] done in 131ms @ https://localhost:3000/_next/static/chunks/node_modules_next_dist_f3530cac._.js:2297
[   63840ms] [LOG] [Fast Refresh] rebuilding @ https://localhost:3000/_next/static/chunks/node_modules_next_dist_f3530cac._.js:2297
[   63958ms] [LOG] [Fast Refresh] done in 228ms @ https://localhost:3000/_next/static/chunks/node_modules_next_dist_f3530cac._.js:2297
[   64471ms] [LOG] [Fast Refresh] rebuilding @ https://localhost:3000/_next/static/chunks/node_modules_next_dist_f3530cac._.js:2297
[   64473ms] [LOG] [Fast Refresh] done in 102ms @ https://localhost:3000/_next/static/chunks/node_modules_next_dist_f3530cac._.js:2297
[   64600ms] [LOG] [Fast Refresh] rebuilding @ https://localhost:3000/_next/static/chunks/node_modules_next_dist_f3530cac._.js:2297
[   64613ms] [LOG] [Fast Refresh] done in 125ms @ https://localhost:3000/_next/static/chunks/node_modules_next_dist_f3530cac._.js:2297
[   64727ms] [LOG] [Fast Refresh] rebuilding @ https://localhost:3000/_next/static/chunks/node_modules_next_dist_f3530cac._.js:2297
[   64733ms] [LOG] [Fast Refresh] done in 119ms @ https://localhost:3000/_next/static/chunks/node_modules_next_dist_f3530cac._.js:2297
[   64841ms] [LOG] [Fast Refresh] rebuilding @ https://localhost:3000/_next/static/chunks/node_modules_next_dist_f3530cac._.js:2297
[   64841ms] [LOG] [Fast Refresh] done in 108ms @ https://localhost:3000/_next/static/chunks/node_modules_next_dist_f3530cac._.js:2297
[   64962ms] [LOG] [Fast Refresh] rebuilding @ https://localhost:3000/_next/static/chunks/node_modules_next_dist_f3530cac._.js:2297
[   65024ms] [LOG] [Fast Refresh] done in 163ms @ https://localhost:3000/_next/static/chunks/node_modules_next_dist_f3530cac._.js:2297
[   65257ms] [LOG] [Fast Refresh] rebuilding @ https://localhost:3000/_next/static/chunks/node_modules_next_dist_f3530cac._.js:2297
[   65269ms] [LOG] [Fast Refresh] done in 123ms @ https://localhost:3000/_next/static/chunks/node_modules_next_dist_f3530cac._.js:2297
[   66074ms] [LOG] [Fast Refresh] rebuilding @ https://localhost:3000/_next/static/chunks/node_modules_next_dist_f3530cac._.js:2297
[   66112ms] [LOG] [Fast Refresh] done in 141ms @ https://localhost:3000/_next/static/chunks/node_modules_next_dist_f3530cac._.js:2297
[   66552ms] [LOG] [Fast Refresh] rebuilding @ https://localhost:3000/_next/static/chunks/node_modules_next_dist_f3530cac._.js:2297
[   66600ms] [LOG] [Fast Refresh] done in 150ms @ https://localhost:3000/_next/static/chunks/node_modules_next_dist_f3530cac._.js:2297
[   66872ms] [LOG] [Fast Refresh] rebuilding @ https://localhost:3000/_next/static/chunks/node_modules_next_dist_f3530cac._.js:2297
[   66908ms] [LOG] [Fast Refresh] done in 149ms @ https://localhost:3000/_next/static/chunks/node_modules_next_dist_f3530cac._.js:2297
[   67053ms] [LOG] [Fast Refresh] rebuilding @ https://localhost:3000/_next/static/chunks/node_modules_next_dist_f3530cac._.js:2297
[   67124ms] [LOG] [Fast Refresh] done in 181ms @ https://localhost:3000/_next/static/chunks/node_modules_next_dist_f3530cac._.js:2297
[   67260ms] [LOG] [Fast Refresh] rebuilding @ https://localhost:3000/_next/static/chunks/node_modules_next_dist_f3530cac._.js:2297
[   67261ms] [LOG] [Fast Refresh] done in 109ms @ https://localhost:3000/_next/static/chunks/node_modules_next_dist_f3530cac._.js:2297
[   67405ms] [LOG] [Fast Refresh] rebuilding @ https://localhost:3000/_next/static/chunks/node_modules_next_dist_f3530cac._.js:2297
[   67414ms] [LOG] [Fast Refresh] done in 123ms @ https://localhost:3000/_next/static/chunks/node_modules_next_dist_f3530cac._.js:2297
[   67522ms] [LOG] [Fast Refresh] rebuilding @ https://localhost:3000/_next/static/chunks/node_modules_next_dist_f3530cac._.js:2297
[   67548ms] [LOG] [Fast Refresh] done in 127ms @ https://localhost:3000/_next/static/chunks/node_modules_next_dist_f3530cac._.js:2297
[   67668ms] [LOG] [Fast Refresh] rebuilding @ https://localhost:3000/_next/static/chunks/node_modules_next_dist_f3530cac._.js:2297
[   67671ms] [LOG] [Fast Refresh] done in 112ms @ https://localhost:3000/_next/static/chunks/node_modules_next_dist_f3530cac._.js:2297
[   68555ms] [LOG] [Fast Refresh] rebuilding @ https://localhost:3000/_next/static/chunks/node_modules_next_dist_f3530cac._.js:2297
[   68609ms] [LOG] [Fast Refresh] done in 154ms @ https://localhost:3000/_next/static/chunks/node_modules_next_dist_f3530cac._.js:2297
[  432786ms] [LOG] [Fast Refresh] rebuilding @ https://localhost:3000/_next/static/chunks/node_modules_next_dist_f3530cac._.js:2297
[  433223ms] [LOG] [Fast Refresh] done in 548ms @ https://localhost:3000/_next/static/chunks/node_modules_next_dist_f3530cac._.js:2297
[  442556ms] [LOG] [Fast Refresh] rebuilding @ https://localhost:3000/_next/static/chunks/node_modules_next_dist_f3530cac._.js:2297
[  443395ms] [LOG] [Fast Refresh] done in 952ms @ https://localhost:3000/_next/static/chunks/node_modules_next_dist_f3530cac._.js:2297
[  471730ms] [LOG] [Fast Refresh] rebuilding @ https://localhost:3000/_next/static/chunks/node_modules_next_dist_f3530cac._.js:2297
[  472395ms] [LOG] [Fast Refresh] done in 767ms @ https://localhost:3000/_next/static/chunks/node_modules_next_dist_f3530cac._.js:2297
[  500538ms] [LOG] [Fast Refresh] rebuilding @ https://localhost:3000/_next/static/chunks/node_modules_next_dist_f3530cac._.js:2297
[  501172ms] [LOG] [Fast Refresh] done in 739ms @ https://localhost:3000/_next/static/chunks/node_modules_next_dist_f3530cac._.js:2297
[  501605ms] [LOG] [Fast Refresh] rebuilding @ https://localhost:3000/_next/static/chunks/node_modules_next_dist_f3530cac._.js:2297
[  502271ms] [LOG] [Fast Refresh] done in 777ms @ https://localhost:3000/_next/static/chunks/node_modules_next_dist_f3530cac._.js:2297
[  502705ms] [LOG] [Fast Refresh] rebuilding @ https://localhost:3000/_next/static/chunks/node_modules_next_dist_f3530cac._.js:2297
[  505264ms] [LOG] [Fast Refresh] done in 2650ms @ https://localhost:3000/_next/static/chunks/node_modules_next_dist_f3530cac._.js:2297
[  527593ms] [LOG] [Fast Refresh] rebuilding @ https://localhost:3000/_next/static/chunks/node_modules_next_dist_f3530cac._.js:2297
[  528425ms] [LOG] [Fast Refresh] done in 936ms @ https://localhost:3000/_next/static/chunks/node_modules_next_dist_f3530cac._.js:2297
[  528620ms] [LOG] [Fast Refresh] rebuilding @ https://localhost:3000/_next/static/chunks/node_modules_next_dist_f3530cac._.js:2297
[  529058ms] [LOG] [Fast Refresh] done in 539ms @ https://localhost:3000/_next/static/chunks/node_modules_next_dist_f3530cac._.js:2297
[  529284ms] [LOG] [Fast Refresh] rebuilding @ https://localhost:3000/_next/static/chunks/node_modules_next_dist_f3530cac._.js:2297
[  529295ms] [LOG] [Fast Refresh] done in 120ms @ https://localhost:3000/_next/static/chunks/node_modules_next_dist_f3530cac._.js:2297
[  534497ms] [LOG] [Fast Refresh] rebuilding @ https://localhost:3000/_next/static/chunks/node_modules_next_dist_f3530cac._.js:2297
[  535063ms] [LOG] [Fast Refresh] done in 637ms @ https://localhost:3000/_next/static/chunks/node_modules_next_dist_f3530cac._.js:2297
[  567274ms] [LOG] [Fast Refresh] rebuilding @ https://localhost:3000/_next/static/chunks/node_modules_next_dist_f3530cac._.js:2297
[  568619ms] [LOG] [Fast Refresh] done in 1455ms @ https://localhost:3000/_next/static/chunks/node_modules_next_dist_f3530cac._.js:2297
[  585345ms] [LOG] [Fast Refresh] rebuilding @ https://localhost:3000/_next/static/chunks/node_modules_next_dist_f3530cac._.js:2297
[  586174ms] [LOG] [Fast Refresh] done in 945ms @ https://localhost:3000/_next/static/chunks/node_modules_next_dist_f3530cac._.js:2297
[  692490ms] [LOG] [Fast Refresh] rebuilding @ https://localhost:3000/_next/static/chunks/node_modules_next_dist_f3530cac._.js:2297
[  692991ms] [LOG] [Fast Refresh] done in 614ms @ https://localhost:3000/_next/static/chunks/node_modules_next_dist_f3530cac._.js:2297
[  726203ms] [LOG] [Fast Refresh] rebuilding @ https://localhost:3000/_next/static/chunks/node_modules_next_dist_f3530cac._.js:2297
[  726691ms] [LOG] [Fast Refresh] done in 592ms @ https://localhost:3000/_next/static/chunks/node_modules_next_dist_f3530cac._.js:2297
[  756789ms] [LOG] [Fast Refresh] rebuilding @ https://localhost:3000/_next/static/chunks/node_modules_next_dist_f3530cac._.js:2297
[  757289ms] [LOG] [Fast Refresh] done in 608ms @ https://localhost:3000/_next/static/chunks/node_modules_next_dist_f3530cac._.js:2297
[ 2329050ms] [LOG] [Fast Refresh] rebuilding @ https://localhost:3000/_next/static/chunks/node_modules_next_dist_f3530cac._.js:2297
[ 2329584ms] [LOG] [Fast Refresh] done in 636ms @ https://localhost:3000/_next/static/chunks/node_modules_next_dist_f3530cac._.js:2297
[ 2342050ms] [LOG] [Fast Refresh] rebuilding @ https://localhost:3000/_next/static/chunks/node_modules_next_dist_f3530cac._.js:2297
[ 2342630ms] [LOG] [Fast Refresh] done in 695ms @ https://localhost:3000/_next/static/chunks/node_modules_next_dist_f3530cac._.js:2297
[ 2353142ms] [LOG] [Fast Refresh] rebuilding @ https://localhost:3000/_next/static/chunks/node_modules_next_dist_f3530cac._.js:2297
[ 2353757ms] [LOG] [Fast Refresh] done in 715ms @ https://localhost:3000/_next/static/chunks/node_modules_next_dist_f3530cac._.js:2297
[ 2354191ms] [LOG] [Fast Refresh] rebuilding @ https://localhost:3000/_next/static/chunks/node_modules_next_dist_f3530cac._.js:2297
[ 2355043ms] [LOG] [Fast Refresh] done in 953ms @ https://localhost:3000/_next/static/chunks/node_modules_next_dist_f3530cac._.js:2297
[ 2366544ms] [LOG] [Fast Refresh] rebuilding @ https://localhost:3000/_next/static/chunks/node_modules_next_dist_f3530cac._.js:2297
[ 2367104ms] [LOG] [Fast Refresh] done in 663ms @ https://localhost:3000/_next/static/chunks/node_modules_next_dist_f3530cac._.js:2297
[ 2390331ms] [LOG] [Fast Refresh] rebuilding @ https://localhost:3000/_next/static/chunks/node_modules_next_dist_f3530cac._.js:2297
[ 2391122ms] [LOG] [Fast Refresh] done in 901ms @ https://localhost:3000/_next/static/chunks/node_modules_next_dist_f3530cac._.js:2297
[ 2962938ms] [LOG] [Fast Refresh] rebuilding @ https://localhost:3000/_next/static/chunks/node_modules_next_dist_f3530cac._.js:2297
[ 2965354ms] [LOG] [Fast Refresh] done in 2515ms @ https://localhost:3000/_next/static/chunks/node_modules_next_dist_f3530cac._.js:2297
[ 2965557ms] [LOG] [Fast Refresh] rebuilding @ https://localhost:3000/_next/static/chunks/node_modules_next_dist_f3530cac._.js:2297
[ 2967240ms] [LOG] [Fast Refresh] done in 1794ms @ https://localhost:3000/_next/static/chunks/node_modules_next_dist_f3530cac._.js:2297
[ 2978991ms] [LOG] [Fast Refresh] rebuilding @ https://localhost:3000/_next/static/chunks/node_modules_next_dist_f3530cac._.js:2297
[ 2979426ms] [LOG] [Fast Refresh] done in 547ms @ https://localhost:3000/_next/static/chunks/node_modules_next_dist_f3530cac._.js:2297
[ 2989394ms] [LOG] [Fast Refresh] rebuilding @ https://localhost:3000/_next/static/chunks/node_modules_next_dist_f3530cac._.js:2297
[ 2989861ms] [LOG] [Fast Refresh] done in 547ms @ https://localhost:3000/_next/static/chunks/node_modules_next_dist_f3530cac._.js:2297
[ 3016420ms] [LOG] [Fast Refresh] rebuilding @ https://localhost:3000/_next/static/chunks/node_modules_next_dist_f3530cac._.js:2297
[ 3017036ms] [LOG] [Fast Refresh] done in 730ms @ https://localhost:3000/_next/static/chunks/node_modules_next_dist_f3530cac._.js:2297
[ 3035057ms] [LOG] [Fast Refresh] rebuilding @ https://localhost:3000/_next/static/chunks/node_modules_next_dist_f3530cac._.js:2297
[ 3035461ms] [LOG] [Fast Refresh] done in 518ms @ https://localhost:3000/_next/static/chunks/node_modules_next_dist_f3530cac._.js:2297
[ 3036123ms] [LOG] [Fast Refresh] rebuilding @ https://localhost:3000/_next/static/chunks/node_modules_next_dist_f3530cac._.js:2297
[ 3036558ms] [LOG] [Fast Refresh] done in 546ms @ https://localhost:3000/_next/static/chunks/node_modules_next_dist_f3530cac._.js:2297
[ 3037208ms] [LOG] [Fast Refresh] rebuilding @ https://localhost:3000/_next/static/chunks/node_modules_next_dist_f3530cac._.js:2297
[ 3037676ms] [LOG] [Fast Refresh] done in 570ms @ https://localhost:3000/_next/static/chunks/node_modules_next_dist_f3530cac._.js:2297
[ 3054495ms] [LOG] [Fast Refresh] rebuilding @ https://localhost:3000/_next/static/chunks/node_modules_next_dist_f3530cac._.js:2297
[ 3055411ms] [LOG] [Fast Refresh] done in 996ms @ https://localhost:3000/_next/static/chunks/node_modules_next_dist_f3530cac._.js:2297
[ 3086037ms] [LOG] [Fast Refresh] rebuilding @ https://localhost:3000/_next/static/chunks/node_modules_next_dist_f3530cac._.js:2297
[ 3087926ms] [LOG] [Fast Refresh] done in 1975ms @ https://localhost:3000/_next/static/chunks/node_modules_next_dist_f3530cac._.js:2297
[ 3304783ms] [LOG] [Fast Refresh] rebuilding @ https://localhost:3000/_next/static/chunks/node_modules_next_dist_f3530cac._.js:2297
[ 3305387ms] [LOG] [Fast Refresh] done in 704ms @ https://localhost:3000/_next/static/chunks/node_modules_next_dist_f3530cac._.js:2297
[ 3317530ms] [LOG] [Fast Refresh] rebuilding @ https://localhost:3000/_next/static/chunks/node_modules_next_dist_f3530cac._.js:2297
[ 3318347ms] [LOG] [Fast Refresh] done in 915ms @ https://localhost:3000/_next/static/chunks/node_modules_next_dist_f3530cac._.js:2297
[ 3335538ms] [LOG] [Fast Refresh] rebuilding @ https://localhost:3000/_next/static/chunks/node_modules_next_dist_f3530cac._.js:2297
[ 3336340ms] [LOG] [Fast Refresh] done in 916ms @ https://localhost:3000/_next/static/chunks/node_modules_next_dist_f3530cac._.js:2297
[ 3345557ms] [LOG] [Fast Refresh] rebuilding @ https://localhost:3000/_next/static/chunks/node_modules_next_dist_f3530cac._.js:2297
[ 3346174ms] [LOG] [Fast Refresh] done in 729ms @ https://localhost:3000/_next/static/chunks/node_modules_next_dist_f3530cac._.js:2297
[ 3357327ms] [LOG] [Fast Refresh] rebuilding @ https://localhost:3000/_next/static/chunks/node_modules_next_dist_f3530cac._.js:2297
[ 3358095ms] [LOG] [Fast Refresh] done in 872ms @ https://localhost:3000/_next/static/chunks/node_modules_next_dist_f3530cac._.js:2297
[ 3419845ms] [LOG] [Fast Refresh] rebuilding @ https://localhost:3000/_next/static/chunks/node_modules_next_dist_f3530cac._.js:2297
[ 3422130ms] [ERROR] Failed to load resource: the server responded with a status of 404 (Not Found) @ https://localhost:3000/fixture-warehouse-map?_rsc=kw9md:0
[ 3422143ms] [LOG] [Fast Refresh] done in 689ms @ https://localhost:3000/_next/static/chunks/node_modules_next_dist_f3530cac._.js:2297
[ 3422584ms] [ERROR] Failed to load resource: the server responded with a status of 404 (Not Found) @ https://localhost:3000/fixture-warehouse-map?_rsc=kw9md:0
[ 3422898ms] [LOG] [Fast Refresh] rebuilding @ https://localhost:3000/_next/static/chunks/node_modules_next_dist_f3530cac._.js:2297
[ 3422899ms] [LOG] [Fast Refresh] done in 117ms @ https://localhost:3000/_next/static/chunks/node_modules_next_dist_f3530cac._.js:2297
[ 3422942ms] [ERROR] Failed to load resource: the server responded with a status of 404 (Not Found) @ https://localhost:3000/fixture-warehouse-map:0
[ 3424038ms] [INFO] %cDownload the React DevTools for a better development experience: https://react.dev/link/react-devtools font-weight:bold @ https://localhost:3000/_next/static/chunks/node_modules_next_dist_f3530cac._.js:2297
[ 3424203ms] [LOG] [HMR] connected @ https://localhost:3000/_next/static/chunks/node_modules_next_dist_f3530cac._.js:2297
[ 3424452ms] [LOG] [Fast Refresh] rebuilding @ https://localhost:3000/_next/static/chunks/node_modules_next_dist_f3530cac._.js:2297
[ 3424465ms] [LOG] [Fast Refresh] done in 116ms @ https://localhost:3000/_next/static/chunks/node_modules_next_dist_f3530cac._.js:2297
[ 3424573ms] [LOG] [Fast Refresh] rebuilding @ https://localhost:3000/_next/static/chunks/node_modules_next_dist_f3530cac._.js:2297
[ 3424579ms] [LOG] [Fast Refresh] done in 107ms @ https://localhost:3000/_next/static/chunks/node_modules_next_dist_f3530cac._.js:2297
[ 3425324ms] [LOG] [Fast Refresh] rebuilding @ https://localhost:3000/_next/static/chunks/node_modules_next_dist_f3530cac._.js:2297
[ 3425354ms] [LOG] [Fast Refresh] done in 140ms @ https://localhost:3000/_next/static/chunks/node_modules_next_dist_f3530cac._.js:2297
[ 3425520ms] [LOG] [Fast Refresh] rebuilding @ https://localhost:3000/_next/static/chunks/node_modules_next_dist_f3530cac._.js:2297
[ 3425775ms] [LOG] [Fast Refresh] done in 363ms @ https://localhost:3000/_next/static/chunks/node_modules_next_dist_f3530cac._.js:2297
[ 3425902ms] [LOG] [Fast Refresh] rebuilding @ https://localhost:3000/_next/static/chunks/node_modules_next_dist_f3530cac._.js:2297
[ 3425903ms] [LOG] [Fast Refresh] done in 102ms @ https://localhost:3000/_next/static/chunks/node_modules_next_dist_f3530cac._.js:2297
[ 3426329ms] [LOG] [Fast Refresh] rebuilding @ https://localhost:3000/_next/static/chunks/node_modules_next_dist_f3530cac._.js:2297
[ 3426358ms] [LOG] [Fast Refresh] done in 132ms @ https://localhost:3000/_next/static/chunks/node_modules_next_dist_f3530cac._.js:2297
[ 3426465ms] [LOG] [Fast Refresh] rebuilding @ https://localhost:3000/_next/static/chunks/node_modules_next_dist_f3530cac._.js:2297
[ 3426471ms] [LOG] [Fast Refresh] done in 113ms @ https://localhost:3000/_next/static/chunks/node_modules_next_dist_f3530cac._.js:2297
[ 3426999ms] [LOG] [Fast Refresh] rebuilding @ https://localhost:3000/_next/static/chunks/node_modules_next_dist_f3530cac._.js:2297
[ 3427042ms] [LOG] [Fast Refresh] done in 145ms @ https://localhost:3000/_next/static/chunks/node_modules_next_dist_f3530cac._.js:2297
[ 3427185ms] [LOG] [Fast Refresh] rebuilding @ https://localhost:3000/_next/static/chunks/node_modules_next_dist_f3530cac._.js:2297
[ 3427277ms] [LOG] [Fast Refresh] done in 192ms @ https://localhost:3000/_next/static/chunks/node_modules_next_dist_f3530cac._.js:2297
[ 3427765ms] [LOG] [Fast Refresh] rebuilding @ https://localhost:3000/_next/static/chunks/node_modules_next_dist_f3530cac._.js:2297
[ 3427771ms] [LOG] [Fast Refresh] done in 110ms @ https://localhost:3000/_next/static/chunks/node_modules_next_dist_f3530cac._.js:2297
[ 3428664ms] [LOG] [Fast Refresh] rebuilding @ https://localhost:3000/_next/static/chunks/node_modules_next_dist_f3530cac._.js:2297
[ 3428665ms] [LOG] [Fast Refresh] done in 105ms @ https://localhost:3000/_next/static/chunks/node_modules_next_dist_f3530cac._.js:2297
[ 3429415ms] [LOG] [Fast Refresh] rebuilding @ https://localhost:3000/_next/static/chunks/node_modules_next_dist_f3530cac._.js:2297
[ 3429426ms] [LOG] [Fast Refresh] done in 118ms @ https://localhost:3000/_next/static/chunks/node_modules_next_dist_f3530cac._.js:2297
[ 3482478ms] [LOG] [Fast Refresh] rebuilding @ https://localhost:3000/_next/static/chunks/node_modules_next_dist_f3530cac._.js:2297
[ 3485951ms] [LOG] [Fast Refresh] done in 3577ms @ https://localhost:3000/_next/static/chunks/node_modules_next_dist_f3530cac._.js:2297
[ 3486847ms] [LOG] [Fast Refresh] rebuilding @ https://localhost:3000/_next/static/chunks/node_modules_next_dist_f3530cac._.js:2297
[ 3486967ms] [LOG] [Fast Refresh] done in 220ms @ https://localhost:3000/_next/static/chunks/node_modules_next_dist_f3530cac._.js:2297
[ 3501281ms] [LOG] [Fast Refresh] rebuilding @ https://localhost:3000/_next/static/chunks/node_modules_next_dist_f3530cac._.js:2297
[ 3502119ms] [LOG] [Fast Refresh] done in 950ms @ https://localhost:3000/_next/static/chunks/node_modules_next_dist_f3530cac._.js:2297
[ 3506489ms] [LOG] [Fast Refresh] rebuilding @ https://localhost:3000/_next/static/chunks/node_modules_next_dist_f3530cac._.js:2297
[ 3507203ms] [LOG] [Fast Refresh] done in 817ms @ https://localhost:3000/_next/static/chunks/node_modules_next_dist_f3530cac._.js:2297
[ 3516281ms] [LOG] [Fast Refresh] rebuilding @ https://localhost:3000/_next/static/chunks/node_modules_next_dist_f3530cac._.js:2297
[ 3516939ms] [LOG] [Fast Refresh] done in 763ms @ https://localhost:3000/_next/static/chunks/node_modules_next_dist_f3530cac._.js:2297
[ 3517755ms] [LOG] [Fast Refresh] rebuilding @ https://localhost:3000/_next/static/chunks/node_modules_next_dist_f3530cac._.js:2297
[ 3518209ms] [LOG] [Fast Refresh] done in 564ms @ https://localhost:3000/_next/static/chunks/node_modules_next_dist_f3530cac._.js:2297
[ 3519010ms] [LOG] [Fast Refresh] rebuilding @ https://localhost:3000/_next/static/chunks/node_modules_next_dist_f3530cac._.js:2297
[ 3520057ms] [LOG] [Fast Refresh] done in 1158ms @ https://localhost:3000/_next/static/chunks/node_modules_next_dist_f3530cac._.js:2297
[ 3524595ms] [LOG] [Fast Refresh] rebuilding @ https://localhost:3000/_next/static/chunks/node_modules_next_dist_f3530cac._.js:2297
[ 3525432ms] [LOG] [Fast Refresh] done in 953ms @ https://localhost:3000/_next/static/chunks/node_modules_next_dist_f3530cac._.js:2297
[ 3531675ms] [LOG] [Fast Refresh] rebuilding @ https://localhost:3000/_next/static/chunks/node_modules_next_dist_f3530cac._.js:2297
[ 3532239ms] [LOG] [Fast Refresh] done in 678ms @ https://localhost:3000/_next/static/chunks/node_modules_next_dist_f3530cac._.js:2297
[ 3532342ms] [LOG] [Fast Refresh] rebuilding @ https://localhost:3000/_next/static/chunks/node_modules_next_dist_f3530cac._.js:2297
[ 3533164ms] [LOG] [Fast Refresh] done in 923ms @ https://localhost:3000/_next/static/chunks/node_modules_next_dist_f3530cac._.js:2297
[ 3560940ms] [LOG] [Fast Refresh] rebuilding @ https://localhost:3000/_next/static/chunks/node_modules_next_dist_f3530cac._.js:2297
[ 3561728ms] [LOG] [Fast Refresh] done in 891ms @ https://localhost:3000/_next/static/chunks/node_modules_next_dist_f3530cac._.js:2297
[ 3584013ms] [LOG] [Fast Refresh] rebuilding @ https://localhost:3000/_next/static/chunks/node_modules_next_dist_f3530cac._.js:2297
[ 3585468ms] [LOG] [Fast Refresh] done in 520ms @ https://localhost:3000/_next/static/chunks/node_modules_next_dist_f3530cac._.js:2297
[ 3585634ms] [ERROR] Failed to load resource: the server responded with a status of 404 (Not Found) @ https://localhost:3000/fixture-warehouse-map?_rsc=kw9md:0
[ 3586113ms] [LOG] [Fast Refresh] rebuilding @ https://localhost:3000/_next/static/chunks/node_modules_next_dist_f3530cac._.js:2297
[ 3586120ms] [LOG] [Fast Refresh] done in 110ms @ https://localhost:3000/_next/static/chunks/node_modules_next_dist_f3530cac._.js:2297
[ 3586238ms] [LOG] [Fast Refresh] rebuilding @ https://localhost:3000/_next/static/chunks/node_modules_next_dist_f3530cac._.js:2297
[ 3586287ms] [LOG] [Fast Refresh] done in 152ms @ https://localhost:3000/_next/static/chunks/node_modules_next_dist_f3530cac._.js:2297
[ 3586410ms] [ERROR] Failed to load resource: the server responded with a status of 404 (Not Found) @ https://localhost:3000/fixture-warehouse-map?_rsc=kw9md:0
[ 3586434ms] [LOG] [Fast Refresh] rebuilding @ https://localhost:3000/_next/static/chunks/node_modules_next_dist_f3530cac._.js:2297
[ 3586596ms] [LOG] [Fast Refresh] done in 277ms @ https://localhost:3000/_next/static/chunks/node_modules_next_dist_f3530cac._.js:2297
[ 3586695ms] [ERROR] Failed to load resource: the server responded with a status of 404 (Not Found) @ https://localhost:3000/fixture-warehouse-map:0
[ 3587553ms] [INFO] %cDownload the React DevTools for a better development experience: https://react.dev/link/react-devtools font-weight:bold @ https://localhost:3000/_next/static/chunks/node_modules_next_dist_f3530cac._.js:2297
[ 3587652ms] [LOG] [HMR] connected @ https://localhost:3000/_next/static/chunks/node_modules_next_dist_f3530cac._.js:2297
[ 3588738ms] [LOG] [Fast Refresh] rebuilding @ https://localhost:3000/_next/static/chunks/node_modules_next_dist_f3530cac._.js:2297
[ 3588738ms] [LOG] [Fast Refresh] done in 107ms @ https://localhost:3000/_next/static/chunks/node_modules_next_dist_f3530cac._.js:2297
[ 3589141ms] [LOG] [Fast Refresh] rebuilding @ https://localhost:3000/_next/static/chunks/node_modules_next_dist_f3530cac._.js:2297
[ 3589145ms] [LOG] [Fast Refresh] done in 105ms @ https://localhost:3000/_next/static/chunks/node_modules_next_dist_f3530cac._.js:2297
[ 3589271ms] [LOG] [Fast Refresh] rebuilding @ https://localhost:3000/_next/static/chunks/node_modules_next_dist_f3530cac._.js:2297
[ 3589282ms] [LOG] [Fast Refresh] done in 123ms @ https://localhost:3000/_next/static/chunks/node_modules_next_dist_f3530cac._.js:2297
[ 3590102ms] [LOG] [Fast Refresh] rebuilding @ https://localhost:3000/_next/static/chunks/node_modules_next_dist_f3530cac._.js:2297
[ 3590104ms] [LOG] [Fast Refresh] done in 110ms @ https://localhost:3000/_next/static/chunks/node_modules_next_dist_f3530cac._.js:2297
[ 3591899ms] [LOG] [Fast Refresh] rebuilding @ https://localhost:3000/_next/static/chunks/node_modules_next_dist_f3530cac._.js:2297
[ 3591923ms] [LOG] [Fast Refresh] done in 126ms @ https://localhost:3000/_next/static/chunks/node_modules_next_dist_f3530cac._.js:2297
[ 3850644ms] [LOG] [Fast Refresh] rebuilding @ https://localhost:3000/_next/static/chunks/node_modules_next_dist_f3530cac._.js:2297
[ 3851278ms] [LOG] [Fast Refresh] done in 747ms @ https://localhost:3000/_next/static/chunks/node_modules_next_dist_f3530cac._.js:2297
[ 3864581ms] [LOG] [Fast Refresh] rebuilding @ https://localhost:3000/_next/static/chunks/node_modules_next_dist_f3530cac._.js:2297
[ 3865147ms] [LOG] [Fast Refresh] done in 680ms @ https://localhost:3000/_next/static/chunks/node_modules_next_dist_f3530cac._.js:2297
[ 3892157ms] [LOG] [Fast Refresh] rebuilding @ https://localhost:3000/_next/static/chunks/node_modules_next_dist_f3530cac._.js:2297
[ 3892770ms] [LOG] [Fast Refresh] done in 725ms @ https://localhost:3000/_next/static/chunks/node_modules_next_dist_f3530cac._.js:2297
[ 3902190ms] [LOG] [Fast Refresh] rebuilding @ https://localhost:3000/_next/static/chunks/node_modules_next_dist_f3530cac._.js:2297
[ 3902853ms] [LOG] [Fast Refresh] done in 776ms @ https://localhost:3000/_next/static/chunks/node_modules_next_dist_f3530cac._.js:2297
[ 3919877ms] [LOG] [Fast Refresh] rebuilding @ https://localhost:3000/_next/static/chunks/node_modules_next_dist_f3530cac._.js:2297
[ 3921640ms] [LOG] [Fast Refresh] done in 1838ms @ https://localhost:3000/_next/static/chunks/node_modules_next_dist_f3530cac._.js:2297
[ 3990609ms] [LOG] [Fast Refresh] rebuilding @ https://localhost:3000/_next/static/chunks/node_modules_next_dist_f3530cac._.js:2297
[ 3991783ms] [LOG] [Fast Refresh] done in 410ms @ https://localhost:3000/_next/static/chunks/node_modules_next_dist_f3530cac._.js:2297
[ 3991848ms] [ERROR] Failed to load resource: the server responded with a status of 404 (Not Found) @ https://localhost:3000/fixture-warehouse-map?_rsc=kw9md:0
[ 3992133ms] [LOG] [Fast Refresh] rebuilding @ https://localhost:3000/_next/static/chunks/node_modules_next_dist_f3530cac._.js:2297
[ 3992141ms] [LOG] [Fast Refresh] done in 115ms @ https://localhost:3000/_next/static/chunks/node_modules_next_dist_f3530cac._.js:2297
[ 3992264ms] [LOG] [Fast Refresh] rebuilding @ https://localhost:3000/_next/static/chunks/node_modules_next_dist_f3530cac._.js:2297
[ 3992361ms] [ERROR] Failed to load resource: the server responded with a status of 404 (Not Found) @ https://localhost:3000/fixture-warehouse-map?_rsc=kw9md:0
[ 3992409ms] [LOG] [Fast Refresh] done in 246ms @ https://localhost:3000/_next/static/chunks/node_modules_next_dist_f3530cac._.js:2297
[ 3992497ms] [ERROR] Failed to load resource: the server responded with a status of 404 (Not Found) @ https://localhost:3000/fixture-warehouse-map:0
[ 3994161ms] [INFO] %cDownload the React DevTools for a better development experience: https://react.dev/link/react-devtools font-weight:bold @ https://localhost:3000/_next/static/chunks/node_modules_next_dist_f3530cac._.js:2297
[ 3994265ms] [LOG] [HMR] connected @ https://localhost:3000/_next/static/chunks/node_modules_next_dist_f3530cac._.js:2297
[ 3994933ms] [LOG] [Fast Refresh] rebuilding @ https://localhost:3000/_next/static/chunks/node_modules_next_dist_f3530cac._.js:2297
[ 3994950ms] [LOG] [Fast Refresh] done in 140ms @ https://localhost:3000/_next/static/chunks/node_modules_next_dist_f3530cac._.js:2297
[ 3995217ms] [LOG] [Fast Refresh] rebuilding @ https://localhost:3000/_next/static/chunks/node_modules_next_dist_f3530cac._.js:2297
[ 3996286ms] [LOG] [Fast Refresh] done in 1181ms @ https://localhost:3000/_next/static/chunks/node_modules_next_dist_f3530cac._.js:2297
[ 3997918ms] [LOG] [Fast Refresh] rebuilding @ https://localhost:3000/_next/static/chunks/node_modules_next_dist_f3530cac._.js:2297
[ 3998104ms] [LOG] [Fast Refresh] done in 287ms @ https://localhost:3000/_next/static/chunks/node_modules_next_dist_f3530cac._.js:2297
[ 3998233ms] [LOG] [Fast Refresh] rebuilding @ https://localhost:3000/_next/static/chunks/node_modules_next_dist_f3530cac._.js:2297
[ 3998235ms] [LOG] [Fast Refresh] done in 107ms @ https://localhost:3000/_next/static/chunks/node_modules_next_dist_f3530cac._.js:2297
[ 3998785ms] [LOG] [Fast Refresh] rebuilding @ https://localhost:3000/_next/static/chunks/node_modules_next_dist_f3530cac._.js:2297
[ 3998933ms] [LOG] [Fast Refresh] done in 258ms @ https://localhost:3000/_next/static/chunks/node_modules_next_dist_f3530cac._.js:2297
[ 3999063ms] [LOG] [Fast Refresh] rebuilding @ https://localhost:3000/_next/static/chunks/node_modules_next_dist_f3530cac._.js:2297
[ 3999100ms] [LOG] [Fast Refresh] done in 139ms @ https://localhost:3000/_next/static/chunks/node_modules_next_dist_f3530cac._.js:2297
[ 3999886ms] [LOG] [Fast Refresh] rebuilding @ https://localhost:3000/_next/static/chunks/node_modules_next_dist_f3530cac._.js:2297
[ 4000060ms] [LOG] [Fast Refresh] done in 274ms @ https://localhost:3000/_next/static/chunks/node_modules_next_dist_f3530cac._.js:2297
[ 4000184ms] [LOG] [Fast Refresh] rebuilding @ https://localhost:3000/_next/static/chunks/node_modules_next_dist_f3530cac._.js:2297
[ 4000221ms] [LOG] [Fast Refresh] done in 142ms @ https://localhost:3000/_next/static/chunks/node_modules_next_dist_f3530cac._.js:2297
[ 4000334ms] [LOG] [Fast Refresh] rebuilding @ https://localhost:3000/_next/static/chunks/node_modules_next_dist_f3530cac._.js:2297
[ 4000400ms] [LOG] [Fast Refresh] done in 179ms @ https://localhost:3000/_next/static/chunks/node_modules_next_dist_f3530cac._.js:2297
[ 4000536ms] [LOG] [Fast Refresh] rebuilding @ https://localhost:3000/_next/static/chunks/node_modules_next_dist_f3530cac._.js:2297
[ 4000717ms] [LOG] [Fast Refresh] done in 286ms @ https://localhost:3000/_next/static/chunks/node_modules_next_dist_f3530cac._.js:2297
[ 4001335ms] [LOG] [Fast Refresh] rebuilding @ https://localhost:3000/_next/static/chunks/node_modules_next_dist_f3530cac._.js:2297
[ 4001559ms] [LOG] [Fast Refresh] done in 334ms @ https://localhost:3000/_next/static/chunks/node_modules_next_dist_f3530cac._.js:2297
[ 4187768ms] [LOG] [Fast Refresh] rebuilding @ https://localhost:3000/_next/static/chunks/node_modules_next_dist_f3530cac._.js:2297
[ 4189067ms] [LOG] [Fast Refresh] done in 470ms @ https://localhost:3000/_next/static/chunks/node_modules_next_dist_f3530cac._.js:2297
[ 4189182ms] [ERROR] Failed to load resource: the server responded with a status of 404 (Not Found) @ https://localhost:3000/fixture-warehouse-map?_rsc=kw9md:0
[ 4189535ms] [LOG] [Fast Refresh] rebuilding @ https://localhost:3000/_next/static/chunks/node_modules_next_dist_f3530cac._.js:2297
[ 4189596ms] [ERROR] Failed to load resource: the server responded with a status of 404 (Not Found) @ https://localhost:3000/fixture-warehouse-map?_rsc=kw9md:0
[ 4189641ms] [LOG] [Fast Refresh] done in 206ms @ https://localhost:3000/_next/static/chunks/node_modules_next_dist_f3530cac._.js:2297
[ 4189677ms] [ERROR] Failed to load resource: the server responded with a status of 404 (Not Found) @ https://localhost:3000/fixture-warehouse-map:0
[ 4190400ms] [INFO] %cDownload the React DevTools for a better development experience: https://react.dev/link/react-devtools font-weight:bold @ https://localhost:3000/_next/static/chunks/node_modules_next_dist_f3530cac._.js:2297
[ 4190454ms] [LOG] [HMR] connected @ https://localhost:3000/_next/static/chunks/node_modules_next_dist_f3530cac._.js:2297
[ 4194455ms] [LOG] [Fast Refresh] rebuilding @ https://localhost:3000/_next/static/chunks/node_modules_next_dist_f3530cac._.js:2297
[ 4194579ms] [LOG] [Fast Refresh] done in 229ms @ https://localhost:3000/_next/static/chunks/node_modules_next_dist_f3530cac._.js:2297
[ 4194704ms] [LOG] [Fast Refresh] rebuilding @ https://localhost:3000/_next/static/chunks/node_modules_next_dist_f3530cac._.js:2297
[ 4194731ms] [LOG] [Fast Refresh] done in 128ms @ https://localhost:3000/_next/static/chunks/node_modules_next_dist_f3530cac._.js:2297
[ 4556586ms] [LOG] [Fast Refresh] rebuilding @ https://localhost:3000/_next/static/chunks/node_modules_next_dist_f3530cac._.js:2297
[ 4556597ms] [LOG] [Fast Refresh] done in 122ms @ https://localhost:3000/_next/static/chunks/node_modules_next_dist_f3530cac._.js:2297
[ 4689880ms] [LOG] [Fast Refresh] rebuilding @ https://localhost:3000/_next/static/chunks/node_modules_next_dist_f3530cac._.js:2297
[ 4690574ms] [LOG] [Fast Refresh] done in 805ms @ https://localhost:3000/_next/static/chunks/node_modules_next_dist_f3530cac._.js:2297
[ 4697693ms] [LOG] [Fast Refresh] rebuilding @ https://localhost:3000/_next/static/chunks/node_modules_next_dist_f3530cac._.js:2297
[ 4697848ms] [LOG] [Fast Refresh] done in 265ms @ https://localhost:3000/_next/static/chunks/node_modules_next_dist_f3530cac._.js:2297
[ 4708799ms] [LOG] [Fast Refresh] rebuilding @ https://localhost:3000/_next/static/chunks/node_modules_next_dist_f3530cac._.js:2297
[ 4709399ms] [LOG] [Fast Refresh] done in 710ms @ https://localhost:3000/_next/static/chunks/node_modules_next_dist_f3530cac._.js:2297
[ 4711377ms] [LOG] [Fast Refresh] rebuilding @ https://localhost:3000/_next/static/chunks/node_modules_next_dist_f3530cac._.js:2297
[ 4711389ms] [LOG] [Fast Refresh] done in 119ms @ https://localhost:3000/_next/static/chunks/node_modules_next_dist_f3530cac._.js:2297
[ 4736343ms] [LOG] [Fast Refresh] rebuilding @ https://localhost:3000/_next/static/chunks/node_modules_next_dist_f3530cac._.js:2297
[ 4737499ms] [LOG] [Fast Refresh] done in 410ms @ https://localhost:3000/_next/static/chunks/node_modules_next_dist_f3530cac._.js:2297
[ 4737586ms] [ERROR] Failed to load resource: the server responded with a status of 404 (Not Found) @ https://localhost:3000/fixture-warehouse-map?_rsc=kw9md:0
[ 4737737ms] [LOG] [Fast Refresh] rebuilding @ https://localhost:3000/_next/static/chunks/node_modules_next_dist_f3530cac._.js:2297
[ 4737744ms] [LOG] [Fast Refresh] done in 110ms @ https://localhost:3000/_next/static/chunks/node_modules_next_dist_f3530cac._.js:2297
[ 4737854ms] [LOG] [Fast Refresh] rebuilding @ https://localhost:3000/_next/static/chunks/node_modules_next_dist_f3530cac._.js:2297
[ 4737955ms] [LOG] [Fast Refresh] done in 204ms @ https://localhost:3000/_next/static/chunks/node_modules_next_dist_f3530cac._.js:2297
[ 4738234ms] [LOG] [Fast Refresh] rebuilding @ https://localhost:3000/_next/static/chunks/node_modules_next_dist_f3530cac._.js:2297
[ 4738363ms] [LOG] [Fast Refresh] done in 236ms @ https://localhost:3000/_next/static/chunks/node_modules_next_dist_f3530cac._.js:2297
[ 4738599ms] [ERROR] Failed to load resource: the server responded with a status of 404 (Not Found) @ https://localhost:3000/fixture-warehouse-map?_rsc=kw9md:0
[ 4738747ms] [ERROR] Failed to load resource: the server responded with a status of 404 (Not Found) @ https://localhost:3000/fixture-warehouse-map:0
[ 4740081ms] [INFO] %cDownload the React DevTools for a better development experience: https://react.dev/link/react-devtools font-weight:bold @ https://localhost:3000/_next/static/chunks/node_modules_next_dist_f3530cac._.js:2297
[ 4740487ms] [LOG] [HMR] connected @ https://localhost:3000/_next/static/chunks/node_modules_next_dist_f3530cac._.js:2297
[ 4740633ms] [LOG] [Fast Refresh] rebuilding @ https://localhost:3000/_next/static/chunks/node_modules_next_dist_f3530cac._.js:2297
[ 4740656ms] [LOG] [Fast Refresh] done in 123ms @ https://localhost:3000/_next/static/chunks/node_modules_next_dist_f3530cac._.js:2297
[ 4741635ms] [LOG] [Fast Refresh] rebuilding @ https://localhost:3000/_next/static/chunks/node_modules_next_dist_f3530cac._.js:2297
[ 4742204ms] [LOG] [Fast Refresh] done in 680ms @ https://localhost:3000/_next/static/chunks/node_modules_next_dist_f3530cac._.js:2297
[ 4743600ms] [LOG] [Fast Refresh] rebuilding @ https://localhost:3000/_next/static/chunks/node_modules_next_dist_f3530cac._.js:2297
[ 4743643ms] [LOG] [Fast Refresh] done in 149ms @ https://localhost:3000/_next/static/chunks/node_modules_next_dist_f3530cac._.js:2297
[ 4743933ms] [LOG] [Fast Refresh] rebuilding @ https://localhost:3000/_next/static/chunks/node_modules_next_dist_f3530cac._.js:2297
[ 4743968ms] [LOG] [Fast Refresh] done in 139ms @ https://localhost:3000/_next/static/chunks/node_modules_next_dist_f3530cac._.js:2297
[ 4745004ms] [LOG] [Fast Refresh] rebuilding @ https://localhost:3000/_next/static/chunks/node_modules_next_dist_f3530cac._.js:2297
[ 4745028ms] [LOG] [Fast Refresh] done in 125ms @ https://localhost:3000/_next/static/chunks/node_modules_next_dist_f3530cac._.js:2297
[ 4745142ms] [LOG] [Fast Refresh] rebuilding @ https://localhost:3000/_next/static/chunks/node_modules_next_dist_f3530cac._.js:2297
[ 4745158ms] [LOG] [Fast Refresh] done in 129ms @ https://localhost:3000/_next/static/chunks/node_modules_next_dist_f3530cac._.js:2297
[ 4745787ms] [LOG] [Fast Refresh] rebuilding @ https://localhost:3000/_next/static/chunks/node_modules_next_dist_f3530cac._.js:2297
[ 4745791ms] [LOG] [Fast Refresh] done in 114ms @ https://localhost:3000/_next/static/chunks/node_modules_next_dist_f3530cac._.js:2297
[ 4745930ms] [LOG] [Fast Refresh] rebuilding @ https://localhost:3000/_next/static/chunks/node_modules_next_dist_f3530cac._.js:2297
[ 4746020ms] [LOG] [Fast Refresh] done in 198ms @ https://localhost:3000/_next/static/chunks/node_modules_next_dist_f3530cac._.js:2297
[ 4746267ms] [LOG] [Fast Refresh] rebuilding @ https://localhost:3000/_next/static/chunks/node_modules_next_dist_f3530cac._.js:2297
[ 4746306ms] [LOG] [Fast Refresh] done in 147ms @ https://localhost:3000/_next/static/chunks/node_modules_next_dist_f3530cac._.js:2297
[ 4746495ms] [LOG] [Fast Refresh] rebuilding @ https://localhost:3000/_next/static/chunks/node_modules_next_dist_f3530cac._.js:2297
[ 4746548ms] [LOG] [Fast Refresh] done in 163ms @ https://localhost:3000/_next/static/chunks/node_modules_next_dist_f3530cac._.js:2297
[ 4746885ms] [LOG] [Fast Refresh] rebuilding @ https://localhost:3000/_next/static/chunks/node_modules_next_dist_f3530cac._.js:2297
[ 4746968ms] [LOG] [Fast Refresh] done in 187ms @ https://localhost:3000/_next/static/chunks/node_modules_next_dist_f3530cac._.js:2297
[ 4747106ms] [LOG] [Fast Refresh] rebuilding @ https://localhost:3000/_next/static/chunks/node_modules_next_dist_f3530cac._.js:2297
[ 4747128ms] [LOG] [Fast Refresh] done in 136ms @ https://localhost:3000/_next/static/chunks/node_modules_next_dist_f3530cac._.js:2297
[ 4747838ms] [LOG] [Fast Refresh] rebuilding @ https://localhost:3000/_next/static/chunks/node_modules_next_dist_f3530cac._.js:2297
[ 4747894ms] [LOG] [Fast Refresh] done in 169ms @ https://localhost:3000/_next/static/chunks/node_modules_next_dist_f3530cac._.js:2297
[ 4755111ms] [LOG] [Fast Refresh] rebuilding @ https://localhost:3000/_next/static/chunks/node_modules_next_dist_f3530cac._.js:2297
[ 4755151ms] [LOG] [Fast Refresh] done in 155ms @ https://localhost:3000/_next/static/chunks/node_modules_next_dist_f3530cac._.js:2297
[ 4757225ms] [LOG] [Fast Refresh] rebuilding @ https://localhost:3000/_next/static/chunks/node_modules_next_dist_f3530cac._.js:2297
[ 4757244ms] [LOG] [Fast Refresh] done in 121ms @ https://localhost:3000/_next/static/chunks/node_modules_next_dist_f3530cac._.js:2297
[ 4779747ms] [LOG] [Fast Refresh] rebuilding @ https://localhost:3000/_next/static/chunks/node_modules_next_dist_f3530cac._.js:2297
[ 4781931ms] [LOG] [Fast Refresh] done in 1027ms @ https://localhost:3000/_next/static/chunks/node_modules_next_dist_f3530cac._.js:2297
[ 4782012ms] [ERROR] Failed to load resource: the server responded with a status of 404 (Not Found) @ https://localhost:3000/fixture-warehouse-map?_rsc=kw9md:0
[ 4782347ms] [LOG] [Fast Refresh] rebuilding @ https://localhost:3000/_next/static/chunks/node_modules_next_dist_f3530cac._.js:2297
[ 4782354ms] [LOG] [Fast Refresh] done in 121ms @ https://localhost:3000/_next/static/chunks/node_modules_next_dist_f3530cac._.js:2297
[ 4782495ms] [LOG] [Fast Refresh] rebuilding @ https://localhost:3000/_next/static/chunks/node_modules_next_dist_f3530cac._.js:2297
[ 4782553ms] [ERROR] Failed to load resource: the server responded with a status of 404 (Not Found) @ https://localhost:3000/fixture-warehouse-map?_rsc=kw9md:0
[ 4782584ms] [LOG] [Fast Refresh] done in 198ms @ https://localhost:3000/_next/static/chunks/node_modules_next_dist_f3530cac._.js:2297
[ 4782695ms] [ERROR] Failed to load resource: the server responded with a status of 404 (Not Found) @ https://localhost:3000/fixture-warehouse-map:0
[ 4783919ms] [INFO] %cDownload the React DevTools for a better development experience: https://react.dev/link/react-devtools font-weight:bold @ https://localhost:3000/_next/static/chunks/node_modules_next_dist_f3530cac._.js:2297
[ 4783967ms] [LOG] [HMR] connected @ https://localhost:3000/_next/static/chunks/node_modules_next_dist_f3530cac._.js:2297
[ 4786731ms] [LOG] [Fast Refresh] rebuilding @ https://localhost:3000/_next/static/chunks/node_modules_next_dist_f3530cac._.js:2297
[ 4786736ms] [LOG] [Fast Refresh] done in 120ms @ https://localhost:3000/_next/static/chunks/node_modules_next_dist_f3530cac._.js:2297
[ 4786881ms] [LOG] [Fast Refresh] rebuilding @ https://localhost:3000/_next/static/chunks/node_modules_next_dist_f3530cac._.js:2297
[ 4786910ms] [LOG] [Fast Refresh] done in 137ms @ https://localhost:3000/_next/static/chunks/node_modules_next_dist_f3530cac._.js:2297
[ 4787011ms] [LOG] [Fast Refresh] rebuilding @ https://localhost:3000/_next/static/chunks/node_modules_next_dist_f3530cac._.js:2297
[ 4787072ms] [LOG] [Fast Refresh] done in 160ms @ https://localhost:3000/_next/static/chunks/node_modules_next_dist_f3530cac._.js:2297
[ 4787315ms] [LOG] [Fast Refresh] rebuilding @ https://localhost:3000/_next/static/chunks/node_modules_next_dist_f3530cac._.js:2297
[ 4787415ms] [LOG] [Fast Refresh] done in 214ms @ https://localhost:3000/_next/static/chunks/node_modules_next_dist_f3530cac._.js:2297
[ 4787564ms] [LOG] [Fast Refresh] rebuilding @ https://localhost:3000/_next/static/chunks/node_modules_next_dist_f3530cac._.js:2297
[ 4787596ms] [LOG] [Fast Refresh] done in 146ms @ https://localhost:3000/_next/static/chunks/node_modules_next_dist_f3530cac._.js:2297
[ 4787945ms] [LOG] [Fast Refresh] rebuilding @ https://localhost:3000/_next/static/chunks/node_modules_next_dist_f3530cac._.js:2297
[ 4787957ms] [LOG] [Fast Refresh] done in 112ms @ https://localhost:3000/_next/static/chunks/node_modules_next_dist_f3530cac._.js:2297
[ 4788112ms] [LOG] [Fast Refresh] rebuilding @ https://localhost:3000/_next/static/chunks/node_modules_next_dist_f3530cac._.js:2297
[ 4788144ms] [LOG] [Fast Refresh] done in 147ms @ https://localhost:3000/_next/static/chunks/node_modules_next_dist_f3530cac._.js:2297
[ 4788251ms] [LOG] [Fast Refresh] rebuilding @ https://localhost:3000/_next/static/chunks/node_modules_next_dist_f3530cac._.js:2297
[ 4788256ms] [LOG] [Fast Refresh] done in 111ms @ https://localhost:3000/_next/static/chunks/node_modules_next_dist_f3530cac._.js:2297
[ 4788382ms] [LOG] [Fast Refresh] rebuilding @ https://localhost:3000/_next/static/chunks/node_modules_next_dist_f3530cac._.js:2297
[ 4788384ms] [LOG] [Fast Refresh] done in 107ms @ https://localhost:3000/_next/static/chunks/node_modules_next_dist_f3530cac._.js:2297
[ 4788517ms] [LOG] [Fast Refresh] rebuilding @ https://localhost:3000/_next/static/chunks/node_modules_next_dist_f3530cac._.js:2297
[ 4788519ms] [LOG] [Fast Refresh] done in 102ms @ https://localhost:3000/_next/static/chunks/node_modules_next_dist_f3530cac._.js:2297
[ 4789114ms] [LOG] [Fast Refresh] rebuilding @ https://localhost:3000/_next/static/chunks/node_modules_next_dist_f3530cac._.js:2297
[ 4789152ms] [LOG] [Fast Refresh] done in 140ms @ https://localhost:3000/_next/static/chunks/node_modules_next_dist_f3530cac._.js:2297
[ 4789298ms] [LOG] [Fast Refresh] rebuilding @ https://localhost:3000/_next/static/chunks/node_modules_next_dist_f3530cac._.js:2297
[ 4789323ms] [LOG] [Fast Refresh] done in 137ms @ https://localhost:3000/_next/static/chunks/node_modules_next_dist_f3530cac._.js:2297
[ 4789526ms] [LOG] [Fast Refresh] rebuilding @ https://localhost:3000/_next/static/chunks/node_modules_next_dist_f3530cac._.js:2297
[ 4789539ms] [LOG] [Fast Refresh] done in 114ms @ https://localhost:3000/_next/static/chunks/node_modules_next_dist_f3530cac._.js:2297
[ 4789655ms] [LOG] [Fast Refresh] rebuilding @ https://localhost:3000/_next/static/chunks/node_modules_next_dist_f3530cac._.js:2297
[ 4789656ms] [LOG] [Fast Refresh] done in 117ms @ https://localhost:3000/_next/static/chunks/node_modules_next_dist_f3530cac._.js:2297
[ 4790049ms] [LOG] [Fast Refresh] rebuilding @ https://localhost:3000/_next/static/chunks/node_modules_next_dist_f3530cac._.js:2297
[ 4790120ms] [LOG] [Fast Refresh] done in 173ms @ https://localhost:3000/_next/static/chunks/node_modules_next_dist_f3530cac._.js:2297
[ 4790367ms] [LOG] [Fast Refresh] rebuilding @ https://localhost:3000/_next/static/chunks/node_modules_next_dist_f3530cac._.js:2297
[ 4790439ms] [LOG] [Fast Refresh] done in 181ms @ https://localhost:3000/_next/static/chunks/node_modules_next_dist_f3530cac._.js:2297
[ 4791386ms] [LOG] [Fast Refresh] rebuilding @ https://localhost:3000/_next/static/chunks/node_modules_next_dist_f3530cac._.js:2297
[ 4791392ms] [LOG] [Fast Refresh] done in 111ms @ https://localhost:3000/_next/static/chunks/node_modules_next_dist_f3530cac._.js:2297
[ 5059939ms] [LOG] [Fast Refresh] rebuilding @ https://localhost:3000/_next/static/chunks/node_modules_next_dist_f3530cac._.js:2297
[ 5060940ms] [LOG] [Fast Refresh] done in 1111ms @ https://localhost:3000/_next/static/chunks/node_modules_next_dist_f3530cac._.js:2297
[ 5065007ms] [LOG] [Fast Refresh] rebuilding @ https://localhost:3000/_next/static/chunks/node_modules_next_dist_f3530cac._.js:2297
[ 5065675ms] [LOG] [Fast Refresh] done in 781ms @ https://localhost:3000/_next/static/chunks/node_modules_next_dist_f3530cac._.js:2297
[ 5076376ms] [LOG] [Fast Refresh] rebuilding @ https://localhost:3000/_next/static/chunks/node_modules_next_dist_f3530cac._.js:2297
[ 5076978ms] [LOG] [Fast Refresh] done in 711ms @ https://localhost:3000/_next/static/chunks/node_modules_next_dist_f3530cac._.js:2297
[ 5083562ms] [LOG] [Fast Refresh] rebuilding @ https://localhost:3000/_next/static/chunks/node_modules_next_dist_f3530cac._.js:2297
[ 5084129ms] [LOG] [Fast Refresh] done in 673ms @ https://localhost:3000/_next/static/chunks/node_modules_next_dist_f3530cac._.js:2297
[ 5100132ms] [LOG] [Fast Refresh] rebuilding @ https://localhost:3000/_next/static/chunks/node_modules_next_dist_f3530cac._.js:2297
[ 5100568ms] [LOG] [Fast Refresh] done in 547ms @ https://localhost:3000/_next/static/chunks/node_modules_next_dist_f3530cac._.js:2297
[ 5117253ms] [LOG] [Fast Refresh] rebuilding @ https://localhost:3000/_next/static/chunks/node_modules_next_dist_f3530cac._.js:2297
[ 5117706ms] [LOG] [Fast Refresh] done in 563ms @ https://localhost:3000/_next/static/chunks/node_modules_next_dist_f3530cac._.js:2297
[ 5398014ms] [LOG] [Fast Refresh] rebuilding @ https://localhost:3000/_next/static/chunks/node_modules_next_dist_f3530cac._.js:2297
[ 5398689ms] [LOG] [Fast Refresh] done in 776ms @ https://localhost:3000/_next/static/chunks/node_modules_next_dist_f3530cac._.js:2297
[ 5640848ms] [LOG] [Fast Refresh] rebuilding @ https://localhost:3000/_next/static/chunks/node_modules_next_dist_f3530cac._.js:2297
[ 5641929ms] [LOG] [Fast Refresh] done in 1156ms @ https://localhost:3000/_next/static/chunks/node_modules_next_dist_f3530cac._.js:2297
[ 5643130ms] [LOG] [Fast Refresh] rebuilding @ https://localhost:3000/_next/static/chunks/node_modules_next_dist_f3530cac._.js:2297
[ 5644970ms] [LOG] [Fast Refresh] done in 1938ms @ https://localhost:3000/_next/static/chunks/node_modules_next_dist_f3530cac._.js:2297
[ 5646712ms] [LOG] [Fast Refresh] rebuilding @ https://localhost:3000/_next/static/chunks/node_modules_next_dist_f3530cac._.js:2297
[ 5646713ms] [LOG] [Fast Refresh] done in 101ms @ https://localhost:3000/_next/static/chunks/node_modules_next_dist_f3530cac._.js:2297
[ 5663872ms] [LOG] [Fast Refresh] rebuilding @ https://localhost:3000/_next/static/chunks/node_modules_next_dist_f3530cac._.js:2297
[ 5664649ms] [LOG] [Fast Refresh] done in 874ms @ https://localhost:3000/_next/static/chunks/node_modules_next_dist_f3530cac._.js:2297
[ 5683124ms] [LOG] [Fast Refresh] rebuilding @ https://localhost:3000/_next/static/chunks/node_modules_next_dist_f3530cac._.js:2297
[ 5684227ms] [LOG] [Fast Refresh] done in 1174ms @ https://localhost:3000/_next/static/chunks/node_modules_next_dist_f3530cac._.js:2297
[ 5697721ms] [LOG] [Fast Refresh] rebuilding @ https://localhost:3000/_next/static/chunks/node_modules_next_dist_f3530cac._.js:2297
[ 5699253ms] [ERROR] ./src/components/portals/shared/stock-batch-health.tsx:3:8
Parsing ecmascript source code failed
  1 | import { Badge } from '@/components/ui/badge'
  2 | import {
> 3 | import { cn } from '@/lib/utils'
    |        ^
  4 | import { FILTER_SELECT_CLASS } from './filter-select'
  5 |   CRITICAL_MAX_DAYS_LEFT,
  6 |   EXPIRING_SOON_MAX_DAYS_LEFT,

Expected ',', got '{'

Import traces:
  Client Component Browser:
    ./src/components/portals/shared/stock-batch-health.tsx [Client Component Browser]
    ./src/components/portals/warehouse/sections/stocks/stocks-view.tsx [Client Component Browser]
    ./src/components/portals/warehouse/WarehousePortal.tsx [Client Component Browser]
    ./src/app/page.tsx [Client Component Browser]
    ./src/app/page.tsx [Server Component]
    ./src/app/admin/page.tsx [Server Component]

  Client Component SSR:
    ./src/components/portals/shared/stock-batch-health.tsx [Client Component SSR]
    ./src/components/portals/warehouse/sections/stocks/stocks-view.tsx [Client Component SSR]
    ./src/components/portals/warehouse/WarehousePortal.tsx [Client Component SSR]
    ./src/app/page.tsx [Client Component SSR]
    ./src/app/page.tsx [Server Component]
    ./src/app/admin/page.tsx [Server Component] @ https://localhost:3000/_next/static/chunks/node_modules_next_dist_f3530cac._.js:3127
[ 5699488ms] [ERROR] ./src/components/portals/shared/stock-batch-health.tsx:3:8
Parsing ecmascript source code failed
  1 | import { Badge } from '@/components/ui/badge'
  2 | import {
> 3 | import { cn } from '@/lib/utils'
    |        ^
  4 | import { FILTER_SELECT_CLASS } from './filter-select'
  5 |   CRITICAL_MAX_DAYS_LEFT,
  6 |   EXPIRING_SOON_MAX_DAYS_LEFT,

Expected ',', got '{'

Import traces:
  Client Component Browser:
    ./src/components/portals/shared/stock-batch-health.tsx [Client Component Browser]
    ./src/components/portals/warehouse/sections/stocks/stocks-view.tsx [Client Component Browser]
    ./src/components/portals/warehouse/WarehousePortal.tsx [Client Component Browser]
    ./src/app/page.tsx [Client Component Browser]
    ./src/app/page.tsx [Server Component]
    ./src/app/admin/page.tsx [Server Component]

  Client Component SSR:
    ./src/components/portals/shared/stock-batch-health.tsx [Client Component SSR]
    ./src/components/portals/warehouse/sections/stocks/stocks-view.tsx [Client Component SSR]
    ./src/components/portals/warehouse/WarehousePortal.tsx [Client Component SSR]
    ./src/app/page.tsx [Client Component SSR]
    ./src/app/page.tsx [Server Component]
    ./src/app/admin/page.tsx [Server Component] @ https://localhost:3000/_next/static/chunks/node_modules_next_dist_f3530cac._.js:3127
[ 5699542ms] [ERROR] ./src/components/portals/shared/stock-batch-health.tsx:3:8
Parsing ecmascript source code failed
  1 | import { Badge } from '@/components/ui/badge'
  2 | import {
> 3 | import { cn } from '@/lib/utils'
    |        ^
  4 | import { FILTER_SELECT_CLASS } from './filter-select'
  5 |   CRITICAL_MAX_DAYS_LEFT,
  6 |   EXPIRING_SOON_MAX_DAYS_LEFT,

Expected ',', got '{'

Import traces:
  Client Component Browser:
    ./src/components/portals/shared/stock-batch-health.tsx [Client Component Browser]
    ./src/components/portals/warehouse/sections/stocks/stocks-view.tsx [Client Component Browser]
    ./src/components/portals/warehouse/WarehousePortal.tsx [Client Component Browser]
    ./src/app/page.tsx [Client Component Browser]
    ./src/app/page.tsx [Server Component]
    ./src/app/admin/page.tsx [Server Component]

  Client Component SSR:
    ./src/components/portals/shared/stock-batch-health.tsx [Client Component SSR]
    ./src/components/portals/warehouse/sections/stocks/stocks-view.tsx [Client Component SSR]
    ./src/components/portals/warehouse/WarehousePortal.tsx [Client Component SSR]
    ./src/app/page.tsx [Client Component SSR]
    ./src/app/page.tsx [Server Component]
    ./src/app/admin/page.tsx [Server Component] @ https://localhost:3000/_next/static/chunks/node_modules_next_dist_f3530cac._.js:3127
[ 5699605ms] [ERROR] ./src/components/portals/shared/stock-batch-health.tsx:3:8
Parsing ecmascript source code failed
  1 | import { Badge } from '@/components/ui/badge'
  2 | import {
> 3 | import { cn } from '@/lib/utils'
    |        ^
  4 | import { FILTER_SELECT_CLASS } from './filter-select'
  5 |   CRITICAL_MAX_DAYS_LEFT,
  6 |   EXPIRING_SOON_MAX_DAYS_LEFT,

Expected ',', got '{'

Import traces:
  Client Component Browser:
    ./src/components/portals/shared/stock-batch-health.tsx [Client Component Browser]
    ./src/components/portals/warehouse/sections/stocks/stocks-view.tsx [Client Component Browser]
    ./src/components/portals/warehouse/WarehousePortal.tsx [Client Component Browser]
    ./src/app/page.tsx [Client Component Browser]
    ./src/app/page.tsx [Server Component]
    ./src/app/admin/page.tsx [Server Component]

  Client Component SSR:
    ./src/components/portals/shared/stock-batch-health.tsx [Client Component SSR]
    ./src/components/portals/warehouse/sections/stocks/stocks-view.tsx [Client Component SSR]
    ./src/components/portals/warehouse/WarehousePortal.tsx [Client Component SSR]
    ./src/app/page.tsx [Client Component SSR]
    ./src/app/page.tsx [Server Component]
    ./src/app/admin/page.tsx [Server Component] @ https://localhost:3000/_next/static/chunks/node_modules_next_dist_f3530cac._.js:3127
[ 5699654ms] [ERROR] ./src/components/portals/shared/stock-batch-health.tsx:3:8
Parsing ecmascript source code failed
  1 | import { Badge } from '@/components/ui/badge'
  2 | import {
> 3 | import { cn } from '@/lib/utils'
    |        ^
  4 | import { FILTER_SELECT_CLASS } from './filter-select'
  5 |   CRITICAL_MAX_DAYS_LEFT,
  6 |   EXPIRING_SOON_MAX_DAYS_LEFT,

Expected ',', got '{'

Import traces:
  Client Component Browser:
    ./src/components/portals/shared/stock-batch-health.tsx [Client Component Browser]
    ./src/components/portals/warehouse/sections/stocks/stocks-view.tsx [Client Component Browser]
    ./src/components/portals/warehouse/WarehousePortal.tsx [Client Component Browser]
    ./src/app/page.tsx [Client Component Browser]
    ./src/app/page.tsx [Server Component]
    ./src/app/admin/page.tsx [Server Component]

  Client Component SSR:
    ./src/components/portals/shared/stock-batch-health.tsx [Client Component SSR]
    ./src/components/portals/warehouse/sections/stocks/stocks-view.tsx [Client Component SSR]
    ./src/components/portals/warehouse/WarehousePortal.tsx [Client Component SSR]
    ./src/app/page.tsx [Client Component SSR]
    ./src/app/page.tsx [Server Component]
    ./src/app/admin/page.tsx [Server Component] @ https://localhost:3000/_next/static/chunks/node_modules_next_dist_f3530cac._.js:3127
[ 5699702ms] [ERROR] ./src/components/portals/shared/stock-batch-health.tsx:3:8
Parsing ecmascript source code failed
  1 | import { Badge } from '@/components/ui/badge'
  2 | import {
> 3 | import { cn } from '@/lib/utils'
    |        ^
  4 | import { FILTER_SELECT_CLASS } from './filter-select'
  5 |   CRITICAL_MAX_DAYS_LEFT,
  6 |   EXPIRING_SOON_MAX_DAYS_LEFT,

Expected ',', got '{'

Import traces:
  Client Component Browser:
    ./src/components/portals/shared/stock-batch-health.tsx [Client Component Browser]
    ./src/components/portals/warehouse/sections/stocks/stocks-view.tsx [Client Component Browser]
    ./src/components/portals/warehouse/WarehousePortal.tsx [Client Component Browser]
    ./src/app/page.tsx [Client Component Browser]
    ./src/app/page.tsx [Server Component]
    ./src/app/admin/page.tsx [Server Component]

  Client Component SSR:
    ./src/components/portals/shared/stock-batch-health.tsx [Client Component SSR]
    ./src/components/portals/warehouse/sections/stocks/stocks-view.tsx [Client Component SSR]
    ./src/components/portals/warehouse/WarehousePortal.tsx [Client Component SSR]
    ./src/app/page.tsx [Client Component SSR]
    ./src/app/page.tsx [Server Component]
    ./src/app/admin/page.tsx [Server Component] @ https://localhost:3000/_next/static/chunks/node_modules_next_dist_f3530cac._.js:3127
[ 5699749ms] [ERROR] ./src/components/portals/shared/stock-batch-health.tsx:3:8
Parsing ecmascript source code failed
  1 | import { Badge } from '@/components/ui/badge'
  2 | import {
> 3 | import { cn } from '@/lib/utils'
    |        ^
  4 | import { FILTER_SELECT_CLASS } from './filter-select'
  5 |   CRITICAL_MAX_DAYS_LEFT,
  6 |   EXPIRING_SOON_MAX_DAYS_LEFT,

Expected ',', got '{'

Import traces:
  Client Component Browser:
    ./src/components/portals/shared/stock-batch-health.tsx [Client Component Browser]
    ./src/components/portals/warehouse/sections/stocks/stocks-view.tsx [Client Component Browser]
    ./src/components/portals/warehouse/WarehousePortal.tsx [Client Component Browser]
    ./src/app/page.tsx [Client Component Browser]
    ./src/app/page.tsx [Server Component]
    ./src/app/admin/page.tsx [Server Component]

  Client Component SSR:
    ./src/components/portals/shared/stock-batch-health.tsx [Client Component SSR]
    ./src/components/portals/warehouse/sections/stocks/stocks-view.tsx [Client Component SSR]
    ./src/components/portals/warehouse/WarehousePortal.tsx [Client Component SSR]
    ./src/app/page.tsx [Client Component SSR]
    ./src/app/page.tsx [Server Component]
    ./src/app/admin/page.tsx [Server Component] @ https://localhost:3000/_next/static/chunks/node_modules_next_dist_f3530cac._.js:3127
[ 5699798ms] [ERROR] ./src/components/portals/shared/stock-batch-health.tsx:3:8
Parsing ecmascript source code failed
  1 | import { Badge } from '@/components/ui/badge'
  2 | import {
> 3 | import { cn } from '@/lib/utils'
    |        ^
  4 | import { FILTER_SELECT_CLASS } from './filter-select'
  5 |   CRITICAL_MAX_DAYS_LEFT,
  6 |   EXPIRING_SOON_MAX_DAYS_LEFT,

Expected ',', got '{'

Import traces:
  Client Component Browser:
    ./src/components/portals/shared/stock-batch-health.tsx [Client Component Browser]
    ./src/components/portals/warehouse/sections/stocks/stocks-view.tsx [Client Component Browser]
    ./src/components/portals/warehouse/WarehousePortal.tsx [Client Component Browser]
    ./src/app/page.tsx [Client Component Browser]
    ./src/app/page.tsx [Server Component]
    ./src/app/admin/page.tsx [Server Component]

  Client Component SSR:
    ./src/components/portals/shared/stock-batch-health.tsx [Client Component SSR]
    ./src/components/portals/warehouse/sections/stocks/stocks-view.tsx [Client Component SSR]
    ./src/components/portals/warehouse/WarehousePortal.tsx [Client Component SSR]
    ./src/app/page.tsx [Client Component SSR]
    ./src/app/page.tsx [Server Component]
    ./src/app/admin/page.tsx [Server Component] @ https://localhost:3000/_next/static/chunks/node_modules_next_dist_f3530cac._.js:3127
[ 5699853ms] [ERROR] ./src/components/portals/shared/stock-batch-health.tsx:3:8
Parsing ecmascript source code failed
  1 | import { Badge } from '@/components/ui/badge'
  2 | import {
> 3 | import { cn } from '@/lib/utils'
    |        ^
  4 | import { FILTER_SELECT_CLASS } from './filter-select'
  5 |   CRITICAL_MAX_DAYS_LEFT,
  6 |   EXPIRING_SOON_MAX_DAYS_LEFT,

Expected ',', got '{'

Import traces:
  Client Component Browser:
    ./src/components/portals/shared/stock-batch-health.tsx [Client Component Browser]
    ./src/components/portals/warehouse/sections/stocks/stocks-view.tsx [Client Component Browser]
    ./src/components/portals/warehouse/WarehousePortal.tsx [Client Component Browser]
    ./src/app/page.tsx [Client Component Browser]
    ./src/app/page.tsx [Server Component]
    ./src/app/admin/page.tsx [Server Component]

  Client Component SSR:
    ./src/components/portals/shared/stock-batch-health.tsx [Client Component SSR]
    ./src/components/portals/warehouse/sections/stocks/stocks-view.tsx [Client Component SSR]
    ./src/components/portals/warehouse/WarehousePortal.tsx [Client Component SSR]
    ./src/app/page.tsx [Client Component SSR]
    ./src/app/page.tsx [Server Component]
    ./src/app/admin/page.tsx [Server Component] @ https://localhost:3000/_next/static/chunks/node_modules_next_dist_f3530cac._.js:3127
[ 5699899ms] [ERROR] ./src/components/portals/shared/stock-batch-health.tsx:3:8
Parsing ecmascript source code failed
  1 | import { Badge } from '@/components/ui/badge'
  2 | import {
> 3 | import { cn } from '@/lib/utils'
    |        ^
  4 | import { FILTER_SELECT_CLASS } from './filter-select'
  5 |   CRITICAL_MAX_DAYS_LEFT,
  6 |   EXPIRING_SOON_MAX_DAYS_LEFT,

Expected ',', got '{'

Import traces:
  Client Component Browser:
    ./src/components/portals/shared/stock-batch-health.tsx [Client Component Browser]
    ./src/components/portals/warehouse/sections/stocks/stocks-view.tsx [Client Component Browser]
    ./src/components/portals/warehouse/WarehousePortal.tsx [Client Component Browser]
    ./src/app/page.tsx [Client Component Browser]
    ./src/app/page.tsx [Server Component]
    ./src/app/admin/page.tsx [Server Component]

  Client Component SSR:
    ./src/components/portals/shared/stock-batch-health.tsx [Client Component SSR]
    ./src/components/portals/warehouse/sections/stocks/stocks-view.tsx [Client Component SSR]
    ./src/components/portals/warehouse/WarehousePortal.tsx [Client Component SSR]
    ./src/app/page.tsx [Client Component SSR]
    ./src/app/page.tsx [Server Component]
    ./src/app/admin/page.tsx [Server Component] @ https://localhost:3000/_next/static/chunks/node_modules_next_dist_f3530cac._.js:3127
[ 5699951ms] [ERROR] ./src/components/portals/shared/stock-batch-health.tsx:3:8
Parsing ecmascript source code failed
  1 | import { Badge } from '@/components/ui/badge'
  2 | import {
> 3 | import { cn } from '@/lib/utils'
    |        ^
  4 | import { FILTER_SELECT_CLASS } from './filter-select'
  5 |   CRITICAL_MAX_DAYS_LEFT,
  6 |   EXPIRING_SOON_MAX_DAYS_LEFT,

Expected ',', got '{'

Import traces:
  Client Component Browser:
    ./src/components/portals/shared/stock-batch-health.tsx [Client Component Browser]
    ./src/components/portals/warehouse/sections/stocks/stocks-view.tsx [Client Component Browser]
    ./src/components/portals/warehouse/WarehousePortal.tsx [Client Component Browser]
    ./src/app/page.tsx [Client Component Browser]
    ./src/app/page.tsx [Server Component]
    ./src/app/admin/page.tsx [Server Component]

  Client Component SSR:
    ./src/components/portals/shared/stock-batch-health.tsx [Client Component SSR]
    ./src/components/portals/warehouse/sections/stocks/stocks-view.tsx [Client Component SSR]
    ./src/components/portals/warehouse/WarehousePortal.tsx [Client Component SSR]
    ./src/app/page.tsx [Client Component SSR]
    ./src/app/page.tsx [Server Component]
    ./src/app/admin/page.tsx [Server Component] @ https://localhost:3000/_next/static/chunks/node_modules_next_dist_f3530cac._.js:3127
[ 5700009ms] [ERROR] ./src/components/portals/shared/stock-batch-health.tsx:3:8
Parsing ecmascript source code failed
  1 | import { Badge } from '@/components/ui/badge'
  2 | import {
> 3 | import { cn } from '@/lib/utils'
    |        ^
  4 | import { FILTER_SELECT_CLASS } from './filter-select'
  5 |   CRITICAL_MAX_DAYS_LEFT,
  6 |   EXPIRING_SOON_MAX_DAYS_LEFT,

Expected ',', got '{'

Import traces:
  Client Component Browser:
    ./src/components/portals/shared/stock-batch-health.tsx [Client Component Browser]
    ./src/components/portals/warehouse/sections/stocks/stocks-view.tsx [Client Component Browser]
    ./src/components/portals/warehouse/WarehousePortal.tsx [Client Component Browser]
    ./src/app/page.tsx [Client Component Browser]
    ./src/app/page.tsx [Server Component]
    ./src/app/admin/page.tsx [Server Component]

  Client Component SSR:
    ./src/components/portals/shared/stock-batch-health.tsx [Client Component SSR]
    ./src/components/portals/warehouse/sections/stocks/stocks-view.tsx [Client Component SSR]
    ./src/components/portals/warehouse/WarehousePortal.tsx [Client Component SSR]
    ./src/app/page.tsx [Client Component SSR]
    ./src/app/page.tsx [Server Component]
    ./src/app/admin/page.tsx [Server Component] @ https://localhost:3000/_next/static/chunks/node_modules_next_dist_f3530cac._.js:3127
[ 5700073ms] [ERROR] ./src/components/portals/shared/stock-batch-health.tsx:3:8
Parsing ecmascript source code failed
  1 | import { Badge } from '@/components/ui/badge'
  2 | import {
> 3 | import { cn } from '@/lib/utils'
    |        ^
  4 | import { FILTER_SELECT_CLASS } from './filter-select'
  5 |   CRITICAL_MAX_DAYS_LEFT,
  6 |   EXPIRING_SOON_MAX_DAYS_LEFT,

Expected ',', got '{'

Import traces:
  Client Component Browser:
    ./src/components/portals/shared/stock-batch-health.tsx [Client Component Browser]
    ./src/components/portals/warehouse/sections/stocks/stocks-view.tsx [Client Component Browser]
    ./src/components/portals/warehouse/WarehousePortal.tsx [Client Component Browser]
    ./src/app/page.tsx [Client Component Browser]
    ./src/app/page.tsx [Server Component]
    ./src/app/admin/page.tsx [Server Component]

  Client Component SSR:
    ./src/components/portals/shared/stock-batch-health.tsx [Client Component SSR]
    ./src/components/portals/warehouse/sections/stocks/stocks-view.tsx [Client Component SSR]
    ./src/components/portals/warehouse/WarehousePortal.tsx [Client Component SSR]
    ./src/app/page.tsx [Client Component SSR]
    ./src/app/page.tsx [Server Component]
    ./src/app/admin/page.tsx [Server Component] @ https://localhost:3000/_next/static/chunks/node_modules_next_dist_f3530cac._.js:3127
[ 5700128ms] [ERROR] ./src/components/portals/shared/stock-batch-health.tsx:3:8
Parsing ecmascript source code failed
  1 | import { Badge } from '@/components/ui/badge'
  2 | import {
> 3 | import { cn } from '@/lib/utils'
    |        ^
  4 | import { FILTER_SELECT_CLASS } from './filter-select'
  5 |   CRITICAL_MAX_DAYS_LEFT,
  6 |   EXPIRING_SOON_MAX_DAYS_LEFT,

Expected ',', got '{'

Import traces:
  Client Component Browser:
    ./src/components/portals/shared/stock-batch-health.tsx [Client Component Browser]
    ./src/components/portals/warehouse/sections/stocks/stocks-view.tsx [Client Component Browser]
    ./src/components/portals/warehouse/WarehousePortal.tsx [Client Component Browser]
    ./src/app/page.tsx [Client Component Browser]
    ./src/app/page.tsx [Server Component]
    ./src/app/admin/page.tsx [Server Component]

  Client Component SSR:
    ./src/components/portals/shared/stock-batch-health.tsx [Client Component SSR]
    ./src/components/portals/warehouse/sections/stocks/stocks-view.tsx [Client Component SSR]
    ./src/components/portals/warehouse/WarehousePortal.tsx [Client Component SSR]
    ./src/app/page.tsx [Client Component SSR]
    ./src/app/page.tsx [Server Component]
    ./src/app/admin/page.tsx [Server Component] @ https://localhost:3000/_next/static/chunks/node_modules_next_dist_f3530cac._.js:3127
[ 5700217ms] [ERROR] ./src/components/portals/shared/stock-batch-health.tsx:3:8
Parsing ecmascript source code failed
  1 | import { Badge } from '@/components/ui/badge'
  2 | import {
> 3 | import { cn } from '@/lib/utils'
    |        ^
  4 | import { FILTER_SELECT_CLASS } from './filter-select'
  5 |   CRITICAL_MAX_DAYS_LEFT,
  6 |   EXPIRING_SOON_MAX_DAYS_LEFT,

Expected ',', got '{'

Import traces:
  Client Component Browser:
    ./src/components/portals/shared/stock-batch-health.tsx [Client Component Browser]
    ./src/components/portals/warehouse/sections/stocks/stocks-view.tsx [Client Component Browser]
    ./src/components/portals/warehouse/WarehousePortal.tsx [Client Component Browser]
    ./src/app/page.tsx [Client Component Browser]
    ./src/app/page.tsx [Server Component]
    ./src/app/admin/page.tsx [Server Component]

  Client Component SSR:
    ./src/components/portals/shared/stock-batch-health.tsx [Client Component SSR]
    ./src/components/portals/warehouse/sections/stocks/stocks-view.tsx [Client Component SSR]
    ./src/components/portals/warehouse/WarehousePortal.tsx [Client Component SSR]
    ./src/app/page.tsx [Client Component SSR]
    ./src/app/page.tsx [Server Component]
    ./src/app/admin/page.tsx [Server Component] @ https://localhost:3000/_next/static/chunks/node_modules_next_dist_f3530cac._.js:3127
[ 5700276ms] [ERROR] ./src/components/portals/shared/stock-batch-health.tsx:3:8
Parsing ecmascript source code failed
  1 | import { Badge } from '@/components/ui/badge'
  2 | import {
> 3 | import { cn } from '@/lib/utils'
    |        ^
  4 | import { FILTER_SELECT_CLASS } from './filter-select'
  5 |   CRITICAL_MAX_DAYS_LEFT,
  6 |   EXPIRING_SOON_MAX_DAYS_LEFT,

Expected ',', got '{'

Import traces:
  Client Component Browser:
    ./src/components/portals/shared/stock-batch-health.tsx [Client Component Browser]
    ./src/components/portals/warehouse/sections/stocks/stocks-view.tsx [Client Component Browser]
    ./src/components/portals/warehouse/WarehousePortal.tsx [Client Component Browser]
    ./src/app/page.tsx [Client Component Browser]
    ./src/app/page.tsx [Server Component]
    ./src/app/admin/page.tsx [Server Component]

  Client Component SSR:
    ./src/components/portals/shared/stock-batch-health.tsx [Client Component SSR]
    ./src/components/portals/warehouse/sections/stocks/stocks-view.tsx [Client Component SSR]
    ./src/components/portals/warehouse/WarehousePortal.tsx [Client Component SSR]
    ./src/app/page.tsx [Client Component SSR]
    ./src/app/page.tsx [Server Component]
    ./src/app/admin/page.tsx [Server Component] @ https://localhost:3000/_next/static/chunks/node_modules_next_dist_f3530cac._.js:3127
[ 5700342ms] [ERROR] ./src/components/portals/shared/stock-batch-health.tsx:3:8
Parsing ecmascript source code failed
  1 | import { Badge } from '@/components/ui/badge'
  2 | import {
> 3 | import { cn } from '@/lib/utils'
    |        ^
  4 | import { FILTER_SELECT_CLASS } from './filter-select'
  5 |   CRITICAL_MAX_DAYS_LEFT,
  6 |   EXPIRING_SOON_MAX_DAYS_LEFT,

Expected ',', got '{'

Import traces:
  Client Component Browser:
    ./src/components/portals/shared/stock-batch-health.tsx [Client Component Browser]
    ./src/components/portals/warehouse/sections/stocks/stocks-view.tsx [Client Component Browser]
    ./src/components/portals/warehouse/WarehousePortal.tsx [Client Component Browser]
    ./src/app/page.tsx [Client Component Browser]
    ./src/app/page.tsx [Server Component]
    ./src/app/admin/page.tsx [Server Component]

  Client Component SSR:
    ./src/components/portals/shared/stock-batch-health.tsx [Client Component SSR]
    ./src/components/portals/warehouse/sections/stocks/stocks-view.tsx [Client Component SSR]
    ./src/components/portals/warehouse/WarehousePortal.tsx [Client Component SSR]
    ./src/app/page.tsx [Client Component SSR]
    ./src/app/page.tsx [Server Component]
    ./src/app/admin/page.tsx [Server Component] @ https://localhost:3000/_next/static/chunks/node_modules_next_dist_f3530cac._.js:3127
[ 5700404ms] [ERROR] ./src/components/portals/shared/stock-batch-health.tsx:3:8
Parsing ecmascript source code failed
  1 | import { Badge } from '@/components/ui/badge'
  2 | import {
> 3 | import { cn } from '@/lib/utils'
    |        ^
  4 | import { FILTER_SELECT_CLASS } from './filter-select'
  5 |   CRITICAL_MAX_DAYS_LEFT,
  6 |   EXPIRING_SOON_MAX_DAYS_LEFT,

Expected ',', got '{'

Import traces:
  Client Component Browser:
    ./src/components/portals/shared/stock-batch-health.tsx [Client Component Browser]
    ./src/components/portals/warehouse/sections/stocks/stocks-view.tsx [Client Component Browser]
    ./src/components/portals/warehouse/WarehousePortal.tsx [Client Component Browser]
    ./src/app/page.tsx [Client Component Browser]
    ./src/app/page.tsx [Server Component]
    ./src/app/admin/page.tsx [Server Component]

  Client Component SSR:
    ./src/components/portals/shared/stock-batch-health.tsx [Client Component SSR]
    ./src/components/portals/warehouse/sections/stocks/stocks-view.tsx [Client Component SSR]
    ./src/components/portals/warehouse/WarehousePortal.tsx [Client Component SSR]
    ./src/app/page.tsx [Client Component SSR]
    ./src/app/page.tsx [Server Component]
    ./src/app/admin/page.tsx [Server Component] @ https://localhost:3000/_next/static/chunks/node_modules_next_dist_f3530cac._.js:3127
[ 5700451ms] [ERROR] ./src/components/portals/shared/stock-batch-health.tsx:3:8
Parsing ecmascript source code failed
  1 | import { Badge } from '@/components/ui/badge'
  2 | import {
> 3 | import { cn } from '@/lib/utils'
    |        ^
  4 | import { FILTER_SELECT_CLASS } from './filter-select'
  5 |   CRITICAL_MAX_DAYS_LEFT,
  6 |   EXPIRING_SOON_MAX_DAYS_LEFT,

Expected ',', got '{'

Import traces:
  Client Component Browser:
    ./src/components/portals/shared/stock-batch-health.tsx [Client Component Browser]
    ./src/components/portals/warehouse/sections/stocks/stocks-view.tsx [Client Component Browser]
    ./src/components/portals/warehouse/WarehousePortal.tsx [Client Component Browser]
    ./src/app/page.tsx [Client Component Browser]
    ./src/app/page.tsx [Server Component]
    ./src/app/admin/page.tsx [Server Component]

  Client Component SSR:
    ./src/components/portals/shared/stock-batch-health.tsx [Client Component SSR]
    ./src/components/portals/warehouse/sections/stocks/stocks-view.tsx [Client Component SSR]
    ./src/components/portals/warehouse/WarehousePortal.tsx [Client Component SSR]
    ./src/app/page.tsx [Client Component SSR]
    ./src/app/page.tsx [Server Component]
    ./src/app/admin/page.tsx [Server Component] @ https://localhost:3000/_next/static/chunks/node_modules_next_dist_f3530cac._.js:3127
[ 5700501ms] [ERROR] ./src/components/portals/shared/stock-batch-health.tsx:3:8
Parsing ecmascript source code failed
  1 | import { Badge } from '@/components/ui/badge'
  2 | import {
> 3 | import { cn } from '@/lib/utils'
    |        ^
  4 | import { FILTER_SELECT_CLASS } from './filter-select'
  5 |   CRITICAL_MAX_DAYS_LEFT,
  6 |   EXPIRING_SOON_MAX_DAYS_LEFT,

Expected ',', got '{'

Import traces:
  Client Component Browser:
    ./src/components/portals/shared/stock-batch-health.tsx [Client Component Browser]
    ./src/components/portals/warehouse/sections/stocks/stocks-view.tsx [Client Component Browser]
    ./src/components/portals/warehouse/WarehousePortal.tsx [Client Component Browser]
    ./src/app/page.tsx [Client Component Browser]
    ./src/app/page.tsx [Server Component]
    ./src/app/admin/page.tsx [Server Component]

  Client Component SSR:
    ./src/components/portals/shared/stock-batch-health.tsx [Client Component SSR]
    ./src/components/portals/warehouse/sections/stocks/stocks-view.tsx [Client Component SSR]
    ./src/components/portals/warehouse/WarehousePortal.tsx [Client Component SSR]
    ./src/app/page.tsx [Client Component SSR]
    ./src/app/page.tsx [Server Component]
    ./src/app/admin/page.tsx [Server Component] @ https://localhost:3000/_next/static/chunks/node_modules_next_dist_f3530cac._.js:3127
[ 5700562ms] [ERROR] ./src/components/portals/shared/stock-batch-health.tsx:3:8
Parsing ecmascript source code failed
  1 | import { Badge } from '@/components/ui/badge'
  2 | import {
> 3 | import { cn } from '@/lib/utils'
    |        ^
  4 | import { FILTER_SELECT_CLASS } from './filter-select'
  5 |   CRITICAL_MAX_DAYS_LEFT,
  6 |   EXPIRING_SOON_MAX_DAYS_LEFT,

Expected ',', got '{'

Import traces:
  Client Component Browser:
    ./src/components/portals/shared/stock-batch-health.tsx [Client Component Browser]
    ./src/components/portals/warehouse/sections/stocks/stocks-view.tsx [Client Component Browser]
    ./src/components/portals/warehouse/WarehousePortal.tsx [Client Component Browser]
    ./src/app/page.tsx [Client Component Browser]
    ./src/app/page.tsx [Server Component]
    ./src/app/admin/page.tsx [Server Component]

  Client Component SSR:
    ./src/components/portals/shared/stock-batch-health.tsx [Client Component SSR]
    ./src/components/portals/warehouse/sections/stocks/stocks-view.tsx [Client Component SSR]
    ./src/components/portals/warehouse/WarehousePortal.tsx [Client Component SSR]
    ./src/app/page.tsx [Client Component SSR]
    ./src/app/page.tsx [Server Component]
    ./src/app/admin/page.tsx [Server Component] @ https://localhost:3000/_next/static/chunks/node_modules_next_dist_f3530cac._.js:3127
[ 5700614ms] [ERROR] ./src/components/portals/shared/stock-batch-health.tsx:3:8
Parsing ecmascript source code failed
  1 | import { Badge } from '@/components/ui/badge'
  2 | import {
> 3 | import { cn } from '@/lib/utils'
    |        ^
  4 | import { FILTER_SELECT_CLASS } from './filter-select'
  5 |   CRITICAL_MAX_DAYS_LEFT,
  6 |   EXPIRING_SOON_MAX_DAYS_LEFT,

Expected ',', got '{'

Import traces:
  Client Component Browser:
    ./src/components/portals/shared/stock-batch-health.tsx [Client Component Browser]
    ./src/components/portals/warehouse/sections/stocks/stocks-view.tsx [Client Component Browser]
    ./src/components/portals/warehouse/WarehousePortal.tsx [Client Component Browser]
    ./src/app/page.tsx [Client Component Browser]
    ./src/app/page.tsx [Server Component]
    ./src/app/admin/page.tsx [Server Component]

  Client Component SSR:
    ./src/components/portals/shared/stock-batch-health.tsx [Client Component SSR]
    ./src/components/portals/warehouse/sections/stocks/stocks-view.tsx [Client Component SSR]
    ./src/components/portals/warehouse/WarehousePortal.tsx [Client Component SSR]
    ./src/app/page.tsx [Client Component SSR]
    ./src/app/page.tsx [Server Component]
    ./src/app/admin/page.tsx [Server Component] @ https://localhost:3000/_next/static/chunks/node_modules_next_dist_f3530cac._.js:3127
[ 5700665ms] [ERROR] ./src/components/portals/shared/stock-batch-health.tsx:3:8
Parsing ecmascript source code failed
  1 | import { Badge } from '@/components/ui/badge'
  2 | import {
> 3 | import { cn } from '@/lib/utils'
    |        ^
  4 | import { FILTER_SELECT_CLASS } from './filter-select'
  5 |   CRITICAL_MAX_DAYS_LEFT,
  6 |   EXPIRING_SOON_MAX_DAYS_LEFT,

Expected ',', got '{'

Import traces:
  Client Component Browser:
    ./src/components/portals/shared/stock-batch-health.tsx [Client Component Browser]
    ./src/components/portals/warehouse/sections/stocks/stocks-view.tsx [Client Component Browser]
    ./src/components/portals/warehouse/WarehousePortal.tsx [Client Component Browser]
    ./src/app/page.tsx [Client Component Browser]
    ./src/app/page.tsx [Server Component]
    ./src/app/admin/page.tsx [Server Component]

  Client Component SSR:
    ./src/components/portals/shared/stock-batch-health.tsx [Client Component SSR]
    ./src/components/portals/warehouse/sections/stocks/stocks-view.tsx [Client Component SSR]
    ./src/components/portals/warehouse/WarehousePortal.tsx [Client Component SSR]
    ./src/app/page.tsx [Client Component SSR]
    ./src/app/page.tsx [Server Component]
    ./src/app/admin/page.tsx [Server Component] @ https://localhost:3000/_next/static/chunks/node_modules_next_dist_f3530cac._.js:3127
[ 5700731ms] [ERROR] ./src/components/portals/shared/stock-batch-health.tsx:3:8
Parsing ecmascript source code failed
  1 | import { Badge } from '@/components/ui/badge'
  2 | import {
> 3 | import { cn } from '@/lib/utils'
    |        ^
  4 | import { FILTER_SELECT_CLASS } from './filter-select'
  5 |   CRITICAL_MAX_DAYS_LEFT,
  6 |   EXPIRING_SOON_MAX_DAYS_LEFT,

Expected ',', got '{'

Import traces:
  Client Component Browser:
    ./src/components/portals/shared/stock-batch-health.tsx [Client Component Browser]
    ./src/components/portals/warehouse/sections/stocks/stocks-view.tsx [Client Component Browser]
    ./src/components/portals/warehouse/WarehousePortal.tsx [Client Component Browser]
    ./src/app/page.tsx [Client Component Browser]
    ./src/app/page.tsx [Server Component]
    ./src/app/admin/page.tsx [Server Component]

  Client Component SSR:
    ./src/components/portals/shared/stock-batch-health.tsx [Client Component SSR]
    ./src/components/portals/warehouse/sections/stocks/stocks-view.tsx [Client Component SSR]
    ./src/components/portals/warehouse/WarehousePortal.tsx [Client Component SSR]
    ./src/app/page.tsx [Client Component SSR]
    ./src/app/page.tsx [Server Component]
    ./src/app/admin/page.tsx [Server Component] @ https://localhost:3000/_next/static/chunks/node_modules_next_dist_f3530cac._.js:3127
[ 5700797ms] [ERROR] ./src/components/portals/shared/stock-batch-health.tsx:3:8
Parsing ecmascript source code failed
  1 | import { Badge } from '@/components/ui/badge'
  2 | import {
> 3 | import { cn } from '@/lib/utils'
    |        ^
  4 | import { FILTER_SELECT_CLASS } from './filter-select'
  5 |   CRITICAL_MAX_DAYS_LEFT,
  6 |   EXPIRING_SOON_MAX_DAYS_LEFT,

Expected ',', got '{'

Import traces:
  Client Component Browser:
    ./src/components/portals/shared/stock-batch-health.tsx [Client Component Browser]
    ./src/components/portals/warehouse/sections/stocks/stocks-view.tsx [Client Component Browser]
    ./src/components/portals/warehouse/WarehousePortal.tsx [Client Component Browser]
    ./src/app/page.tsx [Client Component Browser]
    ./src/app/page.tsx [Server Component]
    ./src/app/admin/page.tsx [Server Component]

  Client Component SSR:
    ./src/components/portals/shared/stock-batch-health.tsx [Client Component SSR]
    ./src/components/portals/warehouse/sections/stocks/stocks-view.tsx [Client Component SSR]
    ./src/components/portals/warehouse/WarehousePortal.tsx [Client Component SSR]
    ./src/app/page.tsx [Client Component SSR]
    ./src/app/page.tsx [Server Component]
    ./src/app/admin/page.tsx [Server Component] @ https://localhost:3000/_next/static/chunks/node_modules_next_dist_f3530cac._.js:3127
[ 5700848ms] [ERROR] ./src/components/portals/shared/stock-batch-health.tsx:3:8
Parsing ecmascript source code failed
  1 | import { Badge } from '@/components/ui/badge'
  2 | import {
> 3 | import { cn } from '@/lib/utils'
    |        ^
  4 | import { FILTER_SELECT_CLASS } from './filter-select'
  5 |   CRITICAL_MAX_DAYS_LEFT,
  6 |   EXPIRING_SOON_MAX_DAYS_LEFT,

Expected ',', got '{'

Import traces:
  Client Component Browser:
    ./src/components/portals/shared/stock-batch-health.tsx [Client Component Browser]
    ./src/components/portals/warehouse/sections/stocks/stocks-view.tsx [Client Component Browser]
    ./src/components/portals/warehouse/WarehousePortal.tsx [Client Component Browser]
    ./src/app/page.tsx [Client Component Browser]
    ./src/app/page.tsx [Server Component]
    ./src/app/admin/page.tsx [Server Component]

  Client Component SSR:
    ./src/components/portals/shared/stock-batch-health.tsx [Client Component SSR]
    ./src/components/portals/warehouse/sections/stocks/stocks-view.tsx [Client Component SSR]
    ./src/components/portals/warehouse/WarehousePortal.tsx [Client Component SSR]
    ./src/app/page.tsx [Client Component SSR]
    ./src/app/page.tsx [Server Component]
    ./src/app/admin/page.tsx [Server Component] @ https://localhost:3000/_next/static/chunks/node_modules_next_dist_f3530cac._.js:3127
[ 5700914ms] [ERROR] ./src/components/portals/shared/stock-batch-health.tsx:3:8
Parsing ecmascript source code failed
  1 | import { Badge } from '@/components/ui/badge'
  2 | import {
> 3 | import { cn } from '@/lib/utils'
    |        ^
  4 | import { FILTER_SELECT_CLASS } from './filter-select'
  5 |   CRITICAL_MAX_DAYS_LEFT,
  6 |   EXPIRING_SOON_MAX_DAYS_LEFT,

Expected ',', got '{'

Import traces:
  Client Component Browser:
    ./src/components/portals/shared/stock-batch-health.tsx [Client Component Browser]
    ./src/components/portals/warehouse/sections/stocks/stocks-view.tsx [Client Component Browser]
    ./src/components/portals/warehouse/WarehousePortal.tsx [Client Component Browser]
    ./src/app/page.tsx [Client Component Browser]
    ./src/app/page.tsx [Server Component]
    ./src/app/admin/page.tsx [Server Component]

  Client Component SSR:
    ./src/components/portals/shared/stock-batch-health.tsx [Client Component SSR]
    ./src/components/portals/warehouse/sections/stocks/stocks-view.tsx [Client Component SSR]
    ./src/components/portals/warehouse/WarehousePortal.tsx [Client Component SSR]
    ./src/app/page.tsx [Client Component SSR]
    ./src/app/page.tsx [Server Component]
    ./src/app/admin/page.tsx [Server Component] @ https://localhost:3000/_next/static/chunks/node_modules_next_dist_f3530cac._.js:3127
[ 5700983ms] [ERROR] ./src/components/portals/shared/stock-batch-health.tsx:3:8
Parsing ecmascript source code failed
  1 | import { Badge } from '@/components/ui/badge'
  2 | import {
> 3 | import { cn } from '@/lib/utils'
    |        ^
  4 | import { FILTER_SELECT_CLASS } from './filter-select'
  5 |   CRITICAL_MAX_DAYS_LEFT,
  6 |   EXPIRING_SOON_MAX_DAYS_LEFT,

Expected ',', got '{'

Import traces:
  Client Component Browser:
    ./src/components/portals/shared/stock-batch-health.tsx [Client Component Browser]
    ./src/components/portals/warehouse/sections/stocks/stocks-view.tsx [Client Component Browser]
    ./src/components/portals/warehouse/WarehousePortal.tsx [Client Component Browser]
    ./src/app/page.tsx [Client Component Browser]
    ./src/app/page.tsx [Server Component]
    ./src/app/admin/page.tsx [Server Component]

  Client Component SSR:
    ./src/components/portals/shared/stock-batch-health.tsx [Client Component SSR]
    ./src/components/portals/warehouse/sections/stocks/stocks-view.tsx [Client Component SSR]
    ./src/components/portals/warehouse/WarehousePortal.tsx [Client Component SSR]
    ./src/app/page.tsx [Client Component SSR]
    ./src/app/page.tsx [Server Component]
    ./src/app/admin/page.tsx [Server Component] @ https://localhost:3000/_next/static/chunks/node_modules_next_dist_f3530cac._.js:3127
[ 5701050ms] [ERROR] ./src/components/portals/shared/stock-batch-health.tsx:3:8
Parsing ecmascript source code failed
  1 | import { Badge } from '@/components/ui/badge'
  2 | import {
> 3 | import { cn } from '@/lib/utils'
    |        ^
  4 | import { FILTER_SELECT_CLASS } from './filter-select'
  5 |   CRITICAL_MAX_DAYS_LEFT,
  6 |   EXPIRING_SOON_MAX_DAYS_LEFT,

Expected ',', got '{'

Import traces:
  Client Component Browser:
    ./src/components/portals/shared/stock-batch-health.tsx [Client Component Browser]
    ./src/components/portals/warehouse/sections/stocks/stocks-view.tsx [Client Component Browser]
    ./src/components/portals/warehouse/WarehousePortal.tsx [Client Component Browser]
    ./src/app/page.tsx [Client Component Browser]
    ./src/app/page.tsx [Server Component]
    ./src/app/admin/page.tsx [Server Component]

  Client Component SSR:
    ./src/components/portals/shared/stock-batch-health.tsx [Client Component SSR]
    ./src/components/portals/warehouse/sections/stocks/stocks-view.tsx [Client Component SSR]
    ./src/components/portals/warehouse/WarehousePortal.tsx [Client Component SSR]
    ./src/app/page.tsx [Client Component SSR]
    ./src/app/page.tsx [Server Component]
    ./src/app/admin/page.tsx [Server Component] @ https://localhost:3000/_next/static/chunks/node_modules_next_dist_f3530cac._.js:3127
[ 5701107ms] [ERROR] ./src/components/portals/shared/stock-batch-health.tsx:3:8
Parsing ecmascript source code failed
  1 | import { Badge } from '@/components/ui/badge'
  2 | import {
> 3 | import { cn } from '@/lib/utils'
    |        ^
  4 | import { FILTER_SELECT_CLASS } from './filter-select'
  5 |   CRITICAL_MAX_DAYS_LEFT,
  6 |   EXPIRING_SOON_MAX_DAYS_LEFT,

Expected ',', got '{'

Import traces:
  Client Component Browser:
    ./src/components/portals/shared/stock-batch-health.tsx [Client Component Browser]
    ./src/components/portals/warehouse/sections/stocks/stocks-view.tsx [Client Component Browser]
    ./src/components/portals/warehouse/WarehousePortal.tsx [Client Component Browser]
    ./src/app/page.tsx [Client Component Browser]
    ./src/app/page.tsx [Server Component]
    ./src/app/admin/page.tsx [Server Component]

  Client Component SSR:
    ./src/components/portals/shared/stock-batch-health.tsx [Client Component SSR]
    ./src/components/portals/warehouse/sections/stocks/stocks-view.tsx [Client Component SSR]
    ./src/components/portals/warehouse/WarehousePortal.tsx [Client Component SSR]
    ./src/app/page.tsx [Client Component SSR]
    ./src/app/page.tsx [Server Component]
    ./src/app/admin/page.tsx [Server Component] @ https://localhost:3000/_next/static/chunks/node_modules_next_dist_f3530cac._.js:3127
[ 5701154ms] [ERROR] ./src/components/portals/shared/stock-batch-health.tsx:3:8
Parsing ecmascript source code failed
  1 | import { Badge } from '@/components/ui/badge'
  2 | import {
> 3 | import { cn } from '@/lib/utils'
    |        ^
  4 | import { FILTER_SELECT_CLASS } from './filter-select'
  5 |   CRITICAL_MAX_DAYS_LEFT,
  6 |   EXPIRING_SOON_MAX_DAYS_LEFT,

Expected ',', got '{'

Import traces:
  Client Component Browser:
    ./src/components/portals/shared/stock-batch-health.tsx [Client Component Browser]
    ./src/components/portals/warehouse/sections/stocks/stocks-view.tsx [Client Component Browser]
    ./src/components/portals/warehouse/WarehousePortal.tsx [Client Component Browser]
    ./src/app/page.tsx [Client Component Browser]
    ./src/app/page.tsx [Server Component]
    ./src/app/admin/page.tsx [Server Component]

  Client Component SSR:
    ./src/components/portals/shared/stock-batch-health.tsx [Client Component SSR]
    ./src/components/portals/warehouse/sections/stocks/stocks-view.tsx [Client Component SSR]
    ./src/components/portals/warehouse/WarehousePortal.tsx [Client Component SSR]
    ./src/app/page.tsx [Client Component SSR]
    ./src/app/page.tsx [Server Component]
    ./src/app/admin/page.tsx [Server Component] @ https://localhost:3000/_next/static/chunks/node_modules_next_dist_f3530cac._.js:3127
[ 5701198ms] [ERROR] ./src/components/portals/shared/stock-batch-health.tsx:3:8
Parsing ecmascript source code failed
  1 | import { Badge } from '@/components/ui/badge'
  2 | import {
> 3 | import { cn } from '@/lib/utils'
    |        ^
  4 | import { FILTER_SELECT_CLASS } from './filter-select'
  5 |   CRITICAL_MAX_DAYS_LEFT,
  6 |   EXPIRING_SOON_MAX_DAYS_LEFT,

Expected ',', got '{'

Import traces:
  Client Component Browser:
    ./src/components/portals/shared/stock-batch-health.tsx [Client Component Browser]
    ./src/components/portals/warehouse/sections/stocks/stocks-view.tsx [Client Component Browser]
    ./src/components/portals/warehouse/WarehousePortal.tsx [Client Component Browser]
    ./src/app/page.tsx [Client Component Browser]
    ./src/app/page.tsx [Server Component]
    ./src/app/admin/page.tsx [Server Component]

  Client Component SSR:
    ./src/components/portals/shared/stock-batch-health.tsx [Client Component SSR]
    ./src/components/portals/warehouse/sections/stocks/stocks-view.tsx [Client Component SSR]
    ./src/components/portals/warehouse/WarehousePortal.tsx [Client Component SSR]
    ./src/app/page.tsx [Client Component SSR]
    ./src/app/page.tsx [Server Component]
    ./src/app/admin/page.tsx [Server Component] @ https://localhost:3000/_next/static/chunks/node_modules_next_dist_f3530cac._.js:3127
[ 5701257ms] [ERROR] ./src/components/portals/shared/stock-batch-health.tsx:3:8
Parsing ecmascript source code failed
  1 | import { Badge } from '@/components/ui/badge'
  2 | import {
> 3 | import { cn } from '@/lib/utils'
    |        ^
  4 | import { FILTER_SELECT_CLASS } from './filter-select'
  5 |   CRITICAL_MAX_DAYS_LEFT,
  6 |   EXPIRING_SOON_MAX_DAYS_LEFT,

Expected ',', got '{'

Import traces:
  Client Component Browser:
    ./src/components/portals/shared/stock-batch-health.tsx [Client Component Browser]
    ./src/components/portals/warehouse/sections/stocks/stocks-view.tsx [Client Component Browser]
    ./src/components/portals/warehouse/WarehousePortal.tsx [Client Component Browser]
    ./src/app/page.tsx [Client Component Browser]
    ./src/app/page.tsx [Server Component]
    ./src/app/admin/page.tsx [Server Component]

  Client Component SSR:
    ./src/components/portals/shared/stock-batch-health.tsx [Client Component SSR]
    ./src/components/portals/warehouse/sections/stocks/stocks-view.tsx [Client Component SSR]
    ./src/components/portals/warehouse/WarehousePortal.tsx [Client Component SSR]
    ./src/app/page.tsx [Client Component SSR]
    ./src/app/page.tsx [Server Component]
    ./src/app/admin/page.tsx [Server Component] @ https://localhost:3000/_next/static/chunks/node_modules_next_dist_f3530cac._.js:3127
[ 5701306ms] [ERROR] ./src/components/portals/shared/stock-batch-health.tsx:3:8
Parsing ecmascript source code failed
  1 | import { Badge } from '@/components/ui/badge'
  2 | import {
> 3 | import { cn } from '@/lib/utils'
    |        ^
  4 | import { FILTER_SELECT_CLASS } from './filter-select'
  5 |   CRITICAL_MAX_DAYS_LEFT,
  6 |   EXPIRING_SOON_MAX_DAYS_LEFT,

Expected ',', got '{'

Import traces:
  Client Component Browser:
    ./src/components/portals/shared/stock-batch-health.tsx [Client Component Browser]
    ./src/components/portals/warehouse/sections/stocks/stocks-view.tsx [Client Component Browser]
    ./src/components/portals/warehouse/WarehousePortal.tsx [Client Component Browser]
    ./src/app/page.tsx [Client Component Browser]
    ./src/app/page.tsx [Server Component]
    ./src/app/admin/page.tsx [Server Component]

  Client Component SSR:
    ./src/components/portals/shared/stock-batch-health.tsx [Client Component SSR]
    ./src/components/portals/warehouse/sections/stocks/stocks-view.tsx [Client Component SSR]
    ./src/components/portals/warehouse/WarehousePortal.tsx [Client Component SSR]
    ./src/app/page.tsx [Client Component SSR]
    ./src/app/page.tsx [Server Component]
    ./src/app/admin/page.tsx [Server Component] @ https://localhost:3000/_next/static/chunks/node_modules_next_dist_f3530cac._.js:3127
[ 5701362ms] [ERROR] ./src/components/portals/shared/stock-batch-health.tsx:3:8
Parsing ecmascript source code failed
  1 | import { Badge } from '@/components/ui/badge'
  2 | import {
> 3 | import { cn } from '@/lib/utils'
    |        ^
  4 | import { FILTER_SELECT_CLASS } from './filter-select'
  5 |   CRITICAL_MAX_DAYS_LEFT,
  6 |   EXPIRING_SOON_MAX_DAYS_LEFT,

Expected ',', got '{'

Import traces:
  Client Component Browser:
    ./src/components/portals/shared/stock-batch-health.tsx [Client Component Browser]
    ./src/components/portals/warehouse/sections/stocks/stocks-view.tsx [Client Component Browser]
    ./src/components/portals/warehouse/WarehousePortal.tsx [Client Component Browser]
    ./src/app/page.tsx [Client Component Browser]
    ./src/app/page.tsx [Server Component]
    ./src/app/admin/page.tsx [Server Component]

  Client Component SSR:
    ./src/components/portals/shared/stock-batch-health.tsx [Client Component SSR]
    ./src/components/portals/warehouse/sections/stocks/stocks-view.tsx [Client Component SSR]
    ./src/components/portals/warehouse/WarehousePortal.tsx [Client Component SSR]
    ./src/app/page.tsx [Client Component SSR]
    ./src/app/page.tsx [Server Component]
    ./src/app/admin/page.tsx [Server Component] @ https://localhost:3000/_next/static/chunks/node_modules_next_dist_f3530cac._.js:3127
[ 5701413ms] [ERROR] ./src/components/portals/shared/stock-batch-health.tsx:3:8
Parsing ecmascript source code failed
  1 | import { Badge } from '@/components/ui/badge'
  2 | import {
> 3 | import { cn } from '@/lib/utils'
    |        ^
  4 | import { FILTER_SELECT_CLASS } from './filter-select'
  5 |   CRITICAL_MAX_DAYS_LEFT,
  6 |   EXPIRING_SOON_MAX_DAYS_LEFT,

Expected ',', got '{'

Import traces:
  Client Component Browser:
    ./src/components/portals/shared/stock-batch-health.tsx [Client Component Browser]
    ./src/components/portals/warehouse/sections/stocks/stocks-view.tsx [Client Component Browser]
    ./src/components/portals/warehouse/WarehousePortal.tsx [Client Component Browser]
    ./src/app/page.tsx [Client Component Browser]
    ./src/app/page.tsx [Server Component]
    ./src/app/admin/page.tsx [Server Component]

  Client Component SSR:
    ./src/components/portals/shared/stock-batch-health.tsx [Client Component SSR]
    ./src/components/portals/warehouse/sections/stocks/stocks-view.tsx [Client Component SSR]
    ./src/components/portals/warehouse/WarehousePortal.tsx [Client Component SSR]
    ./src/app/page.tsx [Client Component SSR]
    ./src/app/page.tsx [Server Component]
    ./src/app/admin/page.tsx [Server Component] @ https://localhost:3000/_next/static/chunks/node_modules_next_dist_f3530cac._.js:3127
[ 5701479ms] [ERROR] ./src/components/portals/shared/stock-batch-health.tsx:3:8
Parsing ecmascript source code failed
  1 | import { Badge } from '@/components/ui/badge'
  2 | import {
> 3 | import { cn } from '@/lib/utils'
    |        ^
  4 | import { FILTER_SELECT_CLASS } from './filter-select'
  5 |   CRITICAL_MAX_DAYS_LEFT,
  6 |   EXPIRING_SOON_MAX_DAYS_LEFT,

Expected ',', got '{'

Import traces:
  Client Component Browser:
    ./src/components/portals/shared/stock-batch-health.tsx [Client Component Browser]
    ./src/components/portals/warehouse/sections/stocks/stocks-view.tsx [Client Component Browser]
    ./src/components/portals/warehouse/WarehousePortal.tsx [Client Component Browser]
    ./src/app/page.tsx [Client Component Browser]
    ./src/app/page.tsx [Server Component]
    ./src/app/admin/page.tsx [Server Component]

  Client Component SSR:
    ./src/components/portals/shared/stock-batch-health.tsx [Client Component SSR]
    ./src/components/portals/warehouse/sections/stocks/stocks-view.tsx [Client Component SSR]
    ./src/components/portals/warehouse/WarehousePortal.tsx [Client Component SSR]
    ./src/app/page.tsx [Client Component SSR]
    ./src/app/page.tsx [Server Component]
    ./src/app/admin/page.tsx [Server Component] @ https://localhost:3000/_next/static/chunks/node_modules_next_dist_f3530cac._.js:3127
[ 5701548ms] [ERROR] ./src/components/portals/shared/stock-batch-health.tsx:3:8
Parsing ecmascript source code failed
  1 | import { Badge } from '@/components/ui/badge'
  2 | import {
> 3 | import { cn } from '@/lib/utils'
    |        ^
  4 | import { FILTER_SELECT_CLASS } from './filter-select'
  5 |   CRITICAL_MAX_DAYS_LEFT,
  6 |   EXPIRING_SOON_MAX_DAYS_LEFT,

Expected ',', got '{'

Import traces:
  Client Component Browser:
    ./src/components/portals/shared/stock-batch-health.tsx [Client Component Browser]
    ./src/components/portals/warehouse/sections/stocks/stocks-view.tsx [Client Component Browser]
    ./src/components/portals/warehouse/WarehousePortal.tsx [Client Component Browser]
    ./src/app/page.tsx [Client Component Browser]
    ./src/app/page.tsx [Server Component]
    ./src/app/admin/page.tsx [Server Component]

  Client Component SSR:
    ./src/components/portals/shared/stock-batch-health.tsx [Client Component SSR]
    ./src/components/portals/warehouse/sections/stocks/stocks-view.tsx [Client Component SSR]
    ./src/components/portals/warehouse/WarehousePortal.tsx [Client Component SSR]
    ./src/app/page.tsx [Client Component SSR]
    ./src/app/page.tsx [Server Component]
    ./src/app/admin/page.tsx [Server Component] @ https://localhost:3000/_next/static/chunks/node_modules_next_dist_f3530cac._.js:3127
[ 5701614ms] [ERROR] ./src/components/portals/shared/stock-batch-health.tsx:3:8
Parsing ecmascript source code failed
  1 | import { Badge } from '@/components/ui/badge'
  2 | import {
> 3 | import { cn } from '@/lib/utils'
    |        ^
  4 | import { FILTER_SELECT_CLASS } from './filter-select'
  5 |   CRITICAL_MAX_DAYS_LEFT,
  6 |   EXPIRING_SOON_MAX_DAYS_LEFT,

Expected ',', got '{'

Import traces:
  Client Component Browser:
    ./src/components/portals/shared/stock-batch-health.tsx [Client Component Browser]
    ./src/components/portals/warehouse/sections/stocks/stocks-view.tsx [Client Component Browser]
    ./src/components/portals/warehouse/WarehousePortal.tsx [Client Component Browser]
    ./src/app/page.tsx [Client Component Browser]
    ./src/app/page.tsx [Server Component]
    ./src/app/admin/page.tsx [Server Component]

  Client Component SSR:
    ./src/components/portals/shared/stock-batch-health.tsx [Client Component SSR]
    ./src/components/portals/warehouse/sections/stocks/stocks-view.tsx [Client Component SSR]
    ./src/components/portals/warehouse/WarehousePortal.tsx [Client Component SSR]
    ./src/app/page.tsx [Client Component SSR]
    ./src/app/page.tsx [Server Component]
    ./src/app/admin/page.tsx [Server Component] @ https://localhost:3000/_next/static/chunks/node_modules_next_dist_f3530cac._.js:3127
[ 5701681ms] [ERROR] ./src/components/portals/shared/stock-batch-health.tsx:3:8
Parsing ecmascript source code failed
  1 | import { Badge } from '@/components/ui/badge'
  2 | import {
> 3 | import { cn } from '@/lib/utils'
    |        ^
  4 | import { FILTER_SELECT_CLASS } from './filter-select'
  5 |   CRITICAL_MAX_DAYS_LEFT,
  6 |   EXPIRING_SOON_MAX_DAYS_LEFT,

Expected ',', got '{'

Import traces:
  Client Component Browser:
    ./src/components/portals/shared/stock-batch-health.tsx [Client Component Browser]
    ./src/components/portals/warehouse/sections/stocks/stocks-view.tsx [Client Component Browser]
    ./src/components/portals/warehouse/WarehousePortal.tsx [Client Component Browser]
    ./src/app/page.tsx [Client Component Browser]
    ./src/app/page.tsx [Server Component]
    ./src/app/admin/page.tsx [Server Component]

  Client Component SSR:
    ./src/components/portals/shared/stock-batch-health.tsx [Client Component SSR]
    ./src/components/portals/warehouse/sections/stocks/stocks-view.tsx [Client Component SSR]
    ./src/components/portals/warehouse/WarehousePortal.tsx [Client Component SSR]
    ./src/app/page.tsx [Client Component SSR]
    ./src/app/page.tsx [Server Component]
    ./src/app/admin/page.tsx [Server Component] @ https://localhost:3000/_next/static/chunks/node_modules_next_dist_f3530cac._.js:3127
[ 5701749ms] [ERROR] ./src/components/portals/shared/stock-batch-health.tsx:3:8
Parsing ecmascript source code failed
  1 | import { Badge } from '@/components/ui/badge'
  2 | import {
> 3 | import { cn } from '@/lib/utils'
    |        ^
  4 | import { FILTER_SELECT_CLASS } from './filter-select'
  5 |   CRITICAL_MAX_DAYS_LEFT,
  6 |   EXPIRING_SOON_MAX_DAYS_LEFT,

Expected ',', got '{'

Import traces:
  Client Component Browser:
    ./src/components/portals/shared/stock-batch-health.tsx [Client Component Browser]
    ./src/components/portals/warehouse/sections/stocks/stocks-view.tsx [Client Component Browser]
    ./src/components/portals/warehouse/WarehousePortal.tsx [Client Component Browser]
    ./src/app/page.tsx [Client Component Browser]
    ./src/app/page.tsx [Server Component]
    ./src/app/admin/page.tsx [Server Component]

  Client Component SSR:
    ./src/components/portals/shared/stock-batch-health.tsx [Client Component SSR]
    ./src/components/portals/warehouse/sections/stocks/stocks-view.tsx [Client Component SSR]
    ./src/components/portals/warehouse/WarehousePortal.tsx [Client Component SSR]
    ./src/app/page.tsx [Client Component SSR]
    ./src/app/page.tsx [Server Component]
    ./src/app/admin/page.tsx [Server Component] @ https://localhost:3000/_next/static/chunks/node_modules_next_dist_f3530cac._.js:3127
[ 5701814ms] [ERROR] ./src/components/portals/shared/stock-batch-health.tsx:3:8
Parsing ecmascript source code failed
  1 | import { Badge } from '@/components/ui/badge'
  2 | import {
> 3 | import { cn } from '@/lib/utils'
    |        ^
  4 | import { FILTER_SELECT_CLASS } from './filter-select'
  5 |   CRITICAL_MAX_DAYS_LEFT,
  6 |   EXPIRING_SOON_MAX_DAYS_LEFT,

Expected ',', got '{'

Import traces:
  Client Component Browser:
    ./src/components/portals/shared/stock-batch-health.tsx [Client Component Browser]
    ./src/components/portals/warehouse/sections/stocks/stocks-view.tsx [Client Component Browser]
    ./src/components/portals/warehouse/WarehousePortal.tsx [Client Component Browser]
    ./src/app/page.tsx [Client Component Browser]
    ./src/app/page.tsx [Server Component]
    ./src/app/admin/page.tsx [Server Component]

  Client Component SSR:
    ./src/components/portals/shared/stock-batch-health.tsx [Client Component SSR]
    ./src/components/portals/warehouse/sections/stocks/stocks-view.tsx [Client Component SSR]
    ./src/components/portals/warehouse/WarehousePortal.tsx [Client Component SSR]
    ./src/app/page.tsx [Client Component SSR]
    ./src/app/page.tsx [Server Component]
    ./src/app/admin/page.tsx [Server Component] @ https://localhost:3000/_next/static/chunks/node_modules_next_dist_f3530cac._.js:3127
[ 5701878ms] [ERROR] ./src/components/portals/shared/stock-batch-health.tsx:3:8
Parsing ecmascript source code failed
  1 | import { Badge } from '@/components/ui/badge'
  2 | import {
> 3 | import { cn } from '@/lib/utils'
    |        ^
  4 | import { FILTER_SELECT_CLASS } from './filter-select'
  5 |   CRITICAL_MAX_DAYS_LEFT,
  6 |   EXPIRING_SOON_MAX_DAYS_LEFT,

Expected ',', got '{'

Import traces:
  Client Component Browser:
    ./src/components/portals/shared/stock-batch-health.tsx [Client Component Browser]
    ./src/components/portals/warehouse/sections/stocks/stocks-view.tsx [Client Component Browser]
    ./src/components/portals/warehouse/WarehousePortal.tsx [Client Component Browser]
    ./src/app/page.tsx [Client Component Browser]
    ./src/app/page.tsx [Server Component]
    ./src/app/admin/page.tsx [Server Component]

  Client Component SSR:
    ./src/components/portals/shared/stock-batch-health.tsx [Client Component SSR]
    ./src/components/portals/warehouse/sections/stocks/stocks-view.tsx [Client Component SSR]
    ./src/components/portals/warehouse/WarehousePortal.tsx [Client Component SSR]
    ./src/app/page.tsx [Client Component SSR]
    ./src/app/page.tsx [Server Component]
    ./src/app/admin/page.tsx [Server Component] @ https://localhost:3000/_next/static/chunks/node_modules_next_dist_f3530cac._.js:3127
[ 5701932ms] [ERROR] ./src/components/portals/shared/stock-batch-health.tsx:3:8
Parsing ecmascript source code failed
  1 | import { Badge } from '@/components/ui/badge'
  2 | import {
> 3 | import { cn } from '@/lib/utils'
    |        ^
  4 | import { FILTER_SELECT_CLASS } from './filter-select'
  5 |   CRITICAL_MAX_DAYS_LEFT,
  6 |   EXPIRING_SOON_MAX_DAYS_LEFT,

Expected ',', got '{'

Import traces:
  Client Component Browser:
    ./src/components/portals/shared/stock-batch-health.tsx [Client Component Browser]
    ./src/components/portals/warehouse/sections/stocks/stocks-view.tsx [Client Component Browser]
    ./src/components/portals/warehouse/WarehousePortal.tsx [Client Component Browser]
    ./src/app/page.tsx [Client Component Browser]
    ./src/app/page.tsx [Server Component]
    ./src/app/admin/page.tsx [Server Component]

  Client Component SSR:
    ./src/components/portals/shared/stock-batch-health.tsx [Client Component SSR]
    ./src/components/portals/warehouse/sections/stocks/stocks-view.tsx [Client Component SSR]
    ./src/components/portals/warehouse/WarehousePortal.tsx [Client Component SSR]
    ./src/app/page.tsx [Client Component SSR]
    ./src/app/page.tsx [Server Component]
    ./src/app/admin/page.tsx [Server Component] @ https://localhost:3000/_next/static/chunks/node_modules_next_dist_f3530cac._.js:3127
[ 5701998ms] [ERROR] ./src/components/portals/shared/stock-batch-health.tsx:3:8
Parsing ecmascript source code failed
  1 | import { Badge } from '@/components/ui/badge'
  2 | import {
> 3 | import { cn } from '@/lib/utils'
    |        ^
  4 | import { FILTER_SELECT_CLASS } from './filter-select'
  5 |   CRITICAL_MAX_DAYS_LEFT,
  6 |   EXPIRING_SOON_MAX_DAYS_LEFT,

Expected ',', got '{'

Import traces:
  Client Component Browser:
    ./src/components/portals/shared/stock-batch-health.tsx [Client Component Browser]
    ./src/components/portals/warehouse/sections/stocks/stocks-view.tsx [Client Component Browser]
    ./src/components/portals/warehouse/WarehousePortal.tsx [Client Component Browser]
    ./src/app/page.tsx [Client Component Browser]
    ./src/app/page.tsx [Server Component]
    ./src/app/admin/page.tsx [Server Component]

  Client Component SSR:
    ./src/components/portals/shared/stock-batch-health.tsx [Client Component SSR]
    ./src/components/portals/warehouse/sections/stocks/stocks-view.tsx [Client Component SSR]
    ./src/components/portals/warehouse/WarehousePortal.tsx [Client Component SSR]
    ./src/app/page.tsx [Client Component SSR]
    ./src/app/page.tsx [Server Component]
    ./src/app/admin/page.tsx [Server Component] @ https://localhost:3000/_next/static/chunks/node_modules_next_dist_f3530cac._.js:3127
[ 5702064ms] [ERROR] ./src/components/portals/shared/stock-batch-health.tsx:3:8
Parsing ecmascript source code failed
  1 | import { Badge } from '@/components/ui/badge'
  2 | import {
> 3 | import { cn } from '@/lib/utils'
    |        ^
  4 | import { FILTER_SELECT_CLASS } from './filter-select'
  5 |   CRITICAL_MAX_DAYS_LEFT,
  6 |   EXPIRING_SOON_MAX_DAYS_LEFT,

Expected ',', got '{'

Import traces:
  Client Component Browser:
    ./src/components/portals/shared/stock-batch-health.tsx [Client Component Browser]
    ./src/components/portals/warehouse/sections/stocks/stocks-view.tsx [Client Component Browser]
    ./src/components/portals/warehouse/WarehousePortal.tsx [Client Component Browser]
    ./src/app/page.tsx [Client Component Browser]
    ./src/app/page.tsx [Server Component]
    ./src/app/admin/page.tsx [Server Component]

  Client Component SSR:
    ./src/components/portals/shared/stock-batch-health.tsx [Client Component SSR]
    ./src/components/portals/warehouse/sections/stocks/stocks-view.tsx [Client Component SSR]
    ./src/components/portals/warehouse/WarehousePortal.tsx [Client Component SSR]
    ./src/app/page.tsx [Client Component SSR]
    ./src/app/page.tsx [Server Component]
    ./src/app/admin/page.tsx [Server Component] @ https://localhost:3000/_next/static/chunks/node_modules_next_dist_f3530cac._.js:3127
[ 5702132ms] [ERROR] ./src/components/portals/shared/stock-batch-health.tsx:3:8
Parsing ecmascript source code failed
  1 | import { Badge } from '@/components/ui/badge'
  2 | import {
> 3 | import { cn } from '@/lib/utils'
    |        ^
  4 | import { FILTER_SELECT_CLASS } from './filter-select'
  5 |   CRITICAL_MAX_DAYS_LEFT,
  6 |   EXPIRING_SOON_MAX_DAYS_LEFT,

Expected ',', got '{'

Import traces:
  Client Component Browser:
    ./src/components/portals/shared/stock-batch-health.tsx [Client Component Browser]
    ./src/components/portals/warehouse/sections/stocks/stocks-view.tsx [Client Component Browser]
    ./src/components/portals/warehouse/WarehousePortal.tsx [Client Component Browser]
    ./src/app/page.tsx [Client Component Browser]
    ./src/app/page.tsx [Server Component]
    ./src/app/admin/page.tsx [Server Component]

  Client Component SSR:
    ./src/components/portals/shared/stock-batch-health.tsx [Client Component SSR]
    ./src/components/portals/warehouse/sections/stocks/stocks-view.tsx [Client Component SSR]
    ./src/components/portals/warehouse/WarehousePortal.tsx [Client Component SSR]
    ./src/app/page.tsx [Client Component SSR]
    ./src/app/page.tsx [Server Component]
    ./src/app/admin/page.tsx [Server Component] @ https://localhost:3000/_next/static/chunks/node_modules_next_dist_f3530cac._.js:3127
[ 5702195ms] [ERROR] ./src/components/portals/shared/stock-batch-health.tsx:3:8
Parsing ecmascript source code failed
  1 | import { Badge } from '@/components/ui/badge'
  2 | import {
> 3 | import { cn } from '@/lib/utils'
    |        ^
  4 | import { FILTER_SELECT_CLASS } from './filter-select'
  5 |   CRITICAL_MAX_DAYS_LEFT,
  6 |   EXPIRING_SOON_MAX_DAYS_LEFT,

Expected ',', got '{'

Import traces:
  Client Component Browser:
    ./src/components/portals/shared/stock-batch-health.tsx [Client Component Browser]
    ./src/components/portals/warehouse/sections/stocks/stocks-view.tsx [Client Component Browser]
    ./src/components/portals/warehouse/WarehousePortal.tsx [Client Component Browser]
    ./src/app/page.tsx [Client Component Browser]
    ./src/app/page.tsx [Server Component]
    ./src/app/admin/page.tsx [Server Component]

  Client Component SSR:
    ./src/components/portals/shared/stock-batch-health.tsx [Client Component SSR]
    ./src/components/portals/warehouse/sections/stocks/stocks-view.tsx [Client Component SSR]
    ./src/components/portals/warehouse/WarehousePortal.tsx [Client Component SSR]
    ./src/app/page.tsx [Client Component SSR]
    ./src/app/page.tsx [Server Component]
    ./src/app/admin/page.tsx [Server Component] @ https://localhost:3000/_next/static/chunks/node_modules_next_dist_f3530cac._.js:3127
[ 5702247ms] [ERROR] ./src/components/portals/shared/stock-batch-health.tsx:3:8
Parsing ecmascript source code failed
  1 | import { Badge } from '@/components/ui/badge'
  2 | import {
> 3 | import { cn } from '@/lib/utils'
    |        ^
  4 | import { FILTER_SELECT_CLASS } from './filter-select'
  5 |   CRITICAL_MAX_DAYS_LEFT,
  6 |   EXPIRING_SOON_MAX_DAYS_LEFT,

Expected ',', got '{'

Import traces:
  Client Component Browser:
    ./src/components/portals/shared/stock-batch-health.tsx [Client Component Browser]
    ./src/components/portals/warehouse/sections/stocks/stocks-view.tsx [Client Component Browser]
    ./src/components/portals/warehouse/WarehousePortal.tsx [Client Component Browser]
    ./src/app/page.tsx [Client Component Browser]
    ./src/app/page.tsx [Server Component]
    ./src/app/admin/page.tsx [Server Component]

  Client Component SSR:
    ./src/components/portals/shared/stock-batch-health.tsx [Client Component SSR]
    ./src/components/portals/warehouse/sections/stocks/stocks-view.tsx [Client Component SSR]
    ./src/components/portals/warehouse/WarehousePortal.tsx [Client Component SSR]
    ./src/app/page.tsx [Client Component SSR]
    ./src/app/page.tsx [Server Component]
    ./src/app/admin/page.tsx [Server Component] @ https://localhost:3000/_next/static/chunks/node_modules_next_dist_f3530cac._.js:3127
[ 5702316ms] [ERROR] ./src/components/portals/shared/stock-batch-health.tsx:3:8
Parsing ecmascript source code failed
  1 | import { Badge } from '@/components/ui/badge'
  2 | import {
> 3 | import { cn } from '@/lib/utils'
    |        ^
  4 | import { FILTER_SELECT_CLASS } from './filter-select'
  5 |   CRITICAL_MAX_DAYS_LEFT,
  6 |   EXPIRING_SOON_MAX_DAYS_LEFT,

Expected ',', got '{'

Import traces:
  Client Component Browser:
    ./src/components/portals/shared/stock-batch-health.tsx [Client Component Browser]
    ./src/components/portals/warehouse/sections/stocks/stocks-view.tsx [Client Component Browser]
    ./src/components/portals/warehouse/WarehousePortal.tsx [Client Component Browser]
    ./src/app/page.tsx [Client Component Browser]
    ./src/app/page.tsx [Server Component]
    ./src/app/admin/page.tsx [Server Component]

  Client Component SSR:
    ./src/components/portals/shared/stock-batch-health.tsx [Client Component SSR]
    ./src/components/portals/warehouse/sections/stocks/stocks-view.tsx [Client Component SSR]
    ./src/components/portals/warehouse/WarehousePortal.tsx [Client Component SSR]
    ./src/app/page.tsx [Client Component SSR]
    ./src/app/page.tsx [Server Component]
    ./src/app/admin/page.tsx [Server Component] @ https://localhost:3000/_next/static/chunks/node_modules_next_dist_f3530cac._.js:3127
[ 5702382ms] [ERROR] ./src/components/portals/shared/stock-batch-health.tsx:3:8
Parsing ecmascript source code failed
  1 | import { Badge } from '@/components/ui/badge'
  2 | import {
> 3 | import { cn } from '@/lib/utils'
    |        ^
  4 | import { FILTER_SELECT_CLASS } from './filter-select'
  5 |   CRITICAL_MAX_DAYS_LEFT,
  6 |   EXPIRING_SOON_MAX_DAYS_LEFT,

Expected ',', got '{'

Import traces:
  Client Component Browser:
    ./src/components/portals/shared/stock-batch-health.tsx [Client Component Browser]
    ./src/components/portals/warehouse/sections/stocks/stocks-view.tsx [Client Component Browser]
    ./src/components/portals/warehouse/WarehousePortal.tsx [Client Component Browser]
    ./src/app/page.tsx [Client Component Browser]
    ./src/app/page.tsx [Server Component]
    ./src/app/admin/page.tsx [Server Component]

  Client Component SSR:
    ./src/components/portals/shared/stock-batch-health.tsx [Client Component SSR]
    ./src/components/portals/warehouse/sections/stocks/stocks-view.tsx [Client Component SSR]
    ./src/components/portals/warehouse/WarehousePortal.tsx [Client Component SSR]
    ./src/app/page.tsx [Client Component SSR]
    ./src/app/page.tsx [Server Component]
    ./src/app/admin/page.tsx [Server Component] @ https://localhost:3000/_next/static/chunks/node_modules_next_dist_f3530cac._.js:3127
[ 5702449ms] [ERROR] ./src/components/portals/shared/stock-batch-health.tsx:3:8
Parsing ecmascript source code failed
  1 | import { Badge } from '@/components/ui/badge'
  2 | import {
> 3 | import { cn } from '@/lib/utils'
    |        ^
  4 | import { FILTER_SELECT_CLASS } from './filter-select'
  5 |   CRITICAL_MAX_DAYS_LEFT,
  6 |   EXPIRING_SOON_MAX_DAYS_LEFT,

Expected ',', got '{'

Import traces:
  Client Component Browser:
    ./src/components/portals/shared/stock-batch-health.tsx [Client Component Browser]
    ./src/components/portals/warehouse/sections/stocks/stocks-view.tsx [Client Component Browser]
    ./src/components/portals/warehouse/WarehousePortal.tsx [Client Component Browser]
    ./src/app/page.tsx [Client Component Browser]
    ./src/app/page.tsx [Server Component]
    ./src/app/admin/page.tsx [Server Component]

  Client Component SSR:
    ./src/components/portals/shared/stock-batch-health.tsx [Client Component SSR]
    ./src/components/portals/warehouse/sections/stocks/stocks-view.tsx [Client Component SSR]
    ./src/components/portals/warehouse/WarehousePortal.tsx [Client Component SSR]
    ./src/app/page.tsx [Client Component SSR]
    ./src/app/page.tsx [Server Component]
    ./src/app/admin/page.tsx [Server Component] @ https://localhost:3000/_next/static/chunks/node_modules_next_dist_f3530cac._.js:3127
[ 5702514ms] [ERROR] ./src/components/portals/shared/stock-batch-health.tsx:3:8
Parsing ecmascript source code failed
  1 | import { Badge } from '@/components/ui/badge'
  2 | import {
> 3 | import { cn } from '@/lib/utils'
    |        ^
  4 | import { FILTER_SELECT_CLASS } from './filter-select'
  5 |   CRITICAL_MAX_DAYS_LEFT,
  6 |   EXPIRING_SOON_MAX_DAYS_LEFT,

Expected ',', got '{'

Import traces:
  Client Component Browser:
    ./src/components/portals/shared/stock-batch-health.tsx [Client Component Browser]
    ./src/components/portals/warehouse/sections/stocks/stocks-view.tsx [Client Component Browser]
    ./src/components/portals/warehouse/WarehousePortal.tsx [Client Component Browser]
    ./src/app/page.tsx [Client Component Browser]
    ./src/app/page.tsx [Server Component]
    ./src/app/admin/page.tsx [Server Component]

  Client Component SSR:
    ./src/components/portals/shared/stock-batch-health.tsx [Client Component SSR]
    ./src/components/portals/warehouse/sections/stocks/stocks-view.tsx [Client Component SSR]
    ./src/components/portals/warehouse/WarehousePortal.tsx [Client Component SSR]
    ./src/app/page.tsx [Client Component SSR]
    ./src/app/page.tsx [Server Component]
    ./src/app/admin/page.tsx [Server Component] @ https://localhost:3000/_next/static/chunks/node_modules_next_dist_f3530cac._.js:3127
[ 5702580ms] [ERROR] ./src/components/portals/shared/stock-batch-health.tsx:3:8
Parsing ecmascript source code failed
  1 | import { Badge } from '@/components/ui/badge'
  2 | import {
> 3 | import { cn } from '@/lib/utils'
    |        ^
  4 | import { FILTER_SELECT_CLASS } from './filter-select'
  5 |   CRITICAL_MAX_DAYS_LEFT,
  6 |   EXPIRING_SOON_MAX_DAYS_LEFT,

Expected ',', got '{'

Import traces:
  Client Component Browser:
    ./src/components/portals/shared/stock-batch-health.tsx [Client Component Browser]
    ./src/components/portals/warehouse/sections/stocks/stocks-view.tsx [Client Component Browser]
    ./src/components/portals/warehouse/WarehousePortal.tsx [Client Component Browser]
    ./src/app/page.tsx [Client Component Browser]
    ./src/app/page.tsx [Server Component]
    ./src/app/admin/page.tsx [Server Component]

  Client Component SSR:
    ./src/components/portals/shared/stock-batch-health.tsx [Client Component SSR]
    ./src/components/portals/warehouse/sections/stocks/stocks-view.tsx [Client Component SSR]
    ./src/components/portals/warehouse/WarehousePortal.tsx [Client Component SSR]
    ./src/app/page.tsx [Client Component SSR]
    ./src/app/page.tsx [Server Component]
    ./src/app/admin/page.tsx [Server Component] @ https://localhost:3000/_next/static/chunks/node_modules_next_dist_f3530cac._.js:3127
[ 5702644ms] [ERROR] ./src/components/portals/shared/stock-batch-health.tsx:3:8
Parsing ecmascript source code failed
  1 | import { Badge } from '@/components/ui/badge'
  2 | import {
> 3 | import { cn } from '@/lib/utils'
    |        ^
  4 | import { FILTER_SELECT_CLASS } from './filter-select'
  5 |   CRITICAL_MAX_DAYS_LEFT,
  6 |   EXPIRING_SOON_MAX_DAYS_LEFT,

Expected ',', got '{'

Import traces:
  Client Component Browser:
    ./src/components/portals/shared/stock-batch-health.tsx [Client Component Browser]
    ./src/components/portals/warehouse/sections/stocks/stocks-view.tsx [Client Component Browser]
    ./src/components/portals/warehouse/WarehousePortal.tsx [Client Component Browser]
    ./src/app/page.tsx [Client Component Browser]
    ./src/app/page.tsx [Server Component]
    ./src/app/admin/page.tsx [Server Component]

  Client Component SSR:
    ./src/components/portals/shared/stock-batch-health.tsx [Client Component SSR]
    ./src/components/portals/warehouse/sections/stocks/stocks-view.tsx [Client Component SSR]
    ./src/components/portals/warehouse/WarehousePortal.tsx [Client Component SSR]
    ./src/app/page.tsx [Client Component SSR]
    ./src/app/page.tsx [Server Component]
    ./src/app/admin/page.tsx [Server Component] @ https://localhost:3000/_next/static/chunks/node_modules_next_dist_f3530cac._.js:3127
[ 5702697ms] [ERROR] ./src/components/portals/shared/stock-batch-health.tsx:3:8
Parsing ecmascript source code failed
  1 | import { Badge } from '@/components/ui/badge'
  2 | import {
> 3 | import { cn } from '@/lib/utils'
    |        ^
  4 | import { FILTER_SELECT_CLASS } from './filter-select'
  5 |   CRITICAL_MAX_DAYS_LEFT,
  6 |   EXPIRING_SOON_MAX_DAYS_LEFT,

Expected ',', got '{'

Import traces:
  Client Component Browser:
    ./src/components/portals/shared/stock-batch-health.tsx [Client Component Browser]
    ./src/components/portals/warehouse/sections/stocks/stocks-view.tsx [Client Component Browser]
    ./src/components/portals/warehouse/WarehousePortal.tsx [Client Component Browser]
    ./src/app/page.tsx [Client Component Browser]
    ./src/app/page.tsx [Server Component]
    ./src/app/admin/page.tsx [Server Component]

  Client Component SSR:
    ./src/components/portals/shared/stock-batch-health.tsx [Client Component SSR]
    ./src/components/portals/warehouse/sections/stocks/stocks-view.tsx [Client Component SSR]
    ./src/components/portals/warehouse/WarehousePortal.tsx [Client Component SSR]
    ./src/app/page.tsx [Client Component SSR]
    ./src/app/page.tsx [Server Component]
    ./src/app/admin/page.tsx [Server Component] @ https://localhost:3000/_next/static/chunks/node_modules_next_dist_f3530cac._.js:3127
[ 5702763ms] [ERROR] ./src/components/portals/shared/stock-batch-health.tsx:3:8
Parsing ecmascript source code failed
  1 | import { Badge } from '@/components/ui/badge'
  2 | import {
> 3 | import { cn } from '@/lib/utils'
    |        ^
  4 | import { FILTER_SELECT_CLASS } from './filter-select'
  5 |   CRITICAL_MAX_DAYS_LEFT,
  6 |   EXPIRING_SOON_MAX_DAYS_LEFT,

Expected ',', got '{'

Import traces:
  Client Component Browser:
    ./src/components/portals/shared/stock-batch-health.tsx [Client Component Browser]
    ./src/components/portals/warehouse/sections/stocks/stocks-view.tsx [Client Component Browser]
    ./src/components/portals/warehouse/WarehousePortal.tsx [Client Component Browser]
    ./src/app/page.tsx [Client Component Browser]
    ./src/app/page.tsx [Server Component]
    ./src/app/admin/page.tsx [Server Component]

  Client Component SSR:
    ./src/components/portals/shared/stock-batch-health.tsx [Client Component SSR]
    ./src/components/portals/warehouse/sections/stocks/stocks-view.tsx [Client Component SSR]
    ./src/components/portals/warehouse/WarehousePortal.tsx [Client Component SSR]
    ./src/app/page.tsx [Client Component SSR]
    ./src/app/page.tsx [Server Component]
    ./src/app/admin/page.tsx [Server Component] @ https://localhost:3000/_next/static/chunks/node_modules_next_dist_f3530cac._.js:3127
[ 5702831ms] [ERROR] ./src/components/portals/shared/stock-batch-health.tsx:3:8
Parsing ecmascript source code failed
  1 | import { Badge } from '@/components/ui/badge'
  2 | import {
> 3 | import { cn } from '@/lib/utils'
    |        ^
  4 | import { FILTER_SELECT_CLASS } from './filter-select'
  5 |   CRITICAL_MAX_DAYS_LEFT,
  6 |   EXPIRING_SOON_MAX_DAYS_LEFT,

Expected ',', got '{'

Import traces:
  Client Component Browser:
    ./src/components/portals/shared/stock-batch-health.tsx [Client Component Browser]
    ./src/components/portals/warehouse/sections/stocks/stocks-view.tsx [Client Component Browser]
    ./src/components/portals/warehouse/WarehousePortal.tsx [Client Component Browser]
    ./src/app/page.tsx [Client Component Browser]
    ./src/app/page.tsx [Server Component]
    ./src/app/admin/page.tsx [Server Component]

  Client Component SSR:
    ./src/components/portals/shared/stock-batch-health.tsx [Client Component SSR]
    ./src/components/portals/warehouse/sections/stocks/stocks-view.tsx [Client Component SSR]
    ./src/components/portals/warehouse/WarehousePortal.tsx [Client Component SSR]
    ./src/app/page.tsx [Client Component SSR]
    ./src/app/page.tsx [Server Component]
    ./src/app/admin/page.tsx [Server Component] @ https://localhost:3000/_next/static/chunks/node_modules_next_dist_f3530cac._.js:3127
[ 5702885ms] [ERROR] ./src/components/portals/shared/stock-batch-health.tsx:3:8
Parsing ecmascript source code failed
  1 | import { Badge } from '@/components/ui/badge'
  2 | import {
> 3 | import { cn } from '@/lib/utils'
    |        ^
  4 | import { FILTER_SELECT_CLASS } from './filter-select'
  5 |   CRITICAL_MAX_DAYS_LEFT,
  6 |   EXPIRING_SOON_MAX_DAYS_LEFT,

Expected ',', got '{'

Import traces:
  Client Component Browser:
    ./src/components/portals/shared/stock-batch-health.tsx [Client Component Browser]
    ./src/components/portals/warehouse/sections/stocks/stocks-view.tsx [Client Component Browser]
    ./src/components/portals/warehouse/WarehousePortal.tsx [Client Component Browser]
    ./src/app/page.tsx [Client Component Browser]
    ./src/app/page.tsx [Server Component]
    ./src/app/admin/page.tsx [Server Component]

  Client Component SSR:
    ./src/components/portals/shared/stock-batch-health.tsx [Client Component SSR]
    ./src/components/portals/warehouse/sections/stocks/stocks-view.tsx [Client Component SSR]
    ./src/components/portals/warehouse/WarehousePortal.tsx [Client Component SSR]
    ./src/app/page.tsx [Client Component SSR]
    ./src/app/page.tsx [Server Component]
    ./src/app/admin/page.tsx [Server Component] @ https://localhost:3000/_next/static/chunks/node_modules_next_dist_f3530cac._.js:3127
[ 5702948ms] [ERROR] ./src/components/portals/shared/stock-batch-health.tsx:3:8
Parsing ecmascript source code failed
  1 | import { Badge } from '@/components/ui/badge'
  2 | import {
> 3 | import { cn } from '@/lib/utils'
    |        ^
  4 | import { FILTER_SELECT_CLASS } from './filter-select'
  5 |   CRITICAL_MAX_DAYS_LEFT,
  6 |   EXPIRING_SOON_MAX_DAYS_LEFT,

Expected ',', got '{'

Import traces:
  Client Component Browser:
    ./src/components/portals/shared/stock-batch-health.tsx [Client Component Browser]
    ./src/components/portals/warehouse/sections/stocks/stocks-view.tsx [Client Component Browser]
    ./src/components/portals/warehouse/WarehousePortal.tsx [Client Component Browser]
    ./src/app/page.tsx [Client Component Browser]
    ./src/app/page.tsx [Server Component]
    ./src/app/admin/page.tsx [Server Component]

  Client Component SSR:
    ./src/components/portals/shared/stock-batch-health.tsx [Client Component SSR]
    ./src/components/portals/warehouse/sections/stocks/stocks-view.tsx [Client Component SSR]
    ./src/components/portals/warehouse/WarehousePortal.tsx [Client Component SSR]
    ./src/app/page.tsx [Client Component SSR]
    ./src/app/page.tsx [Server Component]
    ./src/app/admin/page.tsx [Server Component] @ https://localhost:3000/_next/static/chunks/node_modules_next_dist_f3530cac._.js:3127
[ 5703016ms] [ERROR] ./src/components/portals/shared/stock-batch-health.tsx:3:8
Parsing ecmascript source code failed
  1 | import { Badge } from '@/components/ui/badge'
  2 | import {
> 3 | import { cn } from '@/lib/utils'
    |        ^
  4 | import { FILTER_SELECT_CLASS } from './filter-select'
  5 |   CRITICAL_MAX_DAYS_LEFT,
  6 |   EXPIRING_SOON_MAX_DAYS_LEFT,

Expected ',', got '{'

Import traces:
  Client Component Browser:
    ./src/components/portals/shared/stock-batch-health.tsx [Client Component Browser]
    ./src/components/portals/warehouse/sections/stocks/stocks-view.tsx [Client Component Browser]
    ./src/components/portals/warehouse/WarehousePortal.tsx [Client Component Browser]
    ./src/app/page.tsx [Client Component Browser]
    ./src/app/page.tsx [Server Component]
    ./src/app/admin/page.tsx [Server Component]

  Client Component SSR:
    ./src/components/portals/shared/stock-batch-health.tsx [Client Component SSR]
    ./src/components/portals/warehouse/sections/stocks/stocks-view.tsx [Client Component SSR]
    ./src/components/portals/warehouse/WarehousePortal.tsx [Client Component SSR]
    ./src/app/page.tsx [Client Component SSR]
    ./src/app/page.tsx [Server Component]
    ./src/app/admin/page.tsx [Server Component] @ https://localhost:3000/_next/static/chunks/node_modules_next_dist_f3530cac._.js:3127
[ 5703082ms] [ERROR] ./src/components/portals/shared/stock-batch-health.tsx:3:8
Parsing ecmascript source code failed
  1 | import { Badge } from '@/components/ui/badge'
  2 | import {
> 3 | import { cn } from '@/lib/utils'
    |        ^
  4 | import { FILTER_SELECT_CLASS } from './filter-select'
  5 |   CRITICAL_MAX_DAYS_LEFT,
  6 |   EXPIRING_SOON_MAX_DAYS_LEFT,

Expected ',', got '{'

Import traces:
  Client Component Browser:
    ./src/components/portals/shared/stock-batch-health.tsx [Client Component Browser]
    ./src/components/portals/warehouse/sections/stocks/stocks-view.tsx [Client Component Browser]
    ./src/components/portals/warehouse/WarehousePortal.tsx [Client Component Browser]
    ./src/app/page.tsx [Client Component Browser]
    ./src/app/page.tsx [Server Component]
    ./src/app/admin/page.tsx [Server Component]

  Client Component SSR:
    ./src/components/portals/shared/stock-batch-health.tsx [Client Component SSR]
    ./src/components/portals/warehouse/sections/stocks/stocks-view.tsx [Client Component SSR]
    ./src/components/portals/warehouse/WarehousePortal.tsx [Client Component SSR]
    ./src/app/page.tsx [Client Component SSR]
    ./src/app/page.tsx [Server Component]
    ./src/app/admin/page.tsx [Server Component] @ https://localhost:3000/_next/static/chunks/node_modules_next_dist_f3530cac._.js:3127
[ 5703149ms] [ERROR] ./src/components/portals/shared/stock-batch-health.tsx:3:8
Parsing ecmascript source code failed
  1 | import { Badge } from '@/components/ui/badge'
  2 | import {
> 3 | import { cn } from '@/lib/utils'
    |        ^
  4 | import { FILTER_SELECT_CLASS } from './filter-select'
  5 |   CRITICAL_MAX_DAYS_LEFT,
  6 |   EXPIRING_SOON_MAX_DAYS_LEFT,

Expected ',', got '{'

Import traces:
  Client Component Browser:
    ./src/components/portals/shared/stock-batch-health.tsx [Client Component Browser]
    ./src/components/portals/warehouse/sections/stocks/stocks-view.tsx [Client Component Browser]
    ./src/components/portals/warehouse/WarehousePortal.tsx [Client Component Browser]
    ./src/app/page.tsx [Client Component Browser]
    ./src/app/page.tsx [Server Component]
    ./src/app/admin/page.tsx [Server Component]

  Client Component SSR:
    ./src/components/portals/shared/stock-batch-health.tsx [Client Component SSR]
    ./src/components/portals/warehouse/sections/stocks/stocks-view.tsx [Client Component SSR]
    ./src/components/portals/warehouse/WarehousePortal.tsx [Client Component SSR]
    ./src/app/page.tsx [Client Component SSR]
    ./src/app/page.tsx [Server Component]
    ./src/app/admin/page.tsx [Server Component] @ https://localhost:3000/_next/static/chunks/node_modules_next_dist_f3530cac._.js:3127
[ 5703214ms] [ERROR] ./src/components/portals/shared/stock-batch-health.tsx:3:8
Parsing ecmascript source code failed
  1 | import { Badge } from '@/components/ui/badge'
  2 | import {
> 3 | import { cn } from '@/lib/utils'
    |        ^
  4 | import { FILTER_SELECT_CLASS } from './filter-select'
  5 |   CRITICAL_MAX_DAYS_LEFT,
  6 |   EXPIRING_SOON_MAX_DAYS_LEFT,

Expected ',', got '{'

Import traces:
  Client Component Browser:
    ./src/components/portals/shared/stock-batch-health.tsx [Client Component Browser]
    ./src/components/portals/warehouse/sections/stocks/stocks-view.tsx [Client Component Browser]
    ./src/components/portals/warehouse/WarehousePortal.tsx [Client Component Browser]
    ./src/app/page.tsx [Client Component Browser]
    ./src/app/page.tsx [Server Component]
    ./src/app/admin/page.tsx [Server Component]

  Client Component SSR:
    ./src/components/portals/shared/stock-batch-health.tsx [Client Component SSR]
    ./src/components/portals/warehouse/sections/stocks/stocks-view.tsx [Client Component SSR]
    ./src/components/portals/warehouse/WarehousePortal.tsx [Client Component SSR]
    ./src/app/page.tsx [Client Component SSR]
    ./src/app/page.tsx [Server Component]
    ./src/app/admin/page.tsx [Server Component] @ https://localhost:3000/_next/static/chunks/node_modules_next_dist_f3530cac._.js:3127
[ 5703282ms] [ERROR] ./src/components/portals/shared/stock-batch-health.tsx:3:8
Parsing ecmascript source code failed
  1 | import { Badge } from '@/components/ui/badge'
  2 | import {
> 3 | import { cn } from '@/lib/utils'
    |        ^
  4 | import { FILTER_SELECT_CLASS } from './filter-select'
  5 |   CRITICAL_MAX_DAYS_LEFT,
  6 |   EXPIRING_SOON_MAX_DAYS_LEFT,

Expected ',', got '{'

Import traces:
  Client Component Browser:
    ./src/components/portals/shared/stock-batch-health.tsx [Client Component Browser]
    ./src/components/portals/warehouse/sections/stocks/stocks-view.tsx [Client Component Browser]
    ./src/components/portals/warehouse/WarehousePortal.tsx [Client Component Browser]
    ./src/app/page.tsx [Client Component Browser]
    ./src/app/page.tsx [Server Component]
    ./src/app/admin/page.tsx [Server Component]

  Client Component SSR:
    ./src/components/portals/shared/stock-batch-health.tsx [Client Component SSR]
    ./src/components/portals/warehouse/sections/stocks/stocks-view.tsx [Client Component SSR]
    ./src/components/portals/warehouse/WarehousePortal.tsx [Client Component SSR]
    ./src/app/page.tsx [Client Component SSR]
    ./src/app/page.tsx [Server Component]
    ./src/app/admin/page.tsx [Server Component] @ https://localhost:3000/_next/static/chunks/node_modules_next_dist_f3530cac._.js:3127
[ 5703351ms] [ERROR] ./src/components/portals/shared/stock-batch-health.tsx:3:8
Parsing ecmascript source code failed
  1 | import { Badge } from '@/components/ui/badge'
  2 | import {
> 3 | import { cn } from '@/lib/utils'
    |        ^
  4 | import { FILTER_SELECT_CLASS } from './filter-select'
  5 |   CRITICAL_MAX_DAYS_LEFT,
  6 |   EXPIRING_SOON_MAX_DAYS_LEFT,

Expected ',', got '{'

Import traces:
  Client Component Browser:
    ./src/components/portals/shared/stock-batch-health.tsx [Client Component Browser]
    ./src/components/portals/warehouse/sections/stocks/stocks-view.tsx [Client Component Browser]
    ./src/components/portals/warehouse/WarehousePortal.tsx [Client Component Browser]
    ./src/app/page.tsx [Client Component Browser]
    ./src/app/page.tsx [Server Component]
    ./src/app/admin/page.tsx [Server Component]

  Client Component SSR:
    ./src/components/portals/shared/stock-batch-health.tsx [Client Component SSR]
    ./src/components/portals/warehouse/sections/stocks/stocks-view.tsx [Client Component SSR]
    ./src/components/portals/warehouse/WarehousePortal.tsx [Client Component SSR]
    ./src/app/page.tsx [Client Component SSR]
    ./src/app/page.tsx [Server Component]
    ./src/app/admin/page.tsx [Server Component] @ https://localhost:3000/_next/static/chunks/node_modules_next_dist_f3530cac._.js:3127
[ 5703412ms] [ERROR] ./src/components/portals/shared/stock-batch-health.tsx:3:8
Parsing ecmascript source code failed
  1 | import { Badge } from '@/components/ui/badge'
  2 | import {
> 3 | import { cn } from '@/lib/utils'
    |        ^
  4 | import { FILTER_SELECT_CLASS } from './filter-select'
  5 |   CRITICAL_MAX_DAYS_LEFT,
  6 |   EXPIRING_SOON_MAX_DAYS_LEFT,

Expected ',', got '{'

Import traces:
  Client Component Browser:
    ./src/components/portals/shared/stock-batch-health.tsx [Client Component Browser]
    ./src/components/portals/warehouse/sections/stocks/stocks-view.tsx [Client Component Browser]
    ./src/components/portals/warehouse/WarehousePortal.tsx [Client Component Browser]
    ./src/app/page.tsx [Client Component Browser]
    ./src/app/page.tsx [Server Component]
    ./src/app/admin/page.tsx [Server Component]

  Client Component SSR:
    ./src/components/portals/shared/stock-batch-health.tsx [Client Component SSR]
    ./src/components/portals/warehouse/sections/stocks/stocks-view.tsx [Client Component SSR]
    ./src/components/portals/warehouse/WarehousePortal.tsx [Client Component SSR]
    ./src/app/page.tsx [Client Component SSR]
    ./src/app/page.tsx [Server Component]
    ./src/app/admin/page.tsx [Server Component] @ https://localhost:3000/_next/static/chunks/node_modules_next_dist_f3530cac._.js:3127
[ 5703480ms] [ERROR] ./src/components/portals/shared/stock-batch-health.tsx:3:8
Parsing ecmascript source code failed
  1 | import { Badge } from '@/components/ui/badge'
  2 | import {
> 3 | import { cn } from '@/lib/utils'
    |        ^
  4 | import { FILTER_SELECT_CLASS } from './filter-select'
  5 |   CRITICAL_MAX_DAYS_LEFT,
  6 |   EXPIRING_SOON_MAX_DAYS_LEFT,

Expected ',', got '{'

Import traces:
  Client Component Browser:
    ./src/components/portals/shared/stock-batch-health.tsx [Client Component Browser]
    ./src/components/portals/warehouse/sections/stocks/stocks-view.tsx [Client Component Browser]
    ./src/components/portals/warehouse/WarehousePortal.tsx [Client Component Browser]
    ./src/app/page.tsx [Client Component Browser]
    ./src/app/page.tsx [Server Component]
    ./src/app/admin/page.tsx [Server Component]

  Client Component SSR:
    ./src/components/portals/shared/stock-batch-health.tsx [Client Component SSR]
    ./src/components/portals/warehouse/sections/stocks/stocks-view.tsx [Client Component SSR]
    ./src/components/portals/warehouse/WarehousePortal.tsx [Client Component SSR]
    ./src/app/page.tsx [Client Component SSR]
    ./src/app/page.tsx [Server Component]
    ./src/app/admin/page.tsx [Server Component] @ https://localhost:3000/_next/static/chunks/node_modules_next_dist_f3530cac._.js:3127
[ 5703548ms] [ERROR] ./src/components/portals/shared/stock-batch-health.tsx:3:8
Parsing ecmascript source code failed
  1 | import { Badge } from '@/components/ui/badge'
  2 | import {
> 3 | import { cn } from '@/lib/utils'
    |        ^
  4 | import { FILTER_SELECT_CLASS } from './filter-select'
  5 |   CRITICAL_MAX_DAYS_LEFT,
  6 |   EXPIRING_SOON_MAX_DAYS_LEFT,

Expected ',', got '{'

Import traces:
  Client Component Browser:
    ./src/components/portals/shared/stock-batch-health.tsx [Client Component Browser]
    ./src/components/portals/warehouse/sections/stocks/stocks-view.tsx [Client Component Browser]
    ./src/components/portals/warehouse/WarehousePortal.tsx [Client Component Browser]
    ./src/app/page.tsx [Client Component Browser]
    ./src/app/page.tsx [Server Component]
    ./src/app/admin/page.tsx [Server Component]

  Client Component SSR:
    ./src/components/portals/shared/stock-batch-health.tsx [Client Component SSR]
    ./src/components/portals/warehouse/sections/stocks/stocks-view.tsx [Client Component SSR]
    ./src/components/portals/warehouse/WarehousePortal.tsx [Client Component SSR]
    ./src/app/page.tsx [Client Component SSR]
    ./src/app/page.tsx [Server Component]
    ./src/app/admin/page.tsx [Server Component] @ https://localhost:3000/_next/static/chunks/node_modules_next_dist_f3530cac._.js:3127
[ 5703597ms] [ERROR] ./src/components/portals/shared/stock-batch-health.tsx:3:8
Parsing ecmascript source code failed
  1 | import { Badge } from '@/components/ui/badge'
  2 | import {
> 3 | import { cn } from '@/lib/utils'
    |        ^
  4 | import { FILTER_SELECT_CLASS } from './filter-select'
  5 |   CRITICAL_MAX_DAYS_LEFT,
  6 |   EXPIRING_SOON_MAX_DAYS_LEFT,

Expected ',', got '{'

Import traces:
  Client Component Browser:
    ./src/components/portals/shared/stock-batch-health.tsx [Client Component Browser]
    ./src/components/portals/warehouse/sections/stocks/stocks-view.tsx [Client Component Browser]
    ./src/components/portals/warehouse/WarehousePortal.tsx [Client Component Browser]
    ./src/app/page.tsx [Client Component Browser]
    ./src/app/page.tsx [Server Component]
    ./src/app/admin/page.tsx [Server Component]

  Client Component SSR:
    ./src/components/portals/shared/stock-batch-health.tsx [Client Component SSR]
    ./src/components/portals/warehouse/sections/stocks/stocks-view.tsx [Client Component SSR]
    ./src/components/portals/warehouse/WarehousePortal.tsx [Client Component SSR]
    ./src/app/page.tsx [Client Component SSR]
    ./src/app/page.tsx [Server Component]
    ./src/app/admin/page.tsx [Server Component] @ https://localhost:3000/_next/static/chunks/node_modules_next_dist_f3530cac._.js:3127
[ 5703660ms] [ERROR] ./src/components/portals/shared/stock-batch-health.tsx:3:8
Parsing ecmascript source code failed
  1 | import { Badge } from '@/components/ui/badge'
  2 | import {
> 3 | import { cn } from '@/lib/utils'
    |        ^
  4 | import { FILTER_SELECT_CLASS } from './filter-select'
  5 |   CRITICAL_MAX_DAYS_LEFT,
  6 |   EXPIRING_SOON_MAX_DAYS_LEFT,

Expected ',', got '{'

Import traces:
  Client Component Browser:
    ./src/components/portals/shared/stock-batch-health.tsx [Client Component Browser]
    ./src/components/portals/warehouse/sections/stocks/stocks-view.tsx [Client Component Browser]
    ./src/components/portals/warehouse/WarehousePortal.tsx [Client Component Browser]
    ./src/app/page.tsx [Client Component Browser]
    ./src/app/page.tsx [Server Component]
    ./src/app/admin/page.tsx [Server Component]

  Client Component SSR:
    ./src/components/portals/shared/stock-batch-health.tsx [Client Component SSR]
    ./src/components/portals/warehouse/sections/stocks/stocks-view.tsx [Client Component SSR]
    ./src/components/portals/warehouse/WarehousePortal.tsx [Client Component SSR]
    ./src/app/page.tsx [Client Component SSR]
    ./src/app/page.tsx [Server Component]
    ./src/app/admin/page.tsx [Server Component] @ https://localhost:3000/_next/static/chunks/node_modules_next_dist_f3530cac._.js:3127
[ 5703715ms] [ERROR] ./src/components/portals/shared/stock-batch-health.tsx:3:8
Parsing ecmascript source code failed
  1 | import { Badge } from '@/components/ui/badge'
  2 | import {
> 3 | import { cn } from '@/lib/utils'
    |        ^
  4 | import { FILTER_SELECT_CLASS } from './filter-select'
  5 |   CRITICAL_MAX_DAYS_LEFT,
  6 |   EXPIRING_SOON_MAX_DAYS_LEFT,

Expected ',', got '{'

Import traces:
  Client Component Browser:
    ./src/components/portals/shared/stock-batch-health.tsx [Client Component Browser]
    ./src/components/portals/warehouse/sections/stocks/stocks-view.tsx [Client Component Browser]
    ./src/components/portals/warehouse/WarehousePortal.tsx [Client Component Browser]
    ./src/app/page.tsx [Client Component Browser]
    ./src/app/page.tsx [Server Component]
    ./src/app/admin/page.tsx [Server Component]

  Client Component SSR:
    ./src/components/portals/shared/stock-batch-health.tsx [Client Component SSR]
    ./src/components/portals/warehouse/sections/stocks/stocks-view.tsx [Client Component SSR]
    ./src/components/portals/warehouse/WarehousePortal.tsx [Client Component SSR]
    ./src/app/page.tsx [Client Component SSR]
    ./src/app/page.tsx [Server Component]
    ./src/app/admin/page.tsx [Server Component] @ https://localhost:3000/_next/static/chunks/node_modules_next_dist_f3530cac._.js:3127
[ 5703781ms] [ERROR] ./src/components/portals/shared/stock-batch-health.tsx:3:8
Parsing ecmascript source code failed
  1 | import { Badge } from '@/components/ui/badge'
  2 | import {
> 3 | import { cn } from '@/lib/utils'
    |        ^
  4 | import { FILTER_SELECT_CLASS } from './filter-select'
  5 |   CRITICAL_MAX_DAYS_LEFT,
  6 |   EXPIRING_SOON_MAX_DAYS_LEFT,

Expected ',', got '{'

Import traces:
  Client Component Browser:
    ./src/components/portals/shared/stock-batch-health.tsx [Client Component Browser]
    ./src/components/portals/warehouse/sections/stocks/stocks-view.tsx [Client Component Browser]
    ./src/components/portals/warehouse/WarehousePortal.tsx [Client Component Browser]
    ./src/app/page.tsx [Client Component Browser]
    ./src/app/page.tsx [Server Component]
    ./src/app/admin/page.tsx [Server Component]

  Client Component SSR:
    ./src/components/portals/shared/stock-batch-health.tsx [Client Component SSR]
    ./src/components/portals/warehouse/sections/stocks/stocks-view.tsx [Client Component SSR]
    ./src/components/portals/warehouse/WarehousePortal.tsx [Client Component SSR]
    ./src/app/page.tsx [Client Component SSR]
    ./src/app/page.tsx [Server Component]
    ./src/app/admin/page.tsx [Server Component] @ https://localhost:3000/_next/static/chunks/node_modules_next_dist_f3530cac._.js:3127
[ 5703845ms] [ERROR] ./src/components/portals/shared/stock-batch-health.tsx:3:8
Parsing ecmascript source code failed
  1 | import { Badge } from '@/components/ui/badge'
  2 | import {
> 3 | import { cn } from '@/lib/utils'
    |        ^
  4 | import { FILTER_SELECT_CLASS } from './filter-select'
  5 |   CRITICAL_MAX_DAYS_LEFT,
  6 |   EXPIRING_SOON_MAX_DAYS_LEFT,

Expected ',', got '{'

Import traces:
  Client Component Browser:
    ./src/components/portals/shared/stock-batch-health.tsx [Client Component Browser]
    ./src/components/portals/warehouse/sections/stocks/stocks-view.tsx [Client Component Browser]
    ./src/components/portals/warehouse/WarehousePortal.tsx [Client Component Browser]
    ./src/app/page.tsx [Client Component Browser]
    ./src/app/page.tsx [Server Component]
    ./src/app/admin/page.tsx [Server Component]

  Client Component SSR:
    ./src/components/portals/shared/stock-batch-health.tsx [Client Component SSR]
    ./src/components/portals/warehouse/sections/stocks/stocks-view.tsx [Client Component SSR]
    ./src/components/portals/warehouse/WarehousePortal.tsx [Client Component SSR]
    ./src/app/page.tsx [Client Component SSR]
    ./src/app/page.tsx [Server Component]
    ./src/app/admin/page.tsx [Server Component] @ https://localhost:3000/_next/static/chunks/node_modules_next_dist_f3530cac._.js:3127
[ 5703899ms] [ERROR] ./src/components/portals/shared/stock-batch-health.tsx:3:8
Parsing ecmascript source code failed
  1 | import { Badge } from '@/components/ui/badge'
  2 | import {
> 3 | import { cn } from '@/lib/utils'
    |        ^
  4 | import { FILTER_SELECT_CLASS } from './filter-select'
  5 |   CRITICAL_MAX_DAYS_LEFT,
  6 |   EXPIRING_SOON_MAX_DAYS_LEFT,

Expected ',', got '{'

Import traces:
  Client Component Browser:
    ./src/components/portals/shared/stock-batch-health.tsx [Client Component Browser]
    ./src/components/portals/warehouse/sections/stocks/stocks-view.tsx [Client Component Browser]
    ./src/components/portals/warehouse/WarehousePortal.tsx [Client Component Browser]
    ./src/app/page.tsx [Client Component Browser]
    ./src/app/page.tsx [Server Component]
    ./src/app/admin/page.tsx [Server Component]

  Client Component SSR:
    ./src/components/portals/shared/stock-batch-health.tsx [Client Component SSR]
    ./src/components/portals/warehouse/sections/stocks/stocks-view.tsx [Client Component SSR]
    ./src/components/portals/warehouse/WarehousePortal.tsx [Client Component SSR]
    ./src/app/page.tsx [Client Component SSR]
    ./src/app/page.tsx [Server Component]
    ./src/app/admin/page.tsx [Server Component] @ https://localhost:3000/_next/static/chunks/node_modules_next_dist_f3530cac._.js:3127
[ 5703963ms] [ERROR] ./src/components/portals/shared/stock-batch-health.tsx:3:8
Parsing ecmascript source code failed
  1 | import { Badge } from '@/components/ui/badge'
  2 | import {
> 3 | import { cn } from '@/lib/utils'
    |        ^
  4 | import { FILTER_SELECT_CLASS } from './filter-select'
  5 |   CRITICAL_MAX_DAYS_LEFT,
  6 |   EXPIRING_SOON_MAX_DAYS_LEFT,

Expected ',', got '{'

Import traces:
  Client Component Browser:
    ./src/components/portals/shared/stock-batch-health.tsx [Client Component Browser]
    ./src/components/portals/warehouse/sections/stocks/stocks-view.tsx [Client Component Browser]
    ./src/components/portals/warehouse/WarehousePortal.tsx [Client Component Browser]
    ./src/app/page.tsx [Client Component Browser]
    ./src/app/page.tsx [Server Component]
    ./src/app/admin/page.tsx [Server Component]

  Client Component SSR:
    ./src/components/portals/shared/stock-batch-health.tsx [Client Component SSR]
    ./src/components/portals/warehouse/sections/stocks/stocks-view.tsx [Client Component SSR]
    ./src/components/portals/warehouse/WarehousePortal.tsx [Client Component SSR]
    ./src/app/page.tsx [Client Component SSR]
    ./src/app/page.tsx [Server Component]
    ./src/app/admin/page.tsx [Server Component] @ https://localhost:3000/_next/static/chunks/node_modules_next_dist_f3530cac._.js:3127
[ 5704031ms] [ERROR] ./src/components/portals/shared/stock-batch-health.tsx:3:8
Parsing ecmascript source code failed
  1 | import { Badge } from '@/components/ui/badge'
  2 | import {
> 3 | import { cn } from '@/lib/utils'
    |        ^
  4 | import { FILTER_SELECT_CLASS } from './filter-select'
  5 |   CRITICAL_MAX_DAYS_LEFT,
  6 |   EXPIRING_SOON_MAX_DAYS_LEFT,

Expected ',', got '{'

Import traces:
  Client Component Browser:
    ./src/components/portals/shared/stock-batch-health.tsx [Client Component Browser]
    ./src/components/portals/warehouse/sections/stocks/stocks-view.tsx [Client Component Browser]
    ./src/components/portals/warehouse/WarehousePortal.tsx [Client Component Browser]
    ./src/app/page.tsx [Client Component Browser]
    ./src/app/page.tsx [Server Component]
    ./src/app/admin/page.tsx [Server Component]

  Client Component SSR:
    ./src/components/portals/shared/stock-batch-health.tsx [Client Component SSR]
    ./src/components/portals/warehouse/sections/stocks/stocks-view.tsx [Client Component SSR]
    ./src/components/portals/warehouse/WarehousePortal.tsx [Client Component SSR]
    ./src/app/page.tsx [Client Component SSR]
    ./src/app/page.tsx [Server Component]
    ./src/app/admin/page.tsx [Server Component] @ https://localhost:3000/_next/static/chunks/node_modules_next_dist_f3530cac._.js:3127
[ 5704098ms] [ERROR] ./src/components/portals/shared/stock-batch-health.tsx:3:8
Parsing ecmascript source code failed
  1 | import { Badge } from '@/components/ui/badge'
  2 | import {
> 3 | import { cn } from '@/lib/utils'
    |        ^
  4 | import { FILTER_SELECT_CLASS } from './filter-select'
  5 |   CRITICAL_MAX_DAYS_LEFT,
  6 |   EXPIRING_SOON_MAX_DAYS_LEFT,

Expected ',', got '{'

Import traces:
  Client Component Browser:
    ./src/components/portals/shared/stock-batch-health.tsx [Client Component Browser]
    ./src/components/portals/warehouse/sections/stocks/stocks-view.tsx [Client Component Browser]
    ./src/components/portals/warehouse/WarehousePortal.tsx [Client Component Browser]
    ./src/app/page.tsx [Client Component Browser]
    ./src/app/page.tsx [Server Component]
    ./src/app/admin/page.tsx [Server Component]

  Client Component SSR:
    ./src/components/portals/shared/stock-batch-health.tsx [Client Component SSR]
    ./src/components/portals/warehouse/sections/stocks/stocks-view.tsx [Client Component SSR]
    ./src/components/portals/warehouse/WarehousePortal.tsx [Client Component SSR]
    ./src/app/page.tsx [Client Component SSR]
    ./src/app/page.tsx [Server Component]
    ./src/app/admin/page.tsx [Server Component] @ https://localhost:3000/_next/static/chunks/node_modules_next_dist_f3530cac._.js:3127
[ 5704164ms] [ERROR] ./src/components/portals/shared/stock-batch-health.tsx:3:8
Parsing ecmascript source code failed
  1 | import { Badge } from '@/components/ui/badge'
  2 | import {
> 3 | import { cn } from '@/lib/utils'
    |        ^
  4 | import { FILTER_SELECT_CLASS } from './filter-select'
  5 |   CRITICAL_MAX_DAYS_LEFT,
  6 |   EXPIRING_SOON_MAX_DAYS_LEFT,

Expected ',', got '{'

Import traces:
  Client Component Browser:
    ./src/components/portals/shared/stock-batch-health.tsx [Client Component Browser]
    ./src/components/portals/warehouse/sections/stocks/stocks-view.tsx [Client Component Browser]
    ./src/components/portals/warehouse/WarehousePortal.tsx [Client Component Browser]
    ./src/app/page.tsx [Client Component Browser]
    ./src/app/page.tsx [Server Component]
    ./src/app/admin/page.tsx [Server Component]

  Client Component SSR:
    ./src/components/portals/shared/stock-batch-health.tsx [Client Component SSR]
    ./src/components/portals/warehouse/sections/stocks/stocks-view.tsx [Client Component SSR]
    ./src/components/portals/warehouse/WarehousePortal.tsx [Client Component SSR]
    ./src/app/page.tsx [Client Component SSR]
    ./src/app/page.tsx [Server Component]
    ./src/app/admin/page.tsx [Server Component] @ https://localhost:3000/_next/static/chunks/node_modules_next_dist_f3530cac._.js:3127
[ 5704230ms] [ERROR] ./src/components/portals/shared/stock-batch-health.tsx:3:8
Parsing ecmascript source code failed
  1 | import { Badge } from '@/components/ui/badge'
  2 | import {
> 3 | import { cn } from '@/lib/utils'
    |        ^
  4 | import { FILTER_SELECT_CLASS } from './filter-select'
  5 |   CRITICAL_MAX_DAYS_LEFT,
  6 |   EXPIRING_SOON_MAX_DAYS_LEFT,

Expected ',', got '{'

Import traces:
  Client Component Browser:
    ./src/components/portals/shared/stock-batch-health.tsx [Client Component Browser]
    ./src/components/portals/warehouse/sections/stocks/stocks-view.tsx [Client Component Browser]
    ./src/components/portals/warehouse/WarehousePortal.tsx [Client Component Browser]
    ./src/app/page.tsx [Client Component Browser]
    ./src/app/page.tsx [Server Component]
    ./src/app/admin/page.tsx [Server Component]

  Client Component SSR:
    ./src/components/portals/shared/stock-batch-health.tsx [Client Component SSR]
    ./src/components/portals/warehouse/sections/stocks/stocks-view.tsx [Client Component SSR]
    ./src/components/portals/warehouse/WarehousePortal.tsx [Client Component SSR]
    ./src/app/page.tsx [Client Component SSR]
    ./src/app/page.tsx [Server Component]
    ./src/app/admin/page.tsx [Server Component] @ https://localhost:3000/_next/static/chunks/node_modules_next_dist_f3530cac._.js:3127
[ 5704297ms] [ERROR] ./src/components/portals/shared/stock-batch-health.tsx:3:8
Parsing ecmascript source code failed
  1 | import { Badge } from '@/components/ui/badge'
  2 | import {
> 3 | import { cn } from '@/lib/utils'
    |        ^
  4 | import { FILTER_SELECT_CLASS } from './filter-select'
  5 |   CRITICAL_MAX_DAYS_LEFT,
  6 |   EXPIRING_SOON_MAX_DAYS_LEFT,

Expected ',', got '{'

Import traces:
  Client Component Browser:
    ./src/components/portals/shared/stock-batch-health.tsx [Client Component Browser]
    ./src/components/portals/warehouse/sections/stocks/stocks-view.tsx [Client Component Browser]
    ./src/components/portals/warehouse/WarehousePortal.tsx [Client Component Browser]
    ./src/app/page.tsx [Client Component Browser]
    ./src/app/page.tsx [Server Component]
    ./src/app/admin/page.tsx [Server Component]

  Client Component SSR:
    ./src/components/portals/shared/stock-batch-health.tsx [Client Component SSR]
    ./src/components/portals/warehouse/sections/stocks/stocks-view.tsx [Client Component SSR]
    ./src/components/portals/warehouse/WarehousePortal.tsx [Client Component SSR]
    ./src/app/page.tsx [Client Component SSR]
    ./src/app/page.tsx [Server Component]
    ./src/app/admin/page.tsx [Server Component] @ https://localhost:3000/_next/static/chunks/node_modules_next_dist_f3530cac._.js:3127
[ 5704361ms] [ERROR] ./src/components/portals/shared/stock-batch-health.tsx:3:8
Parsing ecmascript source code failed
  1 | import { Badge } from '@/components/ui/badge'
  2 | import {
> 3 | import { cn } from '@/lib/utils'
    |        ^
  4 | import { FILTER_SELECT_CLASS } from './filter-select'
  5 |   CRITICAL_MAX_DAYS_LEFT,
  6 |   EXPIRING_SOON_MAX_DAYS_LEFT,

Expected ',', got '{'

Import traces:
  Client Component Browser:
    ./src/components/portals/shared/stock-batch-health.tsx [Client Component Browser]
    ./src/components/portals/warehouse/sections/stocks/stocks-view.tsx [Client Component Browser]
    ./src/components/portals/warehouse/WarehousePortal.tsx [Client Component Browser]
    ./src/app/page.tsx [Client Component Browser]
    ./src/app/page.tsx [Server Component]
    ./src/app/admin/page.tsx [Server Component]

  Client Component SSR:
    ./src/components/portals/shared/stock-batch-health.tsx [Client Component SSR]
    ./src/components/portals/warehouse/sections/stocks/stocks-view.tsx [Client Component SSR]
    ./src/components/portals/warehouse/WarehousePortal.tsx [Client Component SSR]
    ./src/app/page.tsx [Client Component SSR]
    ./src/app/page.tsx [Server Component]
    ./src/app/admin/page.tsx [Server Component] @ https://localhost:3000/_next/static/chunks/node_modules_next_dist_f3530cac._.js:3127
[ 5704429ms] [ERROR] ./src/components/portals/shared/stock-batch-health.tsx:3:8
Parsing ecmascript source code failed
  1 | import { Badge } from '@/components/ui/badge'
  2 | import {
> 3 | import { cn } from '@/lib/utils'
    |        ^
  4 | import { FILTER_SELECT_CLASS } from './filter-select'
  5 |   CRITICAL_MAX_DAYS_LEFT,
  6 |   EXPIRING_SOON_MAX_DAYS_LEFT,

Expected ',', got '{'

Import traces:
  Client Component Browser:
    ./src/components/portals/shared/stock-batch-health.tsx [Client Component Browser]
    ./src/components/portals/warehouse/sections/stocks/stocks-view.tsx [Client Component Browser]
    ./src/components/portals/warehouse/WarehousePortal.tsx [Client Component Browser]
    ./src/app/page.tsx [Client Component Browser]
    ./src/app/page.tsx [Server Component]
    ./src/app/admin/page.tsx [Server Component]

  Client Component SSR:
    ./src/components/portals/shared/stock-batch-health.tsx [Client Component SSR]
    ./src/components/portals/warehouse/sections/stocks/stocks-view.tsx [Client Component SSR]
    ./src/components/portals/warehouse/WarehousePortal.tsx [Client Component SSR]
    ./src/app/page.tsx [Client Component SSR]
    ./src/app/page.tsx [Server Component]
    ./src/app/admin/page.tsx [Server Component] @ https://localhost:3000/_next/static/chunks/node_modules_next_dist_f3530cac._.js:3127
[ 5704486ms] [ERROR] ./src/components/portals/shared/stock-batch-health.tsx:3:8
Parsing ecmascript source code failed
  1 | import { Badge } from '@/components/ui/badge'
  2 | import {
> 3 | import { cn } from '@/lib/utils'
    |        ^
  4 | import { FILTER_SELECT_CLASS } from './filter-select'
  5 |   CRITICAL_MAX_DAYS_LEFT,
  6 |   EXPIRING_SOON_MAX_DAYS_LEFT,

Expected ',', got '{'

Import traces:
  Client Component Browser:
    ./src/components/portals/shared/stock-batch-health.tsx [Client Component Browser]
    ./src/components/portals/warehouse/sections/stocks/stocks-view.tsx [Client Component Browser]
    ./src/components/portals/warehouse/WarehousePortal.tsx [Client Component Browser]
    ./src/app/page.tsx [Client Component Browser]
    ./src/app/page.tsx [Server Component]
    ./src/app/admin/page.tsx [Server Component]

  Client Component SSR:
    ./src/components/portals/shared/stock-batch-health.tsx [Client Component SSR]
    ./src/components/portals/warehouse/sections/stocks/stocks-view.tsx [Client Component SSR]
    ./src/components/portals/warehouse/WarehousePortal.tsx [Client Component SSR]
    ./src/app/page.tsx [Client Component SSR]
    ./src/app/page.tsx [Server Component]
    ./src/app/admin/page.tsx [Server Component] @ https://localhost:3000/_next/static/chunks/node_modules_next_dist_f3530cac._.js:3127
[ 5704549ms] [ERROR] ./src/components/portals/shared/stock-batch-health.tsx:3:8
Parsing ecmascript source code failed
  1 | import { Badge } from '@/components/ui/badge'
  2 | import {
> 3 | import { cn } from '@/lib/utils'
    |        ^
  4 | import { FILTER_SELECT_CLASS } from './filter-select'
  5 |   CRITICAL_MAX_DAYS_LEFT,
  6 |   EXPIRING_SOON_MAX_DAYS_LEFT,

Expected ',', got '{'

Import traces:
  Client Component Browser:
    ./src/components/portals/shared/stock-batch-health.tsx [Client Component Browser]
    ./src/components/portals/warehouse/sections/stocks/stocks-view.tsx [Client Component Browser]
    ./src/components/portals/warehouse/WarehousePortal.tsx [Client Component Browser]
    ./src/app/page.tsx [Client Component Browser]
    ./src/app/page.tsx [Server Component]
    ./src/app/admin/page.tsx [Server Component]

  Client Component SSR:
    ./src/components/portals/shared/stock-batch-health.tsx [Client Component SSR]
    ./src/components/portals/warehouse/sections/stocks/stocks-view.tsx [Client Component SSR]
    ./src/components/portals/warehouse/WarehousePortal.tsx [Client Component SSR]
    ./src/app/page.tsx [Client Component SSR]
    ./src/app/page.tsx [Server Component]
    ./src/app/admin/page.tsx [Server Component] @ https://localhost:3000/_next/static/chunks/node_modules_next_dist_f3530cac._.js:3127
[ 5704612ms] [ERROR] ./src/components/portals/shared/stock-batch-health.tsx:3:8
Parsing ecmascript source code failed
  1 | import { Badge } from '@/components/ui/badge'
  2 | import {
> 3 | import { cn } from '@/lib/utils'
    |        ^
  4 | import { FILTER_SELECT_CLASS } from './filter-select'
  5 |   CRITICAL_MAX_DAYS_LEFT,
  6 |   EXPIRING_SOON_MAX_DAYS_LEFT,

Expected ',', got '{'

Import traces:
  Client Component Browser:
    ./src/components/portals/shared/stock-batch-health.tsx [Client Component Browser]
    ./src/components/portals/warehouse/sections/stocks/stocks-view.tsx [Client Component Browser]
    ./src/components/portals/warehouse/WarehousePortal.tsx [Client Component Browser]
    ./src/app/page.tsx [Client Component Browser]
    ./src/app/page.tsx [Server Component]
    ./src/app/admin/page.tsx [Server Component]

  Client Component SSR:
    ./src/components/portals/shared/stock-batch-health.tsx [Client Component SSR]
    ./src/components/portals/warehouse/sections/stocks/stocks-view.tsx [Client Component SSR]
    ./src/components/portals/warehouse/WarehousePortal.tsx [Client Component SSR]
    ./src/app/page.tsx [Client Component SSR]
    ./src/app/page.tsx [Server Component]
    ./src/app/admin/page.tsx [Server Component] @ https://localhost:3000/_next/static/chunks/node_modules_next_dist_f3530cac._.js:3127
[ 5704682ms] [ERROR] ./src/components/portals/shared/stock-batch-health.tsx:3:8
Parsing ecmascript source code failed
  1 | import { Badge } from '@/components/ui/badge'
  2 | import {
> 3 | import { cn } from '@/lib/utils'
    |        ^
  4 | import { FILTER_SELECT_CLASS } from './filter-select'
  5 |   CRITICAL_MAX_DAYS_LEFT,
  6 |   EXPIRING_SOON_MAX_DAYS_LEFT,

Expected ',', got '{'

Import traces:
  Client Component Browser:
    ./src/components/portals/shared/stock-batch-health.tsx [Client Component Browser]
    ./src/components/portals/warehouse/sections/stocks/stocks-view.tsx [Client Component Browser]
    ./src/components/portals/warehouse/WarehousePortal.tsx [Client Component Browser]
    ./src/app/page.tsx [Client Component Browser]
    ./src/app/page.tsx [Server Component]
    ./src/app/admin/page.tsx [Server Component]

  Client Component SSR:
    ./src/components/portals/shared/stock-batch-health.tsx [Client Component SSR]
    ./src/components/portals/warehouse/sections/stocks/stocks-view.tsx [Client Component SSR]
    ./src/components/portals/warehouse/WarehousePortal.tsx [Client Component SSR]
    ./src/app/page.tsx [Client Component SSR]
    ./src/app/page.tsx [Server Component]
    ./src/app/admin/page.tsx [Server Component] @ https://localhost:3000/_next/static/chunks/node_modules_next_dist_f3530cac._.js:3127
[ 5704746ms] [ERROR] ./src/components/portals/shared/stock-batch-health.tsx:3:8
Parsing ecmascript source code failed
  1 | import { Badge } from '@/components/ui/badge'
  2 | import {
> 3 | import { cn } from '@/lib/utils'
    |        ^
  4 | import { FILTER_SELECT_CLASS } from './filter-select'
  5 |   CRITICAL_MAX_DAYS_LEFT,
  6 |   EXPIRING_SOON_MAX_DAYS_LEFT,

Expected ',', got '{'

Import traces:
  Client Component Browser:
    ./src/components/portals/shared/stock-batch-health.tsx [Client Component Browser]
    ./src/components/portals/warehouse/sections/stocks/stocks-view.tsx [Client Component Browser]
    ./src/components/portals/warehouse/WarehousePortal.tsx [Client Component Browser]
    ./src/app/page.tsx [Client Component Browser]
    ./src/app/page.tsx [Server Component]
    ./src/app/admin/page.tsx [Server Component]

  Client Component SSR:
    ./src/components/portals/shared/stock-batch-health.tsx [Client Component SSR]
    ./src/components/portals/warehouse/sections/stocks/stocks-view.tsx [Client Component SSR]
    ./src/components/portals/warehouse/WarehousePortal.tsx [Client Component SSR]
    ./src/app/page.tsx [Client Component SSR]
    ./src/app/page.tsx [Server Component]
    ./src/app/admin/page.tsx [Server Component] @ https://localhost:3000/_next/static/chunks/node_modules_next_dist_f3530cac._.js:3127
[ 5704799ms] [ERROR] ./src/components/portals/shared/stock-batch-health.tsx:3:8
Parsing ecmascript source code failed
  1 | import { Badge } from '@/components/ui/badge'
  2 | import {
> 3 | import { cn } from '@/lib/utils'
    |        ^
  4 | import { FILTER_SELECT_CLASS } from './filter-select'
  5 |   CRITICAL_MAX_DAYS_LEFT,
  6 |   EXPIRING_SOON_MAX_DAYS_LEFT,

Expected ',', got '{'

Import traces:
  Client Component Browser:
    ./src/components/portals/shared/stock-batch-health.tsx [Client Component Browser]
    ./src/components/portals/warehouse/sections/stocks/stocks-view.tsx [Client Component Browser]
    ./src/components/portals/warehouse/WarehousePortal.tsx [Client Component Browser]
    ./src/app/page.tsx [Client Component Browser]
    ./src/app/page.tsx [Server Component]
    ./src/app/admin/page.tsx [Server Component]

  Client Component SSR:
    ./src/components/portals/shared/stock-batch-health.tsx [Client Component SSR]
    ./src/components/portals/warehouse/sections/stocks/stocks-view.tsx [Client Component SSR]
    ./src/components/portals/warehouse/WarehousePortal.tsx [Client Component SSR]
    ./src/app/page.tsx [Client Component SSR]
    ./src/app/page.tsx [Server Component]
    ./src/app/admin/page.tsx [Server Component] @ https://localhost:3000/_next/static/chunks/node_modules_next_dist_f3530cac._.js:3127
[ 5704864ms] [ERROR] ./src/components/portals/shared/stock-batch-health.tsx:3:8
Parsing ecmascript source code failed
  1 | import { Badge } from '@/components/ui/badge'
  2 | import {
> 3 | import { cn } from '@/lib/utils'
    |        ^
  4 | import { FILTER_SELECT_CLASS } from './filter-select'
  5 |   CRITICAL_MAX_DAYS_LEFT,
  6 |   EXPIRING_SOON_MAX_DAYS_LEFT,

Expected ',', got '{'

Import traces:
  Client Component Browser:
    ./src/components/portals/shared/stock-batch-health.tsx [Client Component Browser]
    ./src/components/portals/warehouse/sections/stocks/stocks-view.tsx [Client Component Browser]
    ./src/components/portals/warehouse/WarehousePortal.tsx [Client Component Browser]
    ./src/app/page.tsx [Client Component Browser]
    ./src/app/page.tsx [Server Component]
    ./src/app/admin/page.tsx [Server Component]

  Client Component SSR:
    ./src/components/portals/shared/stock-batch-health.tsx [Client Component SSR]
    ./src/components/portals/warehouse/sections/stocks/stocks-view.tsx [Client Component SSR]
    ./src/components/portals/warehouse/WarehousePortal.tsx [Client Component SSR]
    ./src/app/page.tsx [Client Component SSR]
    ./src/app/page.tsx [Server Component]
    ./src/app/admin/page.tsx [Server Component] @ https://localhost:3000/_next/static/chunks/node_modules_next_dist_f3530cac._.js:3127
[ 5704932ms] [ERROR] ./src/components/portals/shared/stock-batch-health.tsx:3:8
Parsing ecmascript source code failed
  1 | import { Badge } from '@/components/ui/badge'
  2 | import {
> 3 | import { cn } from '@/lib/utils'
    |        ^
  4 | import { FILTER_SELECT_CLASS } from './filter-select'
  5 |   CRITICAL_MAX_DAYS_LEFT,
  6 |   EXPIRING_SOON_MAX_DAYS_LEFT,

Expected ',', got '{'

Import traces:
  Client Component Browser:
    ./src/components/portals/shared/stock-batch-health.tsx [Client Component Browser]
    ./src/components/portals/warehouse/sections/stocks/stocks-view.tsx [Client Component Browser]
    ./src/components/portals/warehouse/WarehousePortal.tsx [Client Component Browser]
    ./src/app/page.tsx [Client Component Browser]
    ./src/app/page.tsx [Server Component]
    ./src/app/admin/page.tsx [Server Component]

  Client Component SSR:
    ./src/components/portals/shared/stock-batch-health.tsx [Client Component SSR]
    ./src/components/portals/warehouse/sections/stocks/stocks-view.tsx [Client Component SSR]
    ./src/components/portals/warehouse/WarehousePortal.tsx [Client Component SSR]
    ./src/app/page.tsx [Client Component SSR]
    ./src/app/page.tsx [Server Component]
    ./src/app/admin/page.tsx [Server Component] @ https://localhost:3000/_next/static/chunks/node_modules_next_dist_f3530cac._.js:3127
[ 5704998ms] [ERROR] ./src/components/portals/shared/stock-batch-health.tsx:3:8
Parsing ecmascript source code failed
  1 | import { Badge } from '@/components/ui/badge'
  2 | import {
> 3 | import { cn } from '@/lib/utils'
    |        ^
  4 | import { FILTER_SELECT_CLASS } from './filter-select'
  5 |   CRITICAL_MAX_DAYS_LEFT,
  6 |   EXPIRING_SOON_MAX_DAYS_LEFT,

Expected ',', got '{'

Import traces:
  Client Component Browser:
    ./src/components/portals/shared/stock-batch-health.tsx [Client Component Browser]
    ./src/components/portals/warehouse/sections/stocks/stocks-view.tsx [Client Component Browser]
    ./src/components/portals/warehouse/WarehousePortal.tsx [Client Component Browser]
    ./src/app/page.tsx [Client Component Browser]
    ./src/app/page.tsx [Server Component]
    ./src/app/admin/page.tsx [Server Component]

  Client Component SSR:
    ./src/components/portals/shared/stock-batch-health.tsx [Client Component SSR]
    ./src/components/portals/warehouse/sections/stocks/stocks-view.tsx [Client Component SSR]
    ./src/components/portals/warehouse/WarehousePortal.tsx [Client Component SSR]
    ./src/app/page.tsx [Client Component SSR]
    ./src/app/page.tsx [Server Component]
    ./src/app/admin/page.tsx [Server Component] @ https://localhost:3000/_next/static/chunks/node_modules_next_dist_f3530cac._.js:3127
[ 5705064ms] [ERROR] ./src/components/portals/shared/stock-batch-health.tsx:3:8
Parsing ecmascript source code failed
  1 | import { Badge } from '@/components/ui/badge'
  2 | import {
> 3 | import { cn } from '@/lib/utils'
    |        ^
  4 | import { FILTER_SELECT_CLASS } from './filter-select'
  5 |   CRITICAL_MAX_DAYS_LEFT,
  6 |   EXPIRING_SOON_MAX_DAYS_LEFT,

Expected ',', got '{'

Import traces:
  Client Component Browser:
    ./src/components/portals/shared/stock-batch-health.tsx [Client Component Browser]
    ./src/components/portals/warehouse/sections/stocks/stocks-view.tsx [Client Component Browser]
    ./src/components/portals/warehouse/WarehousePortal.tsx [Client Component Browser]
    ./src/app/page.tsx [Client Component Browser]
    ./src/app/page.tsx [Server Component]
    ./src/app/admin/page.tsx [Server Component]

  Client Component SSR:
    ./src/components/portals/shared/stock-batch-health.tsx [Client Component SSR]
    ./src/components/portals/warehouse/sections/stocks/stocks-view.tsx [Client Component SSR]
    ./src/components/portals/warehouse/WarehousePortal.tsx [Client Component SSR]
    ./src/app/page.tsx [Client Component SSR]
    ./src/app/page.tsx [Server Component]
    ./src/app/admin/page.tsx [Server Component] @ https://localhost:3000/_next/static/chunks/node_modules_next_dist_f3530cac._.js:3127
[ 5705116ms] [ERROR] ./src/components/portals/shared/stock-batch-health.tsx:3:8
Parsing ecmascript source code failed
  1 | import { Badge } from '@/components/ui/badge'
  2 | import {
> 3 | import { cn } from '@/lib/utils'
    |        ^
  4 | import { FILTER_SELECT_CLASS } from './filter-select'
  5 |   CRITICAL_MAX_DAYS_LEFT,
  6 |   EXPIRING_SOON_MAX_DAYS_LEFT,

Expected ',', got '{'

Import traces:
  Client Component Browser:
    ./src/components/portals/shared/stock-batch-health.tsx [Client Component Browser]
    ./src/components/portals/warehouse/sections/stocks/stocks-view.tsx [Client Component Browser]
    ./src/components/portals/warehouse/WarehousePortal.tsx [Client Component Browser]
    ./src/app/page.tsx [Client Component Browser]
    ./src/app/page.tsx [Server Component]
    ./src/app/admin/page.tsx [Server Component]

  Client Component SSR:
    ./src/components/portals/shared/stock-batch-health.tsx [Client Component SSR]
    ./src/components/portals/warehouse/sections/stocks/stocks-view.tsx [Client Component SSR]
    ./src/components/portals/warehouse/WarehousePortal.tsx [Client Component SSR]
    ./src/app/page.tsx [Client Component SSR]
    ./src/app/page.tsx [Server Component]
    ./src/app/admin/page.tsx [Server Component] @ https://localhost:3000/_next/static/chunks/node_modules_next_dist_f3530cac._.js:3127
[ 5705169ms] [ERROR] ./src/components/portals/shared/stock-batch-health.tsx:3:8
Parsing ecmascript source code failed
  1 | import { Badge } from '@/components/ui/badge'
  2 | import {
> 3 | import { cn } from '@/lib/utils'
    |        ^
  4 | import { FILTER_SELECT_CLASS } from './filter-select'
  5 |   CRITICAL_MAX_DAYS_LEFT,
  6 |   EXPIRING_SOON_MAX_DAYS_LEFT,

Expected ',', got '{'

Import traces:
  Client Component Browser:
    ./src/components/portals/shared/stock-batch-health.tsx [Client Component Browser]
    ./src/components/portals/warehouse/sections/stocks/stocks-view.tsx [Client Component Browser]
    ./src/components/portals/warehouse/WarehousePortal.tsx [Client Component Browser]
    ./src/app/page.tsx [Client Component Browser]
    ./src/app/page.tsx [Server Component]
    ./src/app/admin/page.tsx [Server Component]

  Client Component SSR:
    ./src/components/portals/shared/stock-batch-health.tsx [Client Component SSR]
    ./src/components/portals/warehouse/sections/stocks/stocks-view.tsx [Client Component SSR]
    ./src/components/portals/warehouse/WarehousePortal.tsx [Client Component SSR]
    ./src/app/page.tsx [Client Component SSR]
    ./src/app/page.tsx [Server Component]
    ./src/app/admin/page.tsx [Server Component] @ https://localhost:3000/_next/static/chunks/node_modules_next_dist_f3530cac._.js:3127
[ 5705233ms] [ERROR] ./src/components/portals/shared/stock-batch-health.tsx:3:8
Parsing ecmascript source code failed
  1 | import { Badge } from '@/components/ui/badge'
  2 | import {
> 3 | import { cn } from '@/lib/utils'
    |        ^
  4 | import { FILTER_SELECT_CLASS } from './filter-select'
  5 |   CRITICAL_MAX_DAYS_LEFT,
  6 |   EXPIRING_SOON_MAX_DAYS_LEFT,

Expected ',', got '{'

Import traces:
  Client Component Browser:
    ./src/components/portals/shared/stock-batch-health.tsx [Client Component Browser]
    ./src/components/portals/warehouse/sections/stocks/stocks-view.tsx [Client Component Browser]
    ./src/components/portals/warehouse/WarehousePortal.tsx [Client Component Browser]
    ./src/app/page.tsx [Client Component Browser]
    ./src/app/page.tsx [Server Component]
    ./src/app/admin/page.tsx [Server Component]

  Client Component SSR:
    ./src/components/portals/shared/stock-batch-health.tsx [Client Component SSR]
    ./src/components/portals/warehouse/sections/stocks/stocks-view.tsx [Client Component SSR]
    ./src/components/portals/warehouse/WarehousePortal.tsx [Client Component SSR]
    ./src/app/page.tsx [Client Component SSR]
    ./src/app/page.tsx [Server Component]
    ./src/app/admin/page.tsx [Server Component] @ https://localhost:3000/_next/static/chunks/node_modules_next_dist_f3530cac._.js:3127
[ 5705301ms] [ERROR] ./src/components/portals/shared/stock-batch-health.tsx:3:8
Parsing ecmascript source code failed
  1 | import { Badge } from '@/components/ui/badge'
  2 | import {
> 3 | import { cn } from '@/lib/utils'
    |        ^
  4 | import { FILTER_SELECT_CLASS } from './filter-select'
  5 |   CRITICAL_MAX_DAYS_LEFT,
  6 |   EXPIRING_SOON_MAX_DAYS_LEFT,

Expected ',', got '{'

Import traces:
  Client Component Browser:
    ./src/components/portals/shared/stock-batch-health.tsx [Client Component Browser]
    ./src/components/portals/warehouse/sections/stocks/stocks-view.tsx [Client Component Browser]
    ./src/components/portals/warehouse/WarehousePortal.tsx [Client Component Browser]
    ./src/app/page.tsx [Client Component Browser]
    ./src/app/page.tsx [Server Component]
    ./src/app/admin/page.tsx [Server Component]

  Client Component SSR:
    ./src/components/portals/shared/stock-batch-health.tsx [Client Component SSR]
    ./src/components/portals/warehouse/sections/stocks/stocks-view.tsx [Client Component SSR]
    ./src/components/portals/warehouse/WarehousePortal.tsx [Client Component SSR]
    ./src/app/page.tsx [Client Component SSR]
    ./src/app/page.tsx [Server Component]
    ./src/app/admin/page.tsx [Server Component] @ https://localhost:3000/_next/static/chunks/node_modules_next_dist_f3530cac._.js:3127
[ 5705370ms] [ERROR] ./src/components/portals/shared/stock-batch-health.tsx:3:8
Parsing ecmascript source code failed
  1 | import { Badge } from '@/components/ui/badge'
  2 | import {
> 3 | import { cn } from '@/lib/utils'
    |        ^
  4 | import { FILTER_SELECT_CLASS } from './filter-select'
  5 |   CRITICAL_MAX_DAYS_LEFT,
  6 |   EXPIRING_SOON_MAX_DAYS_LEFT,

Expected ',', got '{'

Import traces:
  Client Component Browser:
    ./src/components/portals/shared/stock-batch-health.tsx [Client Component Browser]
    ./src/components/portals/warehouse/sections/stocks/stocks-view.tsx [Client Component Browser]
    ./src/components/portals/warehouse/WarehousePortal.tsx [Client Component Browser]
    ./src/app/page.tsx [Client Component Browser]
    ./src/app/page.tsx [Server Component]
    ./src/app/admin/page.tsx [Server Component]

  Client Component SSR:
    ./src/components/portals/shared/stock-batch-health.tsx [Client Component SSR]
    ./src/components/portals/warehouse/sections/stocks/stocks-view.tsx [Client Component SSR]
    ./src/components/portals/warehouse/WarehousePortal.tsx [Client Component SSR]
    ./src/app/page.tsx [Client Component SSR]
    ./src/app/page.tsx [Server Component]
    ./src/app/admin/page.tsx [Server Component] @ https://localhost:3000/_next/static/chunks/node_modules_next_dist_f3530cac._.js:3127
[ 5705435ms] [ERROR] ./src/components/portals/shared/stock-batch-health.tsx:3:8
Parsing ecmascript source code failed
  1 | import { Badge } from '@/components/ui/badge'
  2 | import {
> 3 | import { cn } from '@/lib/utils'
    |        ^
  4 | import { FILTER_SELECT_CLASS } from './filter-select'
  5 |   CRITICAL_MAX_DAYS_LEFT,
  6 |   EXPIRING_SOON_MAX_DAYS_LEFT,

Expected ',', got '{'

Import traces:
  Client Component Browser:
    ./src/components/portals/shared/stock-batch-health.tsx [Client Component Browser]
    ./src/components/portals/warehouse/sections/stocks/stocks-view.tsx [Client Component Browser]
    ./src/components/portals/warehouse/WarehousePortal.tsx [Client Component Browser]
    ./src/app/page.tsx [Client Component Browser]
    ./src/app/page.tsx [Server Component]
    ./src/app/admin/page.tsx [Server Component]

  Client Component SSR:
    ./src/components/portals/shared/stock-batch-health.tsx [Client Component SSR]
    ./src/components/portals/warehouse/sections/stocks/stocks-view.tsx [Client Component SSR]
    ./src/components/portals/warehouse/WarehousePortal.tsx [Client Component SSR]
    ./src/app/page.tsx [Client Component SSR]
    ./src/app/page.tsx [Server Component]
    ./src/app/admin/page.tsx [Server Component] @ https://localhost:3000/_next/static/chunks/node_modules_next_dist_f3530cac._.js:3127
[ 5705499ms] [ERROR] ./src/components/portals/shared/stock-batch-health.tsx:3:8
Parsing ecmascript source code failed
  1 | import { Badge } from '@/components/ui/badge'
  2 | import {
> 3 | import { cn } from '@/lib/utils'
    |        ^
  4 | import { FILTER_SELECT_CLASS } from './filter-select'
  5 |   CRITICAL_MAX_DAYS_LEFT,
  6 |   EXPIRING_SOON_MAX_DAYS_LEFT,

Expected ',', got '{'

Import traces:
  Client Component Browser:
    ./src/components/portals/shared/stock-batch-health.tsx [Client Component Browser]
    ./src/components/portals/warehouse/sections/stocks/stocks-view.tsx [Client Component Browser]
    ./src/components/portals/warehouse/WarehousePortal.tsx [Client Component Browser]
    ./src/app/page.tsx [Client Component Browser]
    ./src/app/page.tsx [Server Component]
    ./src/app/admin/page.tsx [Server Component]

  Client Component SSR:
    ./src/components/portals/shared/stock-batch-health.tsx [Client Component SSR]
    ./src/components/portals/warehouse/sections/stocks/stocks-view.tsx [Client Component SSR]
    ./src/components/portals/warehouse/WarehousePortal.tsx [Client Component SSR]
    ./src/app/page.tsx [Client Component SSR]
    ./src/app/page.tsx [Server Component]
    ./src/app/admin/page.tsx [Server Component] @ https://localhost:3000/_next/static/chunks/node_modules_next_dist_f3530cac._.js:3127
[ 5705549ms] [ERROR] ./src/components/portals/shared/stock-batch-health.tsx:3:8
Parsing ecmascript source code failed
  1 | import { Badge } from '@/components/ui/badge'
  2 | import {
> 3 | import { cn } from '@/lib/utils'
    |        ^
  4 | import { FILTER_SELECT_CLASS } from './filter-select'
  5 |   CRITICAL_MAX_DAYS_LEFT,
  6 |   EXPIRING_SOON_MAX_DAYS_LEFT,

Expected ',', got '{'

Import traces:
  Client Component Browser:
    ./src/components/portals/shared/stock-batch-health.tsx [Client Component Browser]
    ./src/components/portals/warehouse/sections/stocks/stocks-view.tsx [Client Component Browser]
    ./src/components/portals/warehouse/WarehousePortal.tsx [Client Component Browser]
    ./src/app/page.tsx [Client Component Browser]
    ./src/app/page.tsx [Server Component]
    ./src/app/admin/page.tsx [Server Component]

  Client Component SSR:
    ./src/components/portals/shared/stock-batch-health.tsx [Client Component SSR]
    ./src/components/portals/warehouse/sections/stocks/stocks-view.tsx [Client Component SSR]
    ./src/components/portals/warehouse/WarehousePortal.tsx [Client Component SSR]
    ./src/app/page.tsx [Client Component SSR]
    ./src/app/page.tsx [Server Component]
    ./src/app/admin/page.tsx [Server Component] @ https://localhost:3000/_next/static/chunks/node_modules_next_dist_f3530cac._.js:3127
[ 5705614ms] [ERROR] ./src/components/portals/shared/stock-batch-health.tsx:3:8
Parsing ecmascript source code failed
  1 | import { Badge } from '@/components/ui/badge'
  2 | import {
> 3 | import { cn } from '@/lib/utils'
    |        ^
  4 | import { FILTER_SELECT_CLASS } from './filter-select'
  5 |   CRITICAL_MAX_DAYS_LEFT,
  6 |   EXPIRING_SOON_MAX_DAYS_LEFT,

Expected ',', got '{'

Import traces:
  Client Component Browser:
    ./src/components/portals/shared/stock-batch-health.tsx [Client Component Browser]
    ./src/components/portals/warehouse/sections/stocks/stocks-view.tsx [Client Component Browser]
    ./src/components/portals/warehouse/WarehousePortal.tsx [Client Component Browser]
    ./src/app/page.tsx [Client Component Browser]
    ./src/app/page.tsx [Server Component]
    ./src/app/admin/page.tsx [Server Component]

  Client Component SSR:
    ./src/components/portals/shared/stock-batch-health.tsx [Client Component SSR]
    ./src/components/portals/warehouse/sections/stocks/stocks-view.tsx [Client Component SSR]
    ./src/components/portals/warehouse/WarehousePortal.tsx [Client Component SSR]
    ./src/app/page.tsx [Client Component SSR]
    ./src/app/page.tsx [Server Component]
    ./src/app/admin/page.tsx [Server Component] @ https://localhost:3000/_next/static/chunks/node_modules_next_dist_f3530cac._.js:3127
[ 5705682ms] [ERROR] ./src/components/portals/shared/stock-batch-health.tsx:3:8
Parsing ecmascript source code failed
  1 | import { Badge } from '@/components/ui/badge'
  2 | import {
> 3 | import { cn } from '@/lib/utils'
    |        ^
  4 | import { FILTER_SELECT_CLASS } from './filter-select'
  5 |   CRITICAL_MAX_DAYS_LEFT,
  6 |   EXPIRING_SOON_MAX_DAYS_LEFT,

Expected ',', got '{'

Import traces:
  Client Component Browser:
    ./src/components/portals/shared/stock-batch-health.tsx [Client Component Browser]
    ./src/components/portals/warehouse/sections/stocks/stocks-view.tsx [Client Component Browser]
    ./src/components/portals/warehouse/WarehousePortal.tsx [Client Component Browser]
    ./src/app/page.tsx [Client Component Browser]
    ./src/app/page.tsx [Server Component]
    ./src/app/admin/page.tsx [Server Component]

  Client Component SSR:
    ./src/components/portals/shared/stock-batch-health.tsx [Client Component SSR]
    ./src/components/portals/warehouse/sections/stocks/stocks-view.tsx [Client Component SSR]
    ./src/components/portals/warehouse/WarehousePortal.tsx [Client Component SSR]
    ./src/app/page.tsx [Client Component SSR]
    ./src/app/page.tsx [Server Component]
    ./src/app/admin/page.tsx [Server Component] @ https://localhost:3000/_next/static/chunks/node_modules_next_dist_f3530cac._.js:3127
[ 5705749ms] [ERROR] ./src/components/portals/shared/stock-batch-health.tsx:3:8
Parsing ecmascript source code failed
  1 | import { Badge } from '@/components/ui/badge'
  2 | import {
> 3 | import { cn } from '@/lib/utils'
    |        ^
  4 | import { FILTER_SELECT_CLASS } from './filter-select'
  5 |   CRITICAL_MAX_DAYS_LEFT,
  6 |   EXPIRING_SOON_MAX_DAYS_LEFT,

Expected ',', got '{'

Import traces:
  Client Component Browser:
    ./src/components/portals/shared/stock-batch-health.tsx [Client Component Browser]
    ./src/components/portals/warehouse/sections/stocks/stocks-view.tsx [Client Component Browser]
    ./src/components/portals/warehouse/WarehousePortal.tsx [Client Component Browser]
    ./src/app/page.tsx [Client Component Browser]
    ./src/app/page.tsx [Server Component]
    ./src/app/admin/page.tsx [Server Component]

  Client Component SSR:
    ./src/components/portals/shared/stock-batch-health.tsx [Client Component SSR]
    ./src/components/portals/warehouse/sections/stocks/stocks-view.tsx [Client Component SSR]
    ./src/components/portals/warehouse/WarehousePortal.tsx [Client Component SSR]
    ./src/app/page.tsx [Client Component SSR]
    ./src/app/page.tsx [Server Component]
    ./src/app/admin/page.tsx [Server Component] @ https://localhost:3000/_next/static/chunks/node_modules_next_dist_f3530cac._.js:3127
[ 5705816ms] [ERROR] ./src/components/portals/shared/stock-batch-health.tsx:3:8
Parsing ecmascript source code failed
  1 | import { Badge } from '@/components/ui/badge'
  2 | import {
> 3 | import { cn } from '@/lib/utils'
    |        ^
  4 | import { FILTER_SELECT_CLASS } from './filter-select'
  5 |   CRITICAL_MAX_DAYS_LEFT,
  6 |   EXPIRING_SOON_MAX_DAYS_LEFT,

Expected ',', got '{'

Import traces:
  Client Component Browser:
    ./src/components/portals/shared/stock-batch-health.tsx [Client Component Browser]
    ./src/components/portals/warehouse/sections/stocks/stocks-view.tsx [Client Component Browser]
    ./src/components/portals/warehouse/WarehousePortal.tsx [Client Component Browser]
    ./src/app/page.tsx [Client Component Browser]
    ./src/app/page.tsx [Server Component]
    ./src/app/admin/page.tsx [Server Component]

  Client Component SSR:
    ./src/components/portals/shared/stock-batch-health.tsx [Client Component SSR]
    ./src/components/portals/warehouse/sections/stocks/stocks-view.tsx [Client Component SSR]
    ./src/components/portals/warehouse/WarehousePortal.tsx [Client Component SSR]
    ./src/app/page.tsx [Client Component SSR]
    ./src/app/page.tsx [Server Component]
    ./src/app/admin/page.tsx [Server Component] @ https://localhost:3000/_next/static/chunks/node_modules_next_dist_f3530cac._.js:3127
[ 5705873ms] [ERROR] ./src/components/portals/shared/stock-batch-health.tsx:3:8
Parsing ecmascript source code failed
  1 | import { Badge } from '@/components/ui/badge'
  2 | import {
> 3 | import { cn } from '@/lib/utils'
    |        ^
  4 | import { FILTER_SELECT_CLASS } from './filter-select'
  5 |   CRITICAL_MAX_DAYS_LEFT,
  6 |   EXPIRING_SOON_MAX_DAYS_LEFT,

Expected ',', got '{'

Import traces:
  Client Component Browser:
    ./src/components/portals/shared/stock-batch-health.tsx [Client Component Browser]
    ./src/components/portals/warehouse/sections/stocks/stocks-view.tsx [Client Component Browser]
    ./src/components/portals/warehouse/WarehousePortal.tsx [Client Component Browser]
    ./src/app/page.tsx [Client Component Browser]
    ./src/app/page.tsx [Server Component]
    ./src/app/admin/page.tsx [Server Component]

  Client Component SSR:
    ./src/components/portals/shared/stock-batch-health.tsx [Client Component SSR]
    ./src/components/portals/warehouse/sections/stocks/stocks-view.tsx [Client Component SSR]
    ./src/components/portals/warehouse/WarehousePortal.tsx [Client Component SSR]
    ./src/app/page.tsx [Client Component SSR]
    ./src/app/page.tsx [Server Component]
    ./src/app/admin/page.tsx [Server Component] @ https://localhost:3000/_next/static/chunks/node_modules_next_dist_f3530cac._.js:3127
[ 5705933ms] [ERROR] ./src/components/portals/shared/stock-batch-health.tsx:3:8
Parsing ecmascript source code failed
  1 | import { Badge } from '@/components/ui/badge'
  2 | import {
> 3 | import { cn } from '@/lib/utils'
    |        ^
  4 | import { FILTER_SELECT_CLASS } from './filter-select'
  5 |   CRITICAL_MAX_DAYS_LEFT,
  6 |   EXPIRING_SOON_MAX_DAYS_LEFT,

Expected ',', got '{'

Import traces:
  Client Component Browser:
    ./src/components/portals/shared/stock-batch-health.tsx [Client Component Browser]
    ./src/components/portals/warehouse/sections/stocks/stocks-view.tsx [Client Component Browser]
    ./src/components/portals/warehouse/WarehousePortal.tsx [Client Component Browser]
    ./src/app/page.tsx [Client Component Browser]
    ./src/app/page.tsx [Server Component]
    ./src/app/admin/page.tsx [Server Component]

  Client Component SSR:
    ./src/components/portals/shared/stock-batch-health.tsx [Client Component SSR]
    ./src/components/portals/warehouse/sections/stocks/stocks-view.tsx [Client Component SSR]
    ./src/components/portals/warehouse/WarehousePortal.tsx [Client Component SSR]
    ./src/app/page.tsx [Client Component SSR]
    ./src/app/page.tsx [Server Component]
    ./src/app/admin/page.tsx [Server Component] @ https://localhost:3000/_next/static/chunks/node_modules_next_dist_f3530cac._.js:3127
[ 5706000ms] [ERROR] ./src/components/portals/shared/stock-batch-health.tsx:3:8
Parsing ecmascript source code failed
  1 | import { Badge } from '@/components/ui/badge'
  2 | import {
> 3 | import { cn } from '@/lib/utils'
    |        ^
  4 | import { FILTER_SELECT_CLASS } from './filter-select'
  5 |   CRITICAL_MAX_DAYS_LEFT,
  6 |   EXPIRING_SOON_MAX_DAYS_LEFT,

Expected ',', got '{'

Import traces:
  Client Component Browser:
    ./src/components/portals/shared/stock-batch-health.tsx [Client Component Browser]
    ./src/components/portals/warehouse/sections/stocks/stocks-view.tsx [Client Component Browser]
    ./src/components/portals/warehouse/WarehousePortal.tsx [Client Component Browser]
    ./src/app/page.tsx [Client Component Browser]
    ./src/app/page.tsx [Server Component]
    ./src/app/admin/page.tsx [Server Component]

  Client Component SSR:
    ./src/components/portals/shared/stock-batch-health.tsx [Client Component SSR]
    ./src/components/portals/warehouse/sections/stocks/stocks-view.tsx [Client Component SSR]
    ./src/components/portals/warehouse/WarehousePortal.tsx [Client Component SSR]
    ./src/app/page.tsx [Client Component SSR]
    ./src/app/page.tsx [Server Component]
    ./src/app/admin/page.tsx [Server Component] @ https://localhost:3000/_next/static/chunks/node_modules_next_dist_f3530cac._.js:3127
[ 5706069ms] [ERROR] ./src/components/portals/shared/stock-batch-health.tsx:3:8
Parsing ecmascript source code failed
  1 | import { Badge } from '@/components/ui/badge'
  2 | import {
> 3 | import { cn } from '@/lib/utils'
    |        ^
  4 | import { FILTER_SELECT_CLASS } from './filter-select'
  5 |   CRITICAL_MAX_DAYS_LEFT,
  6 |   EXPIRING_SOON_MAX_DAYS_LEFT,

Expected ',', got '{'

Import traces:
  Client Component Browser:
    ./src/components/portals/shared/stock-batch-health.tsx [Client Component Browser]
    ./src/components/portals/warehouse/sections/stocks/stocks-view.tsx [Client Component Browser]
    ./src/components/portals/warehouse/WarehousePortal.tsx [Client Component Browser]
    ./src/app/page.tsx [Client Component Browser]
    ./src/app/page.tsx [Server Component]
    ./src/app/admin/page.tsx [Server Component]

  Client Component SSR:
    ./src/components/portals/shared/stock-batch-health.tsx [Client Component SSR]
    ./src/components/portals/warehouse/sections/stocks/stocks-view.tsx [Client Component SSR]
    ./src/components/portals/warehouse/WarehousePortal.tsx [Client Component SSR]
    ./src/app/page.tsx [Client Component SSR]
    ./src/app/page.tsx [Server Component]
    ./src/app/admin/page.tsx [Server Component] @ https://localhost:3000/_next/static/chunks/node_modules_next_dist_f3530cac._.js:3127
[ 5706136ms] [ERROR] ./src/components/portals/shared/stock-batch-health.tsx:3:8
Parsing ecmascript source code failed
  1 | import { Badge } from '@/components/ui/badge'
  2 | import {
> 3 | import { cn } from '@/lib/utils'
    |        ^
  4 | import { FILTER_SELECT_CLASS } from './filter-select'
  5 |   CRITICAL_MAX_DAYS_LEFT,
  6 |   EXPIRING_SOON_MAX_DAYS_LEFT,

Expected ',', got '{'

Import traces:
  Client Component Browser:
    ./src/components/portals/shared/stock-batch-health.tsx [Client Component Browser]
    ./src/components/portals/warehouse/sections/stocks/stocks-view.tsx [Client Component Browser]
    ./src/components/portals/warehouse/WarehousePortal.tsx [Client Component Browser]
    ./src/app/page.tsx [Client Component Browser]
    ./src/app/page.tsx [Server Component]
    ./src/app/admin/page.tsx [Server Component]

  Client Component SSR:
    ./src/components/portals/shared/stock-batch-health.tsx [Client Component SSR]
    ./src/components/portals/warehouse/sections/stocks/stocks-view.tsx [Client Component SSR]
    ./src/components/portals/warehouse/WarehousePortal.tsx [Client Component SSR]
    ./src/app/page.tsx [Client Component SSR]
    ./src/app/page.tsx [Server Component]
    ./src/app/admin/page.tsx [Server Component] @ https://localhost:3000/_next/static/chunks/node_modules_next_dist_f3530cac._.js:3127
[ 5706200ms] [ERROR] ./src/components/portals/shared/stock-batch-health.tsx:3:8
Parsing ecmascript source code failed
  1 | import { Badge } from '@/components/ui/badge'
  2 | import {
> 3 | import { cn } from '@/lib/utils'
    |        ^
  4 | import { FILTER_SELECT_CLASS } from './filter-select'
  5 |   CRITICAL_MAX_DAYS_LEFT,
  6 |   EXPIRING_SOON_MAX_DAYS_LEFT,

Expected ',', got '{'

Import traces:
  Client Component Browser:
    ./src/components/portals/shared/stock-batch-health.tsx [Client Component Browser]
    ./src/components/portals/warehouse/sections/stocks/stocks-view.tsx [Client Component Browser]
    ./src/components/portals/warehouse/WarehousePortal.tsx [Client Component Browser]
    ./src/app/page.tsx [Client Component Browser]
    ./src/app/page.tsx [Server Component]
    ./src/app/admin/page.tsx [Server Component]

  Client Component SSR:
    ./src/components/portals/shared/stock-batch-health.tsx [Client Component SSR]
    ./src/components/portals/warehouse/sections/stocks/stocks-view.tsx [Client Component SSR]
    ./src/components/portals/warehouse/WarehousePortal.tsx [Client Component SSR]
    ./src/app/page.tsx [Client Component SSR]
    ./src/app/page.tsx [Server Component]
    ./src/app/admin/page.tsx [Server Component] @ https://localhost:3000/_next/static/chunks/node_modules_next_dist_f3530cac._.js:3127
[ 5706250ms] [ERROR] ./src/components/portals/shared/stock-batch-health.tsx:3:8
Parsing ecmascript source code failed
  1 | import { Badge } from '@/components/ui/badge'
  2 | import {
> 3 | import { cn } from '@/lib/utils'
    |        ^
  4 | import { FILTER_SELECT_CLASS } from './filter-select'
  5 |   CRITICAL_MAX_DAYS_LEFT,
  6 |   EXPIRING_SOON_MAX_DAYS_LEFT,

Expected ',', got '{'

Import traces:
  Client Component Browser:
    ./src/components/portals/shared/stock-batch-health.tsx [Client Component Browser]
    ./src/components/portals/warehouse/sections/stocks/stocks-view.tsx [Client Component Browser]
    ./src/components/portals/warehouse/WarehousePortal.tsx [Client Component Browser]
    ./src/app/page.tsx [Client Component Browser]
    ./src/app/page.tsx [Server Component]
    ./src/app/admin/page.tsx [Server Component]

  Client Component SSR:
    ./src/components/portals/shared/stock-batch-health.tsx [Client Component SSR]
    ./src/components/portals/warehouse/sections/stocks/stocks-view.tsx [Client Component SSR]
    ./src/components/portals/warehouse/WarehousePortal.tsx [Client Component SSR]
    ./src/app/page.tsx [Client Component SSR]
    ./src/app/page.tsx [Server Component]
    ./src/app/admin/page.tsx [Server Component] @ https://localhost:3000/_next/static/chunks/node_modules_next_dist_f3530cac._.js:3127
[ 5706298ms] [ERROR] ./src/components/portals/shared/stock-batch-health.tsx:3:8
Parsing ecmascript source code failed
  1 | import { Badge } from '@/components/ui/badge'
  2 | import {
> 3 | import { cn } from '@/lib/utils'
    |        ^
  4 | import { FILTER_SELECT_CLASS } from './filter-select'
  5 |   CRITICAL_MAX_DAYS_LEFT,
  6 |   EXPIRING_SOON_MAX_DAYS_LEFT,

Expected ',', got '{'

Import traces:
  Client Component Browser:
    ./src/components/portals/shared/stock-batch-health.tsx [Client Component Browser]
    ./src/components/portals/warehouse/sections/stocks/stocks-view.tsx [Client Component Browser]
    ./src/components/portals/warehouse/WarehousePortal.tsx [Client Component Browser]
    ./src/app/page.tsx [Client Component Browser]
    ./src/app/page.tsx [Server Component]
    ./src/app/admin/page.tsx [Server Component]

  Client Component SSR:
    ./src/components/portals/shared/stock-batch-health.tsx [Client Component SSR]
    ./src/components/portals/warehouse/sections/stocks/stocks-view.tsx [Client Component SSR]
    ./src/components/portals/warehouse/WarehousePortal.tsx [Client Component SSR]
    ./src/app/page.tsx [Client Component SSR]
    ./src/app/page.tsx [Server Component]
    ./src/app/admin/page.tsx [Server Component] @ https://localhost:3000/_next/static/chunks/node_modules_next_dist_f3530cac._.js:3127
[ 5706349ms] [ERROR] ./src/components/portals/shared/stock-batch-health.tsx:3:8
Parsing ecmascript source code failed
  1 | import { Badge } from '@/components/ui/badge'
  2 | import {
> 3 | import { cn } from '@/lib/utils'
    |        ^
  4 | import { FILTER_SELECT_CLASS } from './filter-select'
  5 |   CRITICAL_MAX_DAYS_LEFT,
  6 |   EXPIRING_SOON_MAX_DAYS_LEFT,

Expected ',', got '{'

Import traces:
  Client Component Browser:
    ./src/components/portals/shared/stock-batch-health.tsx [Client Component Browser]
    ./src/components/portals/warehouse/sections/stocks/stocks-view.tsx [Client Component Browser]
    ./src/components/portals/warehouse/WarehousePortal.tsx [Client Component Browser]
    ./src/app/page.tsx [Client Component Browser]
    ./src/app/page.tsx [Server Component]
    ./src/app/admin/page.tsx [Server Component]

  Client Component SSR:
    ./src/components/portals/shared/stock-batch-health.tsx [Client Component SSR]
    ./src/components/portals/warehouse/sections/stocks/stocks-view.tsx [Client Component SSR]
    ./src/components/portals/warehouse/WarehousePortal.tsx [Client Component SSR]
    ./src/app/page.tsx [Client Component SSR]
    ./src/app/page.tsx [Server Component]
    ./src/app/admin/page.tsx [Server Component] @ https://localhost:3000/_next/static/chunks/node_modules_next_dist_f3530cac._.js:3127
[ 5706417ms] [ERROR] ./src/components/portals/shared/stock-batch-health.tsx:3:8
Parsing ecmascript source code failed
  1 | import { Badge } from '@/components/ui/badge'
  2 | import {
> 3 | import { cn } from '@/lib/utils'
    |        ^
  4 | import { FILTER_SELECT_CLASS } from './filter-select'
  5 |   CRITICAL_MAX_DAYS_LEFT,
  6 |   EXPIRING_SOON_MAX_DAYS_LEFT,

Expected ',', got '{'

Import traces:
  Client Component Browser:
    ./src/components/portals/shared/stock-batch-health.tsx [Client Component Browser]
    ./src/components/portals/warehouse/sections/stocks/stocks-view.tsx [Client Component Browser]
    ./src/components/portals/warehouse/WarehousePortal.tsx [Client Component Browser]
    ./src/app/page.tsx [Client Component Browser]
    ./src/app/page.tsx [Server Component]
    ./src/app/admin/page.tsx [Server Component]

  Client Component SSR:
    ./src/components/portals/shared/stock-batch-health.tsx [Client Component SSR]
    ./src/components/portals/warehouse/sections/stocks/stocks-view.tsx [Client Component SSR]
    ./src/components/portals/warehouse/WarehousePortal.tsx [Client Component SSR]
    ./src/app/page.tsx [Client Component SSR]
    ./src/app/page.tsx [Server Component]
    ./src/app/admin/page.tsx [Server Component] @ https://localhost:3000/_next/static/chunks/node_modules_next_dist_f3530cac._.js:3127
[ 5706475ms] [ERROR] ./src/components/portals/shared/stock-batch-health.tsx:3:8
Parsing ecmascript source code failed
  1 | import { Badge } from '@/components/ui/badge'
  2 | import {
> 3 | import { cn } from '@/lib/utils'
    |        ^
  4 | import { FILTER_SELECT_CLASS } from './filter-select'
  5 |   CRITICAL_MAX_DAYS_LEFT,
  6 |   EXPIRING_SOON_MAX_DAYS_LEFT,

Expected ',', got '{'

Import traces:
  Client Component Browser:
    ./src/components/portals/shared/stock-batch-health.tsx [Client Component Browser]
    ./src/components/portals/warehouse/sections/stocks/stocks-view.tsx [Client Component Browser]
    ./src/components/portals/warehouse/WarehousePortal.tsx [Client Component Browser]
    ./src/app/page.tsx [Client Component Browser]
    ./src/app/page.tsx [Server Component]
    ./src/app/admin/page.tsx [Server Component]

  Client Component SSR:
    ./src/components/portals/shared/stock-batch-health.tsx [Client Component SSR]
    ./src/components/portals/warehouse/sections/stocks/stocks-view.tsx [Client Component SSR]
    ./src/components/portals/warehouse/WarehousePortal.tsx [Client Component SSR]
    ./src/app/page.tsx [Client Component SSR]
    ./src/app/page.tsx [Server Component]
    ./src/app/admin/page.tsx [Server Component] @ https://localhost:3000/_next/static/chunks/node_modules_next_dist_f3530cac._.js:3127
[ 5706532ms] [ERROR] ./src/components/portals/shared/stock-batch-health.tsx:3:8
Parsing ecmascript source code failed
  1 | import { Badge } from '@/components/ui/badge'
  2 | import {
> 3 | import { cn } from '@/lib/utils'
    |        ^
  4 | import { FILTER_SELECT_CLASS } from './filter-select'
  5 |   CRITICAL_MAX_DAYS_LEFT,
  6 |   EXPIRING_SOON_MAX_DAYS_LEFT,

Expected ',', got '{'

Import traces:
  Client Component Browser:
    ./src/components/portals/shared/stock-batch-health.tsx [Client Component Browser]
    ./src/components/portals/warehouse/sections/stocks/stocks-view.tsx [Client Component Browser]
    ./src/components/portals/warehouse/WarehousePortal.tsx [Client Component Browser]
    ./src/app/page.tsx [Client Component Browser]
    ./src/app/page.tsx [Server Component]
    ./src/app/admin/page.tsx [Server Component]

  Client Component SSR:
    ./src/components/portals/shared/stock-batch-health.tsx [Client Component SSR]
    ./src/components/portals/warehouse/sections/stocks/stocks-view.tsx [Client Component SSR]
    ./src/components/portals/warehouse/WarehousePortal.tsx [Client Component SSR]
    ./src/app/page.tsx [Client Component SSR]
    ./src/app/page.tsx [Server Component]
    ./src/app/admin/page.tsx [Server Component] @ https://localhost:3000/_next/static/chunks/node_modules_next_dist_f3530cac._.js:3127
[ 5706598ms] [ERROR] ./src/components/portals/shared/stock-batch-health.tsx:3:8
Parsing ecmascript source code failed
  1 | import { Badge } from '@/components/ui/badge'
  2 | import {
> 3 | import { cn } from '@/lib/utils'
    |        ^
  4 | import { FILTER_SELECT_CLASS } from './filter-select'
  5 |   CRITICAL_MAX_DAYS_LEFT,
  6 |   EXPIRING_SOON_MAX_DAYS_LEFT,

Expected ',', got '{'

Import traces:
  Client Component Browser:
    ./src/components/portals/shared/stock-batch-health.tsx [Client Component Browser]
    ./src/components/portals/warehouse/sections/stocks/stocks-view.tsx [Client Component Browser]
    ./src/components/portals/warehouse/WarehousePortal.tsx [Client Component Browser]
    ./src/app/page.tsx [Client Component Browser]
    ./src/app/page.tsx [Server Component]
    ./src/app/admin/page.tsx [Server Component]

  Client Component SSR:
    ./src/components/portals/shared/stock-batch-health.tsx [Client Component SSR]
    ./src/components/portals/warehouse/sections/stocks/stocks-view.tsx [Client Component SSR]
    ./src/components/portals/warehouse/WarehousePortal.tsx [Client Component SSR]
    ./src/app/page.tsx [Client Component SSR]
    ./src/app/page.tsx [Server Component]
    ./src/app/admin/page.tsx [Server Component] @ https://localhost:3000/_next/static/chunks/node_modules_next_dist_f3530cac._.js:3127
[ 5706666ms] [ERROR] ./src/components/portals/shared/stock-batch-health.tsx:3:8
Parsing ecmascript source code failed
  1 | import { Badge } from '@/components/ui/badge'
  2 | import {
> 3 | import { cn } from '@/lib/utils'
    |        ^
  4 | import { FILTER_SELECT_CLASS } from './filter-select'
  5 |   CRITICAL_MAX_DAYS_LEFT,
  6 |   EXPIRING_SOON_MAX_DAYS_LEFT,

Expected ',', got '{'

Import traces:
  Client Component Browser:
    ./src/components/portals/shared/stock-batch-health.tsx [Client Component Browser]
    ./src/components/portals/warehouse/sections/stocks/stocks-view.tsx [Client Component Browser]
    ./src/components/portals/warehouse/WarehousePortal.tsx [Client Component Browser]
    ./src/app/page.tsx [Client Component Browser]
    ./src/app/page.tsx [Server Component]
    ./src/app/admin/page.tsx [Server Component]

  Client Component SSR:
    ./src/components/portals/shared/stock-batch-health.tsx [Client Component SSR]
    ./src/components/portals/warehouse/sections/stocks/stocks-view.tsx [Client Component SSR]
    ./src/components/portals/warehouse/WarehousePortal.tsx [Client Component SSR]
    ./src/app/page.tsx [Client Component SSR]
    ./src/app/page.tsx [Server Component]
    ./src/app/admin/page.tsx [Server Component] @ https://localhost:3000/_next/static/chunks/node_modules_next_dist_f3530cac._.js:3127
[ 5706720ms] [ERROR] ./src/components/portals/shared/stock-batch-health.tsx:3:8
Parsing ecmascript source code failed
  1 | import { Badge } from '@/components/ui/badge'
  2 | import {
> 3 | import { cn } from '@/lib/utils'
    |        ^
  4 | import { FILTER_SELECT_CLASS } from './filter-select'
  5 |   CRITICAL_MAX_DAYS_LEFT,
  6 |   EXPIRING_SOON_MAX_DAYS_LEFT,

Expected ',', got '{'

Import traces:
  Client Component Browser:
    ./src/components/portals/shared/stock-batch-health.tsx [Client Component Browser]
    ./src/components/portals/warehouse/sections/stocks/stocks-view.tsx [Client Component Browser]
    ./src/components/portals/warehouse/WarehousePortal.tsx [Client Component Browser]
    ./src/app/page.tsx [Client Component Browser]
    ./src/app/page.tsx [Server Component]
    ./src/app/admin/page.tsx [Server Component]

  Client Component SSR:
    ./src/components/portals/shared/stock-batch-health.tsx [Client Component SSR]
    ./src/components/portals/warehouse/sections/stocks/stocks-view.tsx [Client Component SSR]
    ./src/components/portals/warehouse/WarehousePortal.tsx [Client Component SSR]
    ./src/app/page.tsx [Client Component SSR]
    ./src/app/page.tsx [Server Component]
    ./src/app/admin/page.tsx [Server Component] @ https://localhost:3000/_next/static/chunks/node_modules_next_dist_f3530cac._.js:3127
[ 5706782ms] [ERROR] ./src/components/portals/shared/stock-batch-health.tsx:3:8
Parsing ecmascript source code failed
  1 | import { Badge } from '@/components/ui/badge'
  2 | import {
> 3 | import { cn } from '@/lib/utils'
    |        ^
  4 | import { FILTER_SELECT_CLASS } from './filter-select'
  5 |   CRITICAL_MAX_DAYS_LEFT,
  6 |   EXPIRING_SOON_MAX_DAYS_LEFT,

Expected ',', got '{'

Import traces:
  Client Component Browser:
    ./src/components/portals/shared/stock-batch-health.tsx [Client Component Browser]
    ./src/components/portals/warehouse/sections/stocks/stocks-view.tsx [Client Component Browser]
    ./src/components/portals/warehouse/WarehousePortal.tsx [Client Component Browser]
    ./src/app/page.tsx [Client Component Browser]
    ./src/app/page.tsx [Server Component]
    ./src/app/admin/page.tsx [Server Component]

  Client Component SSR:
    ./src/components/portals/shared/stock-batch-health.tsx [Client Component SSR]
    ./src/components/portals/warehouse/sections/stocks/stocks-view.tsx [Client Component SSR]
    ./src/components/portals/warehouse/WarehousePortal.tsx [Client Component SSR]
    ./src/app/page.tsx [Client Component SSR]
    ./src/app/page.tsx [Server Component]
    ./src/app/admin/page.tsx [Server Component] @ https://localhost:3000/_next/static/chunks/node_modules_next_dist_f3530cac._.js:3127
[ 5706839ms] [ERROR] ./src/components/portals/shared/stock-batch-health.tsx:3:8
Parsing ecmascript source code failed
  1 | import { Badge } from '@/components/ui/badge'
  2 | import {
> 3 | import { cn } from '@/lib/utils'
    |        ^
  4 | import { FILTER_SELECT_CLASS } from './filter-select'
  5 |   CRITICAL_MAX_DAYS_LEFT,
  6 |   EXPIRING_SOON_MAX_DAYS_LEFT,

Expected ',', got '{'

Import traces:
  Client Component Browser:
    ./src/components/portals/shared/stock-batch-health.tsx [Client Component Browser]
    ./src/components/portals/warehouse/sections/stocks/stocks-view.tsx [Client Component Browser]
    ./src/components/portals/warehouse/WarehousePortal.tsx [Client Component Browser]
    ./src/app/page.tsx [Client Component Browser]
    ./src/app/page.tsx [Server Component]
    ./src/app/admin/page.tsx [Server Component]

  Client Component SSR:
    ./src/components/portals/shared/stock-batch-health.tsx [Client Component SSR]
    ./src/components/portals/warehouse/sections/stocks/stocks-view.tsx [Client Component SSR]
    ./src/components/portals/warehouse/WarehousePortal.tsx [Client Component SSR]
    ./src/app/page.tsx [Client Component SSR]
    ./src/app/page.tsx [Server Component]
    ./src/app/admin/page.tsx [Server Component] @ https://localhost:3000/_next/static/chunks/node_modules_next_dist_f3530cac._.js:3127
[ 5706901ms] [ERROR] ./src/components/portals/shared/stock-batch-health.tsx:3:8
Parsing ecmascript source code failed
  1 | import { Badge } from '@/components/ui/badge'
  2 | import {
> 3 | import { cn } from '@/lib/utils'
    |        ^
  4 | import { FILTER_SELECT_CLASS } from './filter-select'
  5 |   CRITICAL_MAX_DAYS_LEFT,
  6 |   EXPIRING_SOON_MAX_DAYS_LEFT,

Expected ',', got '{'

Import traces:
  Client Component Browser:
    ./src/components/portals/shared/stock-batch-health.tsx [Client Component Browser]
    ./src/components/portals/warehouse/sections/stocks/stocks-view.tsx [Client Component Browser]
    ./src/components/portals/warehouse/WarehousePortal.tsx [Client Component Browser]
    ./src/app/page.tsx [Client Component Browser]
    ./src/app/page.tsx [Server Component]
    ./src/app/admin/page.tsx [Server Component]

  Client Component SSR:
    ./src/components/portals/shared/stock-batch-health.tsx [Client Component SSR]
    ./src/components/portals/warehouse/sections/stocks/stocks-view.tsx [Client Component SSR]
    ./src/components/portals/warehouse/WarehousePortal.tsx [Client Component SSR]
    ./src/app/page.tsx [Client Component SSR]
    ./src/app/page.tsx [Server Component]
    ./src/app/admin/page.tsx [Server Component] @ https://localhost:3000/_next/static/chunks/node_modules_next_dist_f3530cac._.js:3127
[ 5706968ms] [ERROR] ./src/components/portals/shared/stock-batch-health.tsx:3:8
Parsing ecmascript source code failed
  1 | import { Badge } from '@/components/ui/badge'
  2 | import {
> 3 | import { cn } from '@/lib/utils'
    |        ^
  4 | import { FILTER_SELECT_CLASS } from './filter-select'
  5 |   CRITICAL_MAX_DAYS_LEFT,
  6 |   EXPIRING_SOON_MAX_DAYS_LEFT,

Expected ',', got '{'

Import traces:
  Client Component Browser:
    ./src/components/portals/shared/stock-batch-health.tsx [Client Component Browser]
    ./src/components/portals/warehouse/sections/stocks/stocks-view.tsx [Client Component Browser]
    ./src/components/portals/warehouse/WarehousePortal.tsx [Client Component Browser]
    ./src/app/page.tsx [Client Component Browser]
    ./src/app/page.tsx [Server Component]
    ./src/app/admin/page.tsx [Server Component]

  Client Component SSR:
    ./src/components/portals/shared/stock-batch-health.tsx [Client Component SSR]
    ./src/components/portals/warehouse/sections/stocks/stocks-view.tsx [Client Component SSR]
    ./src/components/portals/warehouse/WarehousePortal.tsx [Client Component SSR]
    ./src/app/page.tsx [Client Component SSR]
    ./src/app/page.tsx [Server Component]
    ./src/app/admin/page.tsx [Server Component] @ https://localhost:3000/_next/static/chunks/node_modules_next_dist_f3530cac._.js:3127
[ 5707031ms] [ERROR] ./src/components/portals/shared/stock-batch-health.tsx:3:8
Parsing ecmascript source code failed
  1 | import { Badge } from '@/components/ui/badge'
  2 | import {
> 3 | import { cn } from '@/lib/utils'
    |        ^
  4 | import { FILTER_SELECT_CLASS } from './filter-select'
  5 |   CRITICAL_MAX_DAYS_LEFT,
  6 |   EXPIRING_SOON_MAX_DAYS_LEFT,

Expected ',', got '{'

Import traces:
  Client Component Browser:
    ./src/components/portals/shared/stock-batch-health.tsx [Client Component Browser]
    ./src/components/portals/warehouse/sections/stocks/stocks-view.tsx [Client Component Browser]
    ./src/components/portals/warehouse/WarehousePortal.tsx [Client Component Browser]
    ./src/app/page.tsx [Client Component Browser]
    ./src/app/page.tsx [Server Component]
    ./src/app/admin/page.tsx [Server Component]

  Client Component SSR:
    ./src/components/portals/shared/stock-batch-health.tsx [Client Component SSR]
    ./src/components/portals/warehouse/sections/stocks/stocks-view.tsx [Client Component SSR]
    ./src/components/portals/warehouse/WarehousePortal.tsx [Client Component SSR]
    ./src/app/page.tsx [Client Component SSR]
    ./src/app/page.tsx [Server Component]
    ./src/app/admin/page.tsx [Server Component] @ https://localhost:3000/_next/static/chunks/node_modules_next_dist_f3530cac._.js:3127
[ 5707095ms] [ERROR] ./src/components/portals/shared/stock-batch-health.tsx:3:8
Parsing ecmascript source code failed
  1 | import { Badge } from '@/components/ui/badge'
  2 | import {
> 3 | import { cn } from '@/lib/utils'
    |        ^
  4 | import { FILTER_SELECT_CLASS } from './filter-select'
  5 |   CRITICAL_MAX_DAYS_LEFT,
  6 |   EXPIRING_SOON_MAX_DAYS_LEFT,

Expected ',', got '{'

Import traces:
  Client Component Browser:
    ./src/components/portals/shared/stock-batch-health.tsx [Client Component Browser]
    ./src/components/portals/warehouse/sections/stocks/stocks-view.tsx [Client Component Browser]
    ./src/components/portals/warehouse/WarehousePortal.tsx [Client Component Browser]
    ./src/app/page.tsx [Client Component Browser]
    ./src/app/page.tsx [Server Component]
    ./src/app/admin/page.tsx [Server Component]

  Client Component SSR:
    ./src/components/portals/shared/stock-batch-health.tsx [Client Component SSR]
    ./src/components/portals/warehouse/sections/stocks/stocks-view.tsx [Client Component SSR]
    ./src/components/portals/warehouse/WarehousePortal.tsx [Client Component SSR]
    ./src/app/page.tsx [Client Component SSR]
    ./src/app/page.tsx [Server Component]
    ./src/app/admin/page.tsx [Server Component] @ https://localhost:3000/_next/static/chunks/node_modules_next_dist_f3530cac._.js:3127
[ 5707147ms] [ERROR] ./src/components/portals/shared/stock-batch-health.tsx:3:8
Parsing ecmascript source code failed
  1 | import { Badge } from '@/components/ui/badge'
  2 | import {
> 3 | import { cn } from '@/lib/utils'
    |        ^
  4 | import { FILTER_SELECT_CLASS } from './filter-select'
  5 |   CRITICAL_MAX_DAYS_LEFT,
  6 |   EXPIRING_SOON_MAX_DAYS_LEFT,

Expected ',', got '{'

Import traces:
  Client Component Browser:
    ./src/components/portals/shared/stock-batch-health.tsx [Client Component Browser]
    ./src/components/portals/warehouse/sections/stocks/stocks-view.tsx [Client Component Browser]
    ./src/components/portals/warehouse/WarehousePortal.tsx [Client Component Browser]
    ./src/app/page.tsx [Client Component Browser]
    ./src/app/page.tsx [Server Component]
    ./src/app/admin/page.tsx [Server Component]

  Client Component SSR:
    ./src/components/portals/shared/stock-batch-health.tsx [Client Component SSR]
    ./src/components/portals/warehouse/sections/stocks/stocks-view.tsx [Client Component SSR]
    ./src/components/portals/warehouse/WarehousePortal.tsx [Client Component SSR]
    ./src/app/page.tsx [Client Component SSR]
    ./src/app/page.tsx [Server Component]
    ./src/app/admin/page.tsx [Server Component] @ https://localhost:3000/_next/static/chunks/node_modules_next_dist_f3530cac._.js:3127
[ 5707212ms] [ERROR] ./src/components/portals/shared/stock-batch-health.tsx:3:8
Parsing ecmascript source code failed
  1 | import { Badge } from '@/components/ui/badge'
  2 | import {
> 3 | import { cn } from '@/lib/utils'
    |        ^
  4 | import { FILTER_SELECT_CLASS } from './filter-select'
  5 |   CRITICAL_MAX_DAYS_LEFT,
  6 |   EXPIRING_SOON_MAX_DAYS_LEFT,

Expected ',', got '{'

Import traces:
  Client Component Browser:
    ./src/components/portals/shared/stock-batch-health.tsx [Client Component Browser]
    ./src/components/portals/warehouse/sections/stocks/stocks-view.tsx [Client Component Browser]
    ./src/components/portals/warehouse/WarehousePortal.tsx [Client Component Browser]
    ./src/app/page.tsx [Client Component Browser]
    ./src/app/page.tsx [Server Component]
    ./src/app/admin/page.tsx [Server Component]

  Client Component SSR:
    ./src/components/portals/shared/stock-batch-health.tsx [Client Component SSR]
    ./src/components/portals/warehouse/sections/stocks/stocks-view.tsx [Client Component SSR]
    ./src/components/portals/warehouse/WarehousePortal.tsx [Client Component SSR]
    ./src/app/page.tsx [Client Component SSR]
    ./src/app/page.tsx [Server Component]
    ./src/app/admin/page.tsx [Server Component] @ https://localhost:3000/_next/static/chunks/node_modules_next_dist_f3530cac._.js:3127
[ 5707265ms] [ERROR] ./src/components/portals/shared/stock-batch-health.tsx:3:8
Parsing ecmascript source code failed
  1 | import { Badge } from '@/components/ui/badge'
  2 | import {
> 3 | import { cn } from '@/lib/utils'
    |        ^
  4 | import { FILTER_SELECT_CLASS } from './filter-select'
  5 |   CRITICAL_MAX_DAYS_LEFT,
  6 |   EXPIRING_SOON_MAX_DAYS_LEFT,

Expected ',', got '{'

Import traces:
  Client Component Browser:
    ./src/components/portals/shared/stock-batch-health.tsx [Client Component Browser]
    ./src/components/portals/warehouse/sections/stocks/stocks-view.tsx [Client Component Browser]
    ./src/components/portals/warehouse/WarehousePortal.tsx [Client Component Browser]
    ./src/app/page.tsx [Client Component Browser]
    ./src/app/page.tsx [Server Component]
    ./src/app/admin/page.tsx [Server Component]

  Client Component SSR:
    ./src/components/portals/shared/stock-batch-health.tsx [Client Component SSR]
    ./src/components/portals/warehouse/sections/stocks/stocks-view.tsx [Client Component SSR]
    ./src/components/portals/warehouse/WarehousePortal.tsx [Client Component SSR]
    ./src/app/page.tsx [Client Component SSR]
    ./src/app/page.tsx [Server Component]
    ./src/app/admin/page.tsx [Server Component] @ https://localhost:3000/_next/static/chunks/node_modules_next_dist_f3530cac._.js:3127
[ 5707332ms] [ERROR] ./src/components/portals/shared/stock-batch-health.tsx:3:8
Parsing ecmascript source code failed
  1 | import { Badge } from '@/components/ui/badge'
  2 | import {
> 3 | import { cn } from '@/lib/utils'
    |        ^
  4 | import { FILTER_SELECT_CLASS } from './filter-select'
  5 |   CRITICAL_MAX_DAYS_LEFT,
  6 |   EXPIRING_SOON_MAX_DAYS_LEFT,

Expected ',', got '{'

Import traces:
  Client Component Browser:
    ./src/components/portals/shared/stock-batch-health.tsx [Client Component Browser]
    ./src/components/portals/warehouse/sections/stocks/stocks-view.tsx [Client Component Browser]
    ./src/components/portals/warehouse/WarehousePortal.tsx [Client Component Browser]
    ./src/app/page.tsx [Client Component Browser]
    ./src/app/page.tsx [Server Component]
    ./src/app/admin/page.tsx [Server Component]

  Client Component SSR:
    ./src/components/portals/shared/stock-batch-health.tsx [Client Component SSR]
    ./src/components/portals/warehouse/sections/stocks/stocks-view.tsx [Client Component SSR]
    ./src/components/portals/warehouse/WarehousePortal.tsx [Client Component SSR]
    ./src/app/page.tsx [Client Component SSR]
    ./src/app/page.tsx [Server Component]
    ./src/app/admin/page.tsx [Server Component] @ https://localhost:3000/_next/static/chunks/node_modules_next_dist_f3530cac._.js:3127
[ 5707398ms] [ERROR] ./src/components/portals/shared/stock-batch-health.tsx:3:8
Parsing ecmascript source code failed
  1 | import { Badge } from '@/components/ui/badge'
  2 | import {
> 3 | import { cn } from '@/lib/utils'
    |        ^
  4 | import { FILTER_SELECT_CLASS } from './filter-select'
  5 |   CRITICAL_MAX_DAYS_LEFT,
  6 |   EXPIRING_SOON_MAX_DAYS_LEFT,

Expected ',', got '{'

Import traces:
  Client Component Browser:
    ./src/components/portals/shared/stock-batch-health.tsx [Client Component Browser]
    ./src/components/portals/warehouse/sections/stocks/stocks-view.tsx [Client Component Browser]
    ./src/components/portals/warehouse/WarehousePortal.tsx [Client Component Browser]
    ./src/app/page.tsx [Client Component Browser]
    ./src/app/page.tsx [Server Component]
    ./src/app/admin/page.tsx [Server Component]

  Client Component SSR:
    ./src/components/portals/shared/stock-batch-health.tsx [Client Component SSR]
    ./src/components/portals/warehouse/sections/stocks/stocks-view.tsx [Client Component SSR]
    ./src/components/portals/warehouse/WarehousePortal.tsx [Client Component SSR]
    ./src/app/page.tsx [Client Component SSR]
    ./src/app/page.tsx [Server Component]
    ./src/app/admin/page.tsx [Server Component] @ https://localhost:3000/_next/static/chunks/node_modules_next_dist_f3530cac._.js:3127
[ 5707463ms] [ERROR] ./src/components/portals/shared/stock-batch-health.tsx:3:8
Parsing ecmascript source code failed
  1 | import { Badge } from '@/components/ui/badge'
  2 | import {
> 3 | import { cn } from '@/lib/utils'
    |        ^
  4 | import { FILTER_SELECT_CLASS } from './filter-select'
  5 |   CRITICAL_MAX_DAYS_LEFT,
  6 |   EXPIRING_SOON_MAX_DAYS_LEFT,

Expected ',', got '{'

Import traces:
  Client Component Browser:
    ./src/components/portals/shared/stock-batch-health.tsx [Client Component Browser]
    ./src/components/portals/warehouse/sections/stocks/stocks-view.tsx [Client Component Browser]
    ./src/components/portals/warehouse/WarehousePortal.tsx [Client Component Browser]
    ./src/app/page.tsx [Client Component Browser]
    ./src/app/page.tsx [Server Component]
    ./src/app/admin/page.tsx [Server Component]

  Client Component SSR:
    ./src/components/portals/shared/stock-batch-health.tsx [Client Component SSR]
    ./src/components/portals/warehouse/sections/stocks/stocks-view.tsx [Client Component SSR]
    ./src/components/portals/warehouse/WarehousePortal.tsx [Client Component SSR]
    ./src/app/page.tsx [Client Component SSR]
    ./src/app/page.tsx [Server Component]
    ./src/app/admin/page.tsx [Server Component] @ https://localhost:3000/_next/static/chunks/node_modules_next_dist_f3530cac._.js:3127
[ 5707518ms] [ERROR] ./src/components/portals/shared/stock-batch-health.tsx:3:8
Parsing ecmascript source code failed
  1 | import { Badge } from '@/components/ui/badge'
  2 | import {
> 3 | import { cn } from '@/lib/utils'
    |        ^
  4 | import { FILTER_SELECT_CLASS } from './filter-select'
  5 |   CRITICAL_MAX_DAYS_LEFT,
  6 |   EXPIRING_SOON_MAX_DAYS_LEFT,

Expected ',', got '{'

Import traces:
  Client Component Browser:
    ./src/components/portals/shared/stock-batch-health.tsx [Client Component Browser]
    ./src/components/portals/warehouse/sections/stocks/stocks-view.tsx [Client Component Browser]
    ./src/components/portals/warehouse/WarehousePortal.tsx [Client Component Browser]
    ./src/app/page.tsx [Client Component Browser]
    ./src/app/page.tsx [Server Component]
    ./src/app/admin/page.tsx [Server Component]

  Client Component SSR:
    ./src/components/portals/shared/stock-batch-health.tsx [Client Component SSR]
    ./src/components/portals/warehouse/sections/stocks/stocks-view.tsx [Client Component SSR]
    ./src/components/portals/warehouse/WarehousePortal.tsx [Client Component SSR]
    ./src/app/page.tsx [Client Component SSR]
    ./src/app/page.tsx [Server Component]
    ./src/app/admin/page.tsx [Server Component] @ https://localhost:3000/_next/static/chunks/node_modules_next_dist_f3530cac._.js:3127
[ 5707584ms] [ERROR] ./src/components/portals/shared/stock-batch-health.tsx:3:8
Parsing ecmascript source code failed
  1 | import { Badge } from '@/components/ui/badge'
  2 | import {
> 3 | import { cn } from '@/lib/utils'
    |        ^
  4 | import { FILTER_SELECT_CLASS } from './filter-select'
  5 |   CRITICAL_MAX_DAYS_LEFT,
  6 |   EXPIRING_SOON_MAX_DAYS_LEFT,

Expected ',', got '{'

Import traces:
  Client Component Browser:
    ./src/components/portals/shared/stock-batch-health.tsx [Client Component Browser]
    ./src/components/portals/warehouse/sections/stocks/stocks-view.tsx [Client Component Browser]
    ./src/components/portals/warehouse/WarehousePortal.tsx [Client Component Browser]
    ./src/app/page.tsx [Client Component Browser]
    ./src/app/page.tsx [Server Component]
    ./src/app/admin/page.tsx [Server Component]

  Client Component SSR:
    ./src/components/portals/shared/stock-batch-health.tsx [Client Component SSR]
    ./src/components/portals/warehouse/sections/stocks/stocks-view.tsx [Client Component SSR]
    ./src/components/portals/warehouse/WarehousePortal.tsx [Client Component SSR]
    ./src/app/page.tsx [Client Component SSR]
    ./src/app/page.tsx [Server Component]
    ./src/app/admin/page.tsx [Server Component] @ https://localhost:3000/_next/static/chunks/node_modules_next_dist_f3530cac._.js:3127
[ 5707652ms] [ERROR] ./src/components/portals/shared/stock-batch-health.tsx:3:8
Parsing ecmascript source code failed
  1 | import { Badge } from '@/components/ui/badge'
  2 | import {
> 3 | import { cn } from '@/lib/utils'
    |        ^
  4 | import { FILTER_SELECT_CLASS } from './filter-select'
  5 |   CRITICAL_MAX_DAYS_LEFT,
  6 |   EXPIRING_SOON_MAX_DAYS_LEFT,

Expected ',', got '{'

Import traces:
  Client Component Browser:
    ./src/components/portals/shared/stock-batch-health.tsx [Client Component Browser]
    ./src/components/portals/warehouse/sections/stocks/stocks-view.tsx [Client Component Browser]
    ./src/components/portals/warehouse/WarehousePortal.tsx [Client Component Browser]
    ./src/app/page.tsx [Client Component Browser]
    ./src/app/page.tsx [Server Component]
    ./src/app/admin/page.tsx [Server Component]

  Client Component SSR:
    ./src/components/portals/shared/stock-batch-health.tsx [Client Component SSR]
    ./src/components/portals/warehouse/sections/stocks/stocks-view.tsx [Client Component SSR]
    ./src/components/portals/warehouse/WarehousePortal.tsx [Client Component SSR]
    ./src/app/page.tsx [Client Component SSR]
    ./src/app/page.tsx [Server Component]
    ./src/app/admin/page.tsx [Server Component] @ https://localhost:3000/_next/static/chunks/node_modules_next_dist_f3530cac._.js:3127
[ 5707718ms] [ERROR] ./src/components/portals/shared/stock-batch-health.tsx:3:8
Parsing ecmascript source code failed
  1 | import { Badge } from '@/components/ui/badge'
  2 | import {
> 3 | import { cn } from '@/lib/utils'
    |        ^
  4 | import { FILTER_SELECT_CLASS } from './filter-select'
  5 |   CRITICAL_MAX_DAYS_LEFT,
  6 |   EXPIRING_SOON_MAX_DAYS_LEFT,

Expected ',', got '{'

Import traces:
  Client Component Browser:
    ./src/components/portals/shared/stock-batch-health.tsx [Client Component Browser]
    ./src/components/portals/warehouse/sections/stocks/stocks-view.tsx [Client Component Browser]
    ./src/components/portals/warehouse/WarehousePortal.tsx [Client Component Browser]
    ./src/app/page.tsx [Client Component Browser]
    ./src/app/page.tsx [Server Component]
    ./src/app/admin/page.tsx [Server Component]

  Client Component SSR:
    ./src/components/portals/shared/stock-batch-health.tsx [Client Component SSR]
    ./src/components/portals/warehouse/sections/stocks/stocks-view.tsx [Client Component SSR]
    ./src/components/portals/warehouse/WarehousePortal.tsx [Client Component SSR]
    ./src/app/page.tsx [Client Component SSR]
    ./src/app/page.tsx [Server Component]
    ./src/app/admin/page.tsx [Server Component] @ https://localhost:3000/_next/static/chunks/node_modules_next_dist_f3530cac._.js:3127
[ 5707784ms] [ERROR] ./src/components/portals/shared/stock-batch-health.tsx:3:8
Parsing ecmascript source code failed
  1 | import { Badge } from '@/components/ui/badge'
  2 | import {
> 3 | import { cn } from '@/lib/utils'
    |        ^
  4 | import { FILTER_SELECT_CLASS } from './filter-select'
  5 |   CRITICAL_MAX_DAYS_LEFT,
  6 |   EXPIRING_SOON_MAX_DAYS_LEFT,

Expected ',', got '{'

Import traces:
  Client Component Browser:
    ./src/components/portals/shared/stock-batch-health.tsx [Client Component Browser]
    ./src/components/portals/warehouse/sections/stocks/stocks-view.tsx [Client Component Browser]
    ./src/components/portals/warehouse/WarehousePortal.tsx [Client Component Browser]
    ./src/app/page.tsx [Client Component Browser]
    ./src/app/page.tsx [Server Component]
    ./src/app/admin/page.tsx [Server Component]

  Client Component SSR:
    ./src/components/portals/shared/stock-batch-health.tsx [Client Component SSR]
    ./src/components/portals/warehouse/sections/stocks/stocks-view.tsx [Client Component SSR]
    ./src/components/portals/warehouse/WarehousePortal.tsx [Client Component SSR]
    ./src/app/page.tsx [Client Component SSR]
    ./src/app/page.tsx [Server Component]
    ./src/app/admin/page.tsx [Server Component] @ https://localhost:3000/_next/static/chunks/node_modules_next_dist_f3530cac._.js:3127
[ 5707839ms] [ERROR] ./src/components/portals/shared/stock-batch-health.tsx:3:8
Parsing ecmascript source code failed
  1 | import { Badge } from '@/components/ui/badge'
  2 | import {
> 3 | import { cn } from '@/lib/utils'
    |        ^
  4 | import { FILTER_SELECT_CLASS } from './filter-select'
  5 |   CRITICAL_MAX_DAYS_LEFT,
  6 |   EXPIRING_SOON_MAX_DAYS_LEFT,

Expected ',', got '{'

Import traces:
  Client Component Browser:
    ./src/components/portals/shared/stock-batch-health.tsx [Client Component Browser]
    ./src/components/portals/warehouse/sections/stocks/stocks-view.tsx [Client Component Browser]
    ./src/components/portals/warehouse/WarehousePortal.tsx [Client Component Browser]
    ./src/app/page.tsx [Client Component Browser]
    ./src/app/page.tsx [Server Component]
    ./src/app/admin/page.tsx [Server Component]

  Client Component SSR:
    ./src/components/portals/shared/stock-batch-health.tsx [Client Component SSR]
    ./src/components/portals/warehouse/sections/stocks/stocks-view.tsx [Client Component SSR]
    ./src/components/portals/warehouse/WarehousePortal.tsx [Client Component SSR]
    ./src/app/page.tsx [Client Component SSR]
    ./src/app/page.tsx [Server Component]
    ./src/app/admin/page.tsx [Server Component] @ https://localhost:3000/_next/static/chunks/node_modules_next_dist_f3530cac._.js:3127
[ 5707903ms] [ERROR] ./src/components/portals/shared/stock-batch-health.tsx:3:8
Parsing ecmascript source code failed
  1 | import { Badge } from '@/components/ui/badge'
  2 | import {
> 3 | import { cn } from '@/lib/utils'
    |        ^
  4 | import { FILTER_SELECT_CLASS } from './filter-select'
  5 |   CRITICAL_MAX_DAYS_LEFT,
  6 |   EXPIRING_SOON_MAX_DAYS_LEFT,

Expected ',', got '{'

Import traces:
  Client Component Browser:
    ./src/components/portals/shared/stock-batch-health.tsx [Client Component Browser]
    ./src/components/portals/warehouse/sections/stocks/stocks-view.tsx [Client Component Browser]
    ./src/components/portals/warehouse/WarehousePortal.tsx [Client Component Browser]
    ./src/app/page.tsx [Client Component Browser]
    ./src/app/page.tsx [Server Component]
    ./src/app/admin/page.tsx [Server Component]

  Client Component SSR:
    ./src/components/portals/shared/stock-batch-health.tsx [Client Component SSR]
    ./src/components/portals/warehouse/sections/stocks/stocks-view.tsx [Client Component SSR]
    ./src/components/portals/warehouse/WarehousePortal.tsx [Client Component SSR]
    ./src/app/page.tsx [Client Component SSR]
    ./src/app/page.tsx [Server Component]
    ./src/app/admin/page.tsx [Server Component] @ https://localhost:3000/_next/static/chunks/node_modules_next_dist_f3530cac._.js:3127
[ 5707968ms] [ERROR] ./src/components/portals/shared/stock-batch-health.tsx:3:8
Parsing ecmascript source code failed
  1 | import { Badge } from '@/components/ui/badge'
  2 | import {
> 3 | import { cn } from '@/lib/utils'
    |        ^
  4 | import { FILTER_SELECT_CLASS } from './filter-select'
  5 |   CRITICAL_MAX_DAYS_LEFT,
  6 |   EXPIRING_SOON_MAX_DAYS_LEFT,

Expected ',', got '{'

Import traces:
  Client Component Browser:
    ./src/components/portals/shared/stock-batch-health.tsx [Client Component Browser]
    ./src/components/portals/warehouse/sections/stocks/stocks-view.tsx [Client Component Browser]
    ./src/components/portals/warehouse/WarehousePortal.tsx [Client Component Browser]
    ./src/app/page.tsx [Client Component Browser]
    ./src/app/page.tsx [Server Component]
    ./src/app/admin/page.tsx [Server Component]

  Client Component SSR:
    ./src/components/portals/shared/stock-batch-health.tsx [Client Component SSR]
    ./src/components/portals/warehouse/sections/stocks/stocks-view.tsx [Client Component SSR]
    ./src/components/portals/warehouse/WarehousePortal.tsx [Client Component SSR]
    ./src/app/page.tsx [Client Component SSR]
    ./src/app/page.tsx [Server Component]
    ./src/app/admin/page.tsx [Server Component] @ https://localhost:3000/_next/static/chunks/node_modules_next_dist_f3530cac._.js:3127
[ 5708033ms] [ERROR] ./src/components/portals/shared/stock-batch-health.tsx:3:8
Parsing ecmascript source code failed
  1 | import { Badge } from '@/components/ui/badge'
  2 | import {
> 3 | import { cn } from '@/lib/utils'
    |        ^
  4 | import { FILTER_SELECT_CLASS } from './filter-select'
  5 |   CRITICAL_MAX_DAYS_LEFT,
  6 |   EXPIRING_SOON_MAX_DAYS_LEFT,

Expected ',', got '{'

Import traces:
  Client Component Browser:
    ./src/components/portals/shared/stock-batch-health.tsx [Client Component Browser]
    ./src/components/portals/warehouse/sections/stocks/stocks-view.tsx [Client Component Browser]
    ./src/components/portals/warehouse/WarehousePortal.tsx [Client Component Browser]
    ./src/app/page.tsx [Client Component Browser]
    ./src/app/page.tsx [Server Component]
    ./src/app/admin/page.tsx [Server Component]

  Client Component SSR:
    ./src/components/portals/shared/stock-batch-health.tsx [Client Component SSR]
    ./src/components/portals/warehouse/sections/stocks/stocks-view.tsx [Client Component SSR]
    ./src/components/portals/warehouse/WarehousePortal.tsx [Client Component SSR]
    ./src/app/page.tsx [Client Component SSR]
    ./src/app/page.tsx [Server Component]
    ./src/app/admin/page.tsx [Server Component] @ https://localhost:3000/_next/static/chunks/node_modules_next_dist_f3530cac._.js:3127
[ 5708085ms] [ERROR] ./src/components/portals/shared/stock-batch-health.tsx:3:8
Parsing ecmascript source code failed
  1 | import { Badge } from '@/components/ui/badge'
  2 | import {
> 3 | import { cn } from '@/lib/utils'
    |        ^
  4 | import { FILTER_SELECT_CLASS } from './filter-select'
  5 |   CRITICAL_MAX_DAYS_LEFT,
  6 |   EXPIRING_SOON_MAX_DAYS_LEFT,

Expected ',', got '{'

Import traces:
  Client Component Browser:
    ./src/components/portals/shared/stock-batch-health.tsx [Client Component Browser]
    ./src/components/portals/warehouse/sections/stocks/stocks-view.tsx [Client Component Browser]
    ./src/components/portals/warehouse/WarehousePortal.tsx [Client Component Browser]
    ./src/app/page.tsx [Client Component Browser]
    ./src/app/page.tsx [Server Component]
    ./src/app/admin/page.tsx [Server Component]

  Client Component SSR:
    ./src/components/portals/shared/stock-batch-health.tsx [Client Component SSR]
    ./src/components/portals/warehouse/sections/stocks/stocks-view.tsx [Client Component SSR]
    ./src/components/portals/warehouse/WarehousePortal.tsx [Client Component SSR]
    ./src/app/page.tsx [Client Component SSR]
    ./src/app/page.tsx [Server Component]
    ./src/app/admin/page.tsx [Server Component] @ https://localhost:3000/_next/static/chunks/node_modules_next_dist_f3530cac._.js:3127
[ 5708151ms] [ERROR] ./src/components/portals/shared/stock-batch-health.tsx:3:8
Parsing ecmascript source code failed
  1 | import { Badge } from '@/components/ui/badge'
  2 | import {
> 3 | import { cn } from '@/lib/utils'
    |        ^
  4 | import { FILTER_SELECT_CLASS } from './filter-select'
  5 |   CRITICAL_MAX_DAYS_LEFT,
  6 |   EXPIRING_SOON_MAX_DAYS_LEFT,

Expected ',', got '{'

Import traces:
  Client Component Browser:
    ./src/components/portals/shared/stock-batch-health.tsx [Client Component Browser]
    ./src/components/portals/warehouse/sections/stocks/stocks-view.tsx [Client Component Browser]
    ./src/components/portals/warehouse/WarehousePortal.tsx [Client Component Browser]
    ./src/app/page.tsx [Client Component Browser]
    ./src/app/page.tsx [Server Component]
    ./src/app/admin/page.tsx [Server Component]

  Client Component SSR:
    ./src/components/portals/shared/stock-batch-health.tsx [Client Component SSR]
    ./src/components/portals/warehouse/sections/stocks/stocks-view.tsx [Client Component SSR]
    ./src/components/portals/warehouse/WarehousePortal.tsx [Client Component SSR]
    ./src/app/page.tsx [Client Component SSR]
    ./src/app/page.tsx [Server Component]
    ./src/app/admin/page.tsx [Server Component] @ https://localhost:3000/_next/static/chunks/node_modules_next_dist_f3530cac._.js:3127
[ 5708218ms] [ERROR] ./src/components/portals/shared/stock-batch-health.tsx:3:8
Parsing ecmascript source code failed
  1 | import { Badge } from '@/components/ui/badge'
  2 | import {
> 3 | import { cn } from '@/lib/utils'
    |        ^
  4 | import { FILTER_SELECT_CLASS } from './filter-select'
  5 |   CRITICAL_MAX_DAYS_LEFT,
  6 |   EXPIRING_SOON_MAX_DAYS_LEFT,

Expected ',', got '{'

Import traces:
  Client Component Browser:
    ./src/components/portals/shared/stock-batch-health.tsx [Client Component Browser]
    ./src/components/portals/warehouse/sections/stocks/stocks-view.tsx [Client Component Browser]
    ./src/components/portals/warehouse/WarehousePortal.tsx [Client Component Browser]
    ./src/app/page.tsx [Client Component Browser]
    ./src/app/page.tsx [Server Component]
    ./src/app/admin/page.tsx [Server Component]

  Client Component SSR:
    ./src/components/portals/shared/stock-batch-health.tsx [Client Component SSR]
    ./src/components/portals/warehouse/sections/stocks/stocks-view.tsx [Client Component SSR]
    ./src/components/portals/warehouse/WarehousePortal.tsx [Client Component SSR]
    ./src/app/page.tsx [Client Component SSR]
    ./src/app/page.tsx [Server Component]
    ./src/app/admin/page.tsx [Server Component] @ https://localhost:3000/_next/static/chunks/node_modules_next_dist_f3530cac._.js:3127
[ 5708266ms] [ERROR] ./src/components/portals/shared/stock-batch-health.tsx:3:8
Parsing ecmascript source code failed
  1 | import { Badge } from '@/components/ui/badge'
  2 | import {
> 3 | import { cn } from '@/lib/utils'
    |        ^
  4 | import { FILTER_SELECT_CLASS } from './filter-select'
  5 |   CRITICAL_MAX_DAYS_LEFT,
  6 |   EXPIRING_SOON_MAX_DAYS_LEFT,

Expected ',', got '{'

Import traces:
  Client Component Browser:
    ./src/components/portals/shared/stock-batch-health.tsx [Client Component Browser]
    ./src/components/portals/warehouse/sections/stocks/stocks-view.tsx [Client Component Browser]
    ./src/components/portals/warehouse/WarehousePortal.tsx [Client Component Browser]
    ./src/app/page.tsx [Client Component Browser]
    ./src/app/page.tsx [Server Component]
    ./src/app/admin/page.tsx [Server Component]

  Client Component SSR:
    ./src/components/portals/shared/stock-batch-health.tsx [Client Component SSR]
    ./src/components/portals/warehouse/sections/stocks/stocks-view.tsx [Client Component SSR]
    ./src/components/portals/warehouse/WarehousePortal.tsx [Client Component SSR]
    ./src/app/page.tsx [Client Component SSR]
    ./src/app/page.tsx [Server Component]
    ./src/app/admin/page.tsx [Server Component] @ https://localhost:3000/_next/static/chunks/node_modules_next_dist_f3530cac._.js:3127
[ 5708332ms] [ERROR] ./src/components/portals/shared/stock-batch-health.tsx:3:8
Parsing ecmascript source code failed
  1 | import { Badge } from '@/components/ui/badge'
  2 | import {
> 3 | import { cn } from '@/lib/utils'
    |        ^
  4 | import { FILTER_SELECT_CLASS } from './filter-select'
  5 |   CRITICAL_MAX_DAYS_LEFT,
  6 |   EXPIRING_SOON_MAX_DAYS_LEFT,

Expected ',', got '{'

Import traces:
  Client Component Browser:
    ./src/components/portals/shared/stock-batch-health.tsx [Client Component Browser]
    ./src/components/portals/warehouse/sections/stocks/stocks-view.tsx [Client Component Browser]
    ./src/components/portals/warehouse/WarehousePortal.tsx [Client Component Browser]
    ./src/app/page.tsx [Client Component Browser]
    ./src/app/page.tsx [Server Component]
    ./src/app/admin/page.tsx [Server Component]

  Client Component SSR:
    ./src/components/portals/shared/stock-batch-health.tsx [Client Component SSR]
    ./src/components/portals/warehouse/sections/stocks/stocks-view.tsx [Client Component SSR]
    ./src/components/portals/warehouse/WarehousePortal.tsx [Client Component SSR]
    ./src/app/page.tsx [Client Component SSR]
    ./src/app/page.tsx [Server Component]
    ./src/app/admin/page.tsx [Server Component] @ https://localhost:3000/_next/static/chunks/node_modules_next_dist_f3530cac._.js:3127
[ 5708384ms] [ERROR] ./src/components/portals/shared/stock-batch-health.tsx:3:8
Parsing ecmascript source code failed
  1 | import { Badge } from '@/components/ui/badge'
  2 | import {
> 3 | import { cn } from '@/lib/utils'
    |        ^
  4 | import { FILTER_SELECT_CLASS } from './filter-select'
  5 |   CRITICAL_MAX_DAYS_LEFT,
  6 |   EXPIRING_SOON_MAX_DAYS_LEFT,

Expected ',', got '{'

Import traces:
  Client Component Browser:
    ./src/components/portals/shared/stock-batch-health.tsx [Client Component Browser]
    ./src/components/portals/warehouse/sections/stocks/stocks-view.tsx [Client Component Browser]
    ./src/components/portals/warehouse/WarehousePortal.tsx [Client Component Browser]
    ./src/app/page.tsx [Client Component Browser]
    ./src/app/page.tsx [Server Component]
    ./src/app/admin/page.tsx [Server Component]

  Client Component SSR:
    ./src/components/portals/shared/stock-batch-health.tsx [Client Component SSR]
    ./src/components/portals/warehouse/sections/stocks/stocks-view.tsx [Client Component SSR]
    ./src/components/portals/warehouse/WarehousePortal.tsx [Client Component SSR]
    ./src/app/page.tsx [Client Component SSR]
    ./src/app/page.tsx [Server Component]
    ./src/app/admin/page.tsx [Server Component] @ https://localhost:3000/_next/static/chunks/node_modules_next_dist_f3530cac._.js:3127
[ 5708439ms] [ERROR] ./src/components/portals/shared/stock-batch-health.tsx:3:8
Parsing ecmascript source code failed
  1 | import { Badge } from '@/components/ui/badge'
  2 | import {
> 3 | import { cn } from '@/lib/utils'
    |        ^
  4 | import { FILTER_SELECT_CLASS } from './filter-select'
  5 |   CRITICAL_MAX_DAYS_LEFT,
  6 |   EXPIRING_SOON_MAX_DAYS_LEFT,

Expected ',', got '{'

Import traces:
  Client Component Browser:
    ./src/components/portals/shared/stock-batch-health.tsx [Client Component Browser]
    ./src/components/portals/warehouse/sections/stocks/stocks-view.tsx [Client Component Browser]
    ./src/components/portals/warehouse/WarehousePortal.tsx [Client Component Browser]
    ./src/app/page.tsx [Client Component Browser]
    ./src/app/page.tsx [Server Component]
    ./src/app/admin/page.tsx [Server Component]

  Client Component SSR:
    ./src/components/portals/shared/stock-batch-health.tsx [Client Component SSR]
    ./src/components/portals/warehouse/sections/stocks/stocks-view.tsx [Client Component SSR]
    ./src/components/portals/warehouse/WarehousePortal.tsx [Client Component SSR]
    ./src/app/page.tsx [Client Component SSR]
    ./src/app/page.tsx [Server Component]
    ./src/app/admin/page.tsx [Server Component] @ https://localhost:3000/_next/static/chunks/node_modules_next_dist_f3530cac._.js:3127
[ 5708500ms] [ERROR] ./src/components/portals/shared/stock-batch-health.tsx:3:8
Parsing ecmascript source code failed
  1 | import { Badge } from '@/components/ui/badge'
  2 | import {
> 3 | import { cn } from '@/lib/utils'
    |        ^
  4 | import { FILTER_SELECT_CLASS } from './filter-select'
  5 |   CRITICAL_MAX_DAYS_LEFT,
  6 |   EXPIRING_SOON_MAX_DAYS_LEFT,

Expected ',', got '{'

Import traces:
  Client Component Browser:
    ./src/components/portals/shared/stock-batch-health.tsx [Client Component Browser]
    ./src/components/portals/warehouse/sections/stocks/stocks-view.tsx [Client Component Browser]
    ./src/components/portals/warehouse/WarehousePortal.tsx [Client Component Browser]
    ./src/app/page.tsx [Client Component Browser]
    ./src/app/page.tsx [Server Component]
    ./src/app/admin/page.tsx [Server Component]

  Client Component SSR:
    ./src/components/portals/shared/stock-batch-health.tsx [Client Component SSR]
    ./src/components/portals/warehouse/sections/stocks/stocks-view.tsx [Client Component SSR]
    ./src/components/portals/warehouse/WarehousePortal.tsx [Client Component SSR]
    ./src/app/page.tsx [Client Component SSR]
    ./src/app/page.tsx [Server Component]
    ./src/app/admin/page.tsx [Server Component] @ https://localhost:3000/_next/static/chunks/node_modules_next_dist_f3530cac._.js:3127
[ 5708571ms] [ERROR] ./src/components/portals/shared/stock-batch-health.tsx:3:8
Parsing ecmascript source code failed
  1 | import { Badge } from '@/components/ui/badge'
  2 | import {
> 3 | import { cn } from '@/lib/utils'
    |        ^
  4 | import { FILTER_SELECT_CLASS } from './filter-select'
  5 |   CRITICAL_MAX_DAYS_LEFT,
  6 |   EXPIRING_SOON_MAX_DAYS_LEFT,

Expected ',', got '{'

Import traces:
  Client Component Browser:
    ./src/components/portals/shared/stock-batch-health.tsx [Client Component Browser]
    ./src/components/portals/warehouse/sections/stocks/stocks-view.tsx [Client Component Browser]
    ./src/components/portals/warehouse/WarehousePortal.tsx [Client Component Browser]
    ./src/app/page.tsx [Client Component Browser]
    ./src/app/page.tsx [Server Component]
    ./src/app/admin/page.tsx [Server Component]

  Client Component SSR:
    ./src/components/portals/shared/stock-batch-health.tsx [Client Component SSR]
    ./src/components/portals/warehouse/sections/stocks/stocks-view.tsx [Client Component SSR]
    ./src/components/portals/warehouse/WarehousePortal.tsx [Client Component SSR]
    ./src/app/page.tsx [Client Component SSR]
    ./src/app/page.tsx [Server Component]
    ./src/app/admin/page.tsx [Server Component] @ https://localhost:3000/_next/static/chunks/node_modules_next_dist_f3530cac._.js:3127
[ 5708634ms] [ERROR] ./src/components/portals/shared/stock-batch-health.tsx:3:8
Parsing ecmascript source code failed
  1 | import { Badge } from '@/components/ui/badge'
  2 | import {
> 3 | import { cn } from '@/lib/utils'
    |        ^
  4 | import { FILTER_SELECT_CLASS } from './filter-select'
  5 |   CRITICAL_MAX_DAYS_LEFT,
  6 |   EXPIRING_SOON_MAX_DAYS_LEFT,

Expected ',', got '{'

Import traces:
  Client Component Browser:
    ./src/components/portals/shared/stock-batch-health.tsx [Client Component Browser]
    ./src/components/portals/warehouse/sections/stocks/stocks-view.tsx [Client Component Browser]
    ./src/components/portals/warehouse/WarehousePortal.tsx [Client Component Browser]
    ./src/app/page.tsx [Client Component Browser]
    ./src/app/page.tsx [Server Component]
    ./src/app/admin/page.tsx [Server Component]

  Client Component SSR:
    ./src/components/portals/shared/stock-batch-health.tsx [Client Component SSR]
    ./src/components/portals/warehouse/sections/stocks/stocks-view.tsx [Client Component SSR]
    ./src/components/portals/warehouse/WarehousePortal.tsx [Client Component SSR]
    ./src/app/page.tsx [Client Component SSR]
    ./src/app/page.tsx [Server Component]
    ./src/app/admin/page.tsx [Server Component] @ https://localhost:3000/_next/static/chunks/node_modules_next_dist_f3530cac._.js:3127
[ 5708701ms] [ERROR] ./src/components/portals/shared/stock-batch-health.tsx:3:8
Parsing ecmascript source code failed
  1 | import { Badge } from '@/components/ui/badge'
  2 | import {
> 3 | import { cn } from '@/lib/utils'
    |        ^
  4 | import { FILTER_SELECT_CLASS } from './filter-select'
  5 |   CRITICAL_MAX_DAYS_LEFT,
  6 |   EXPIRING_SOON_MAX_DAYS_LEFT,

Expected ',', got '{'

Import traces:
  Client Component Browser:
    ./src/components/portals/shared/stock-batch-health.tsx [Client Component Browser]
    ./src/components/portals/warehouse/sections/stocks/stocks-view.tsx [Client Component Browser]
    ./src/components/portals/warehouse/WarehousePortal.tsx [Client Component Browser]
    ./src/app/page.tsx [Client Component Browser]
    ./src/app/page.tsx [Server Component]
    ./src/app/admin/page.tsx [Server Component]

  Client Component SSR:
    ./src/components/portals/shared/stock-batch-health.tsx [Client Component SSR]
    ./src/components/portals/warehouse/sections/stocks/stocks-view.tsx [Client Component SSR]
    ./src/components/portals/warehouse/WarehousePortal.tsx [Client Component SSR]
    ./src/app/page.tsx [Client Component SSR]
    ./src/app/page.tsx [Server Component]
    ./src/app/admin/page.tsx [Server Component] @ https://localhost:3000/_next/static/chunks/node_modules_next_dist_f3530cac._.js:3127
[ 5708766ms] [ERROR] ./src/components/portals/shared/stock-batch-health.tsx:3:8
Parsing ecmascript source code failed
  1 | import { Badge } from '@/components/ui/badge'
  2 | import {
> 3 | import { cn } from '@/lib/utils'
    |        ^
  4 | import { FILTER_SELECT_CLASS } from './filter-select'
  5 |   CRITICAL_MAX_DAYS_LEFT,
  6 |   EXPIRING_SOON_MAX_DAYS_LEFT,

Expected ',', got '{'

Import traces:
  Client Component Browser:
    ./src/components/portals/shared/stock-batch-health.tsx [Client Component Browser]
    ./src/components/portals/warehouse/sections/stocks/stocks-view.tsx [Client Component Browser]
    ./src/components/portals/warehouse/WarehousePortal.tsx [Client Component Browser]
    ./src/app/page.tsx [Client Component Browser]
    ./src/app/page.tsx [Server Component]
    ./src/app/admin/page.tsx [Server Component]

  Client Component SSR:
    ./src/components/portals/shared/stock-batch-health.tsx [Client Component SSR]
    ./src/components/portals/warehouse/sections/stocks/stocks-view.tsx [Client Component SSR]
    ./src/components/portals/warehouse/WarehousePortal.tsx [Client Component SSR]
    ./src/app/page.tsx [Client Component SSR]
    ./src/app/page.tsx [Server Component]
    ./src/app/admin/page.tsx [Server Component] @ https://localhost:3000/_next/static/chunks/node_modules_next_dist_f3530cac._.js:3127
[ 5708818ms] [ERROR] ./src/components/portals/shared/stock-batch-health.tsx:3:8
Parsing ecmascript source code failed
  1 | import { Badge } from '@/components/ui/badge'
  2 | import {
> 3 | import { cn } from '@/lib/utils'
    |        ^
  4 | import { FILTER_SELECT_CLASS } from './filter-select'
  5 |   CRITICAL_MAX_DAYS_LEFT,
  6 |   EXPIRING_SOON_MAX_DAYS_LEFT,

Expected ',', got '{'

Import traces:
  Client Component Browser:
    ./src/components/portals/shared/stock-batch-health.tsx [Client Component Browser]
    ./src/components/portals/warehouse/sections/stocks/stocks-view.tsx [Client Component Browser]
    ./src/components/portals/warehouse/WarehousePortal.tsx [Client Component Browser]
    ./src/app/page.tsx [Client Component Browser]
    ./src/app/page.tsx [Server Component]
    ./src/app/admin/page.tsx [Server Component]

  Client Component SSR:
    ./src/components/portals/shared/stock-batch-health.tsx [Client Component SSR]
    ./src/components/portals/warehouse/sections/stocks/stocks-view.tsx [Client Component SSR]
    ./src/components/portals/warehouse/WarehousePortal.tsx [Client Component SSR]
    ./src/app/page.tsx [Client Component SSR]
    ./src/app/page.tsx [Server Component]
    ./src/app/admin/page.tsx [Server Component] @ https://localhost:3000/_next/static/chunks/node_modules_next_dist_f3530cac._.js:3127
[ 5708882ms] [ERROR] ./src/components/portals/shared/stock-batch-health.tsx:3:8
Parsing ecmascript source code failed
  1 | import { Badge } from '@/components/ui/badge'
  2 | import {
> 3 | import { cn } from '@/lib/utils'
    |        ^
  4 | import { FILTER_SELECT_CLASS } from './filter-select'
  5 |   CRITICAL_MAX_DAYS_LEFT,
  6 |   EXPIRING_SOON_MAX_DAYS_LEFT,

Expected ',', got '{'

Import traces:
  Client Component Browser:
    ./src/components/portals/shared/stock-batch-health.tsx [Client Component Browser]
    ./src/components/portals/warehouse/sections/stocks/stocks-view.tsx [Client Component Browser]
    ./src/components/portals/warehouse/WarehousePortal.tsx [Client Component Browser]
    ./src/app/page.tsx [Client Component Browser]
    ./src/app/page.tsx [Server Component]
    ./src/app/admin/page.tsx [Server Component]

  Client Component SSR:
    ./src/components/portals/shared/stock-batch-health.tsx [Client Component SSR]
    ./src/components/portals/warehouse/sections/stocks/stocks-view.tsx [Client Component SSR]
    ./src/components/portals/warehouse/WarehousePortal.tsx [Client Component SSR]
    ./src/app/page.tsx [Client Component SSR]
    ./src/app/page.tsx [Server Component]
    ./src/app/admin/page.tsx [Server Component] @ https://localhost:3000/_next/static/chunks/node_modules_next_dist_f3530cac._.js:3127
[ 5708951ms] [ERROR] ./src/components/portals/shared/stock-batch-health.tsx:3:8
Parsing ecmascript source code failed
  1 | import { Badge } from '@/components/ui/badge'
  2 | import {
> 3 | import { cn } from '@/lib/utils'
    |        ^
  4 | import { FILTER_SELECT_CLASS } from './filter-select'
  5 |   CRITICAL_MAX_DAYS_LEFT,
  6 |   EXPIRING_SOON_MAX_DAYS_LEFT,

Expected ',', got '{'

Import traces:
  Client Component Browser:
    ./src/components/portals/shared/stock-batch-health.tsx [Client Component Browser]
    ./src/components/portals/warehouse/sections/stocks/stocks-view.tsx [Client Component Browser]
    ./src/components/portals/warehouse/WarehousePortal.tsx [Client Component Browser]
    ./src/app/page.tsx [Client Component Browser]
    ./src/app/page.tsx [Server Component]
    ./src/app/admin/page.tsx [Server Component]

  Client Component SSR:
    ./src/components/portals/shared/stock-batch-health.tsx [Client Component SSR]
    ./src/components/portals/warehouse/sections/stocks/stocks-view.tsx [Client Component SSR]
    ./src/components/portals/warehouse/WarehousePortal.tsx [Client Component SSR]
    ./src/app/page.tsx [Client Component SSR]
    ./src/app/page.tsx [Server Component]
    ./src/app/admin/page.tsx [Server Component] @ https://localhost:3000/_next/static/chunks/node_modules_next_dist_f3530cac._.js:3127
[ 5709014ms] [ERROR] ./src/components/portals/shared/stock-batch-health.tsx:3:8
Parsing ecmascript source code failed
  1 | import { Badge } from '@/components/ui/badge'
  2 | import {
> 3 | import { cn } from '@/lib/utils'
    |        ^
  4 | import { FILTER_SELECT_CLASS } from './filter-select'
  5 |   CRITICAL_MAX_DAYS_LEFT,
  6 |   EXPIRING_SOON_MAX_DAYS_LEFT,

Expected ',', got '{'

Import traces:
  Client Component Browser:
    ./src/components/portals/shared/stock-batch-health.tsx [Client Component Browser]
    ./src/components/portals/warehouse/sections/stocks/stocks-view.tsx [Client Component Browser]
    ./src/components/portals/warehouse/WarehousePortal.tsx [Client Component Browser]
    ./src/app/page.tsx [Client Component Browser]
    ./src/app/page.tsx [Server Component]
    ./src/app/admin/page.tsx [Server Component]

  Client Component SSR:
    ./src/components/portals/shared/stock-batch-health.tsx [Client Component SSR]
    ./src/components/portals/warehouse/sections/stocks/stocks-view.tsx [Client Component SSR]
    ./src/components/portals/warehouse/WarehousePortal.tsx [Client Component SSR]
    ./src/app/page.tsx [Client Component SSR]
    ./src/app/page.tsx [Server Component]
    ./src/app/admin/page.tsx [Server Component] @ https://localhost:3000/_next/static/chunks/node_modules_next_dist_f3530cac._.js:3127
[ 5709077ms] [ERROR] ./src/components/portals/shared/stock-batch-health.tsx:3:8
Parsing ecmascript source code failed
  1 | import { Badge } from '@/components/ui/badge'
  2 | import {
> 3 | import { cn } from '@/lib/utils'
    |        ^
  4 | import { FILTER_SELECT_CLASS } from './filter-select'
  5 |   CRITICAL_MAX_DAYS_LEFT,
  6 |   EXPIRING_SOON_MAX_DAYS_LEFT,

Expected ',', got '{'

Import traces:
  Client Component Browser:
    ./src/components/portals/shared/stock-batch-health.tsx [Client Component Browser]
    ./src/components/portals/warehouse/sections/stocks/stocks-view.tsx [Client Component Browser]
    ./src/components/portals/warehouse/WarehousePortal.tsx [Client Component Browser]
    ./src/app/page.tsx [Client Component Browser]
    ./src/app/page.tsx [Server Component]
    ./src/app/admin/page.tsx [Server Component]

  Client Component SSR:
    ./src/components/portals/shared/stock-batch-health.tsx [Client Component SSR]
    ./src/components/portals/warehouse/sections/stocks/stocks-view.tsx [Client Component SSR]
    ./src/components/portals/warehouse/WarehousePortal.tsx [Client Component SSR]
    ./src/app/page.tsx [Client Component SSR]
    ./src/app/page.tsx [Server Component]
    ./src/app/admin/page.tsx [Server Component] @ https://localhost:3000/_next/static/chunks/node_modules_next_dist_f3530cac._.js:3127
[ 5709141ms] [ERROR] ./src/components/portals/shared/stock-batch-health.tsx:3:8
Parsing ecmascript source code failed
  1 | import { Badge } from '@/components/ui/badge'
  2 | import {
> 3 | import { cn } from '@/lib/utils'
    |        ^
  4 | import { FILTER_SELECT_CLASS } from './filter-select'
  5 |   CRITICAL_MAX_DAYS_LEFT,
  6 |   EXPIRING_SOON_MAX_DAYS_LEFT,

Expected ',', got '{'

Import traces:
  Client Component Browser:
    ./src/components/portals/shared/stock-batch-health.tsx [Client Component Browser]
    ./src/components/portals/warehouse/sections/stocks/stocks-view.tsx [Client Component Browser]
    ./src/components/portals/warehouse/WarehousePortal.tsx [Client Component Browser]
    ./src/app/page.tsx [Client Component Browser]
    ./src/app/page.tsx [Server Component]
    ./src/app/admin/page.tsx [Server Component]

  Client Component SSR:
    ./src/components/portals/shared/stock-batch-health.tsx [Client Component SSR]
    ./src/components/portals/warehouse/sections/stocks/stocks-view.tsx [Client Component SSR]
    ./src/components/portals/warehouse/WarehousePortal.tsx [Client Component SSR]
    ./src/app/page.tsx [Client Component SSR]
    ./src/app/page.tsx [Server Component]
    ./src/app/admin/page.tsx [Server Component] @ https://localhost:3000/_next/static/chunks/node_modules_next_dist_f3530cac._.js:3127
[ 5709200ms] [ERROR] ./src/components/portals/shared/stock-batch-health.tsx:3:8
Parsing ecmascript source code failed
  1 | import { Badge } from '@/components/ui/badge'
  2 | import {
> 3 | import { cn } from '@/lib/utils'
    |        ^
  4 | import { FILTER_SELECT_CLASS } from './filter-select'
  5 |   CRITICAL_MAX_DAYS_LEFT,
  6 |   EXPIRING_SOON_MAX_DAYS_LEFT,

Expected ',', got '{'

Import traces:
  Client Component Browser:
    ./src/components/portals/shared/stock-batch-health.tsx [Client Component Browser]
    ./src/components/portals/warehouse/sections/stocks/stocks-view.tsx [Client Component Browser]
    ./src/components/portals/warehouse/WarehousePortal.tsx [Client Component Browser]
    ./src/app/page.tsx [Client Component Browser]
    ./src/app/page.tsx [Server Component]
    ./src/app/admin/page.tsx [Server Component]

  Client Component SSR:
    ./src/components/portals/shared/stock-batch-health.tsx [Client Component SSR]
    ./src/components/portals/warehouse/sections/stocks/stocks-view.tsx [Client Component SSR]
    ./src/components/portals/warehouse/WarehousePortal.tsx [Client Component SSR]
    ./src/app/page.tsx [Client Component SSR]
    ./src/app/page.tsx [Server Component]
    ./src/app/admin/page.tsx [Server Component] @ https://localhost:3000/_next/static/chunks/node_modules_next_dist_f3530cac._.js:3127
[ 5709265ms] [ERROR] ./src/components/portals/shared/stock-batch-health.tsx:3:8
Parsing ecmascript source code failed
  1 | import { Badge } from '@/components/ui/badge'
  2 | import {
> 3 | import { cn } from '@/lib/utils'
    |        ^
  4 | import { FILTER_SELECT_CLASS } from './filter-select'
  5 |   CRITICAL_MAX_DAYS_LEFT,
  6 |   EXPIRING_SOON_MAX_DAYS_LEFT,

Expected ',', got '{'

Import traces:
  Client Component Browser:
    ./src/components/portals/shared/stock-batch-health.tsx [Client Component Browser]
    ./src/components/portals/warehouse/sections/stocks/stocks-view.tsx [Client Component Browser]
    ./src/components/portals/warehouse/WarehousePortal.tsx [Client Component Browser]
    ./src/app/page.tsx [Client Component Browser]
    ./src/app/page.tsx [Server Component]
    ./src/app/admin/page.tsx [Server Component]

  Client Component SSR:
    ./src/components/portals/shared/stock-batch-health.tsx [Client Component SSR]
    ./src/components/portals/warehouse/sections/stocks/stocks-view.tsx [Client Component SSR]
    ./src/components/portals/warehouse/WarehousePortal.tsx [Client Component SSR]
    ./src/app/page.tsx [Client Component SSR]
    ./src/app/page.tsx [Server Component]
    ./src/app/admin/page.tsx [Server Component] @ https://localhost:3000/_next/static/chunks/node_modules_next_dist_f3530cac._.js:3127
[ 5709334ms] [ERROR] ./src/components/portals/shared/stock-batch-health.tsx:3:8
Parsing ecmascript source code failed
  1 | import { Badge } from '@/components/ui/badge'
  2 | import {
> 3 | import { cn } from '@/lib/utils'
    |        ^
  4 | import { FILTER_SELECT_CLASS } from './filter-select'
  5 |   CRITICAL_MAX_DAYS_LEFT,
  6 |   EXPIRING_SOON_MAX_DAYS_LEFT,

Expected ',', got '{'

Import traces:
  Client Component Browser:
    ./src/components/portals/shared/stock-batch-health.tsx [Client Component Browser]
    ./src/components/portals/warehouse/sections/stocks/stocks-view.tsx [Client Component Browser]
    ./src/components/portals/warehouse/WarehousePortal.tsx [Client Component Browser]
    ./src/app/page.tsx [Client Component Browser]
    ./src/app/page.tsx [Server Component]
    ./src/app/admin/page.tsx [Server Component]

  Client Component SSR:
    ./src/components/portals/shared/stock-batch-health.tsx [Client Component SSR]
    ./src/components/portals/warehouse/sections/stocks/stocks-view.tsx [Client Component SSR]
    ./src/components/portals/warehouse/WarehousePortal.tsx [Client Component SSR]
    ./src/app/page.tsx [Client Component SSR]
    ./src/app/page.tsx [Server Component]
    ./src/app/admin/page.tsx [Server Component] @ https://localhost:3000/_next/static/chunks/node_modules_next_dist_f3530cac._.js:3127
[ 5709397ms] [ERROR] ./src/components/portals/shared/stock-batch-health.tsx:3:8
Parsing ecmascript source code failed
  1 | import { Badge } from '@/components/ui/badge'
  2 | import {
> 3 | import { cn } from '@/lib/utils'
    |        ^
  4 | import { FILTER_SELECT_CLASS } from './filter-select'
  5 |   CRITICAL_MAX_DAYS_LEFT,
  6 |   EXPIRING_SOON_MAX_DAYS_LEFT,

Expected ',', got '{'

Import traces:
  Client Component Browser:
    ./src/components/portals/shared/stock-batch-health.tsx [Client Component Browser]
    ./src/components/portals/warehouse/sections/stocks/stocks-view.tsx [Client Component Browser]
    ./src/components/portals/warehouse/WarehousePortal.tsx [Client Component Browser]
    ./src/app/page.tsx [Client Component Browser]
    ./src/app/page.tsx [Server Component]
    ./src/app/admin/page.tsx [Server Component]

  Client Component SSR:
    ./src/components/portals/shared/stock-batch-health.tsx [Client Component SSR]
    ./src/components/portals/warehouse/sections/stocks/stocks-view.tsx [Client Component SSR]
    ./src/components/portals/warehouse/WarehousePortal.tsx [Client Component SSR]
    ./src/app/page.tsx [Client Component SSR]
    ./src/app/page.tsx [Server Component]
    ./src/app/admin/page.tsx [Server Component] @ https://localhost:3000/_next/static/chunks/node_modules_next_dist_f3530cac._.js:3127
[ 5709465ms] [ERROR] ./src/components/portals/shared/stock-batch-health.tsx:3:8
Parsing ecmascript source code failed
  1 | import { Badge } from '@/components/ui/badge'
  2 | import {
> 3 | import { cn } from '@/lib/utils'
    |        ^
  4 | import { FILTER_SELECT_CLASS } from './filter-select'
  5 |   CRITICAL_MAX_DAYS_LEFT,
  6 |   EXPIRING_SOON_MAX_DAYS_LEFT,

Expected ',', got '{'

Import traces:
  Client Component Browser:
    ./src/components/portals/shared/stock-batch-health.tsx [Client Component Browser]
    ./src/components/portals/warehouse/sections/stocks/stocks-view.tsx [Client Component Browser]
    ./src/components/portals/warehouse/WarehousePortal.tsx [Client Component Browser]
    ./src/app/page.tsx [Client Component Browser]
    ./src/app/page.tsx [Server Component]
    ./src/app/admin/page.tsx [Server Component]

  Client Component SSR:
    ./src/components/portals/shared/stock-batch-health.tsx [Client Component SSR]
    ./src/components/portals/warehouse/sections/stocks/stocks-view.tsx [Client Component SSR]
    ./src/components/portals/warehouse/WarehousePortal.tsx [Client Component SSR]
    ./src/app/page.tsx [Client Component SSR]
    ./src/app/page.tsx [Server Component]
    ./src/app/admin/page.tsx [Server Component] @ https://localhost:3000/_next/static/chunks/node_modules_next_dist_f3530cac._.js:3127
[ 5709532ms] [ERROR] ./src/components/portals/shared/stock-batch-health.tsx:3:8
Parsing ecmascript source code failed
  1 | import { Badge } from '@/components/ui/badge'
  2 | import {
> 3 | import { cn } from '@/lib/utils'
    |        ^
  4 | import { FILTER_SELECT_CLASS } from './filter-select'
  5 |   CRITICAL_MAX_DAYS_LEFT,
  6 |   EXPIRING_SOON_MAX_DAYS_LEFT,

Expected ',', got '{'

Import traces:
  Client Component Browser:
    ./src/components/portals/shared/stock-batch-health.tsx [Client Component Browser]
    ./src/components/portals/warehouse/sections/stocks/stocks-view.tsx [Client Component Browser]
    ./src/components/portals/warehouse/WarehousePortal.tsx [Client Component Browser]
    ./src/app/page.tsx [Client Component Browser]
    ./src/app/page.tsx [Server Component]
    ./src/app/admin/page.tsx [Server Component]

  Client Component SSR:
    ./src/components/portals/shared/stock-batch-health.tsx [Client Component SSR]
    ./src/components/portals/warehouse/sections/stocks/stocks-view.tsx [Client Component SSR]
    ./src/components/portals/warehouse/WarehousePortal.tsx [Client Component SSR]
    ./src/app/page.tsx [Client Component SSR]
    ./src/app/page.tsx [Server Component]
    ./src/app/admin/page.tsx [Server Component] @ https://localhost:3000/_next/static/chunks/node_modules_next_dist_f3530cac._.js:3127
[ 5709586ms] [ERROR] ./src/components/portals/shared/stock-batch-health.tsx:3:8
Parsing ecmascript source code failed
  1 | import { Badge } from '@/components/ui/badge'
  2 | import {
> 3 | import { cn } from '@/lib/utils'
    |        ^
  4 | import { FILTER_SELECT_CLASS } from './filter-select'
  5 |   CRITICAL_MAX_DAYS_LEFT,
  6 |   EXPIRING_SOON_MAX_DAYS_LEFT,

Expected ',', got '{'

Import traces:
  Client Component Browser:
    ./src/components/portals/shared/stock-batch-health.tsx [Client Component Browser]
    ./src/components/portals/warehouse/sections/stocks/stocks-view.tsx [Client Component Browser]
    ./src/components/portals/warehouse/WarehousePortal.tsx [Client Component Browser]
    ./src/app/page.tsx [Client Component Browser]
    ./src/app/page.tsx [Server Component]
    ./src/app/admin/page.tsx [Server Component]

  Client Component SSR:
    ./src/components/portals/shared/stock-batch-health.tsx [Client Component SSR]
    ./src/components/portals/warehouse/sections/stocks/stocks-view.tsx [Client Component SSR]
    ./src/components/portals/warehouse/WarehousePortal.tsx [Client Component SSR]
    ./src/app/page.tsx [Client Component SSR]
    ./src/app/page.tsx [Server Component]
    ./src/app/admin/page.tsx [Server Component] @ https://localhost:3000/_next/static/chunks/node_modules_next_dist_f3530cac._.js:3127
[ 5709652ms] [ERROR] ./src/components/portals/shared/stock-batch-health.tsx:3:8
Parsing ecmascript source code failed
  1 | import { Badge } from '@/components/ui/badge'
  2 | import {
> 3 | import { cn } from '@/lib/utils'
    |        ^
  4 | import { FILTER_SELECT_CLASS } from './filter-select'
  5 |   CRITICAL_MAX_DAYS_LEFT,
  6 |   EXPIRING_SOON_MAX_DAYS_LEFT,

Expected ',', got '{'

Import traces:
  Client Component Browser:
    ./src/components/portals/shared/stock-batch-health.tsx [Client Component Browser]
    ./src/components/portals/warehouse/sections/stocks/stocks-view.tsx [Client Component Browser]
    ./src/components/portals/warehouse/WarehousePortal.tsx [Client Component Browser]
    ./src/app/page.tsx [Client Component Browser]
    ./src/app/page.tsx [Server Component]
    ./src/app/admin/page.tsx [Server Component]

  Client Component SSR:
    ./src/components/portals/shared/stock-batch-health.tsx [Client Component SSR]
    ./src/components/portals/warehouse/sections/stocks/stocks-view.tsx [Client Component SSR]
    ./src/components/portals/warehouse/WarehousePortal.tsx [Client Component SSR]
    ./src/app/page.tsx [Client Component SSR]
    ./src/app/page.tsx [Server Component]
    ./src/app/admin/page.tsx [Server Component] @ https://localhost:3000/_next/static/chunks/node_modules_next_dist_f3530cac._.js:3127
[ 5709718ms] [ERROR] ./src/components/portals/shared/stock-batch-health.tsx:3:8
Parsing ecmascript source code failed
  1 | import { Badge } from '@/components/ui/badge'
  2 | import {
> 3 | import { cn } from '@/lib/utils'
    |        ^
  4 | import { FILTER_SELECT_CLASS } from './filter-select'
  5 |   CRITICAL_MAX_DAYS_LEFT,
  6 |   EXPIRING_SOON_MAX_DAYS_LEFT,

Expected ',', got '{'

Import traces:
  Client Component Browser:
    ./src/components/portals/shared/stock-batch-health.tsx [Client Component Browser]
    ./src/components/portals/warehouse/sections/stocks/stocks-view.tsx [Client Component Browser]
    ./src/components/portals/warehouse/WarehousePortal.tsx [Client Component Browser]
    ./src/app/page.tsx [Client Component Browser]
    ./src/app/page.tsx [Server Component]
    ./src/app/admin/page.tsx [Server Component]

  Client Component SSR:
    ./src/components/portals/shared/stock-batch-health.tsx [Client Component SSR]
    ./src/components/portals/warehouse/sections/stocks/stocks-view.tsx [Client Component SSR]
    ./src/components/portals/warehouse/WarehousePortal.tsx [Client Component SSR]
    ./src/app/page.tsx [Client Component SSR]
    ./src/app/page.tsx [Server Component]
    ./src/app/admin/page.tsx [Server Component] @ https://localhost:3000/_next/static/chunks/node_modules_next_dist_f3530cac._.js:3127
[ 5709783ms] [ERROR] ./src/components/portals/shared/stock-batch-health.tsx:3:8
Parsing ecmascript source code failed
  1 | import { Badge } from '@/components/ui/badge'
  2 | import {
> 3 | import { cn } from '@/lib/utils'
    |        ^
  4 | import { FILTER_SELECT_CLASS } from './filter-select'
  5 |   CRITICAL_MAX_DAYS_LEFT,
  6 |   EXPIRING_SOON_MAX_DAYS_LEFT,

Expected ',', got '{'

Import traces:
  Client Component Browser:
    ./src/components/portals/shared/stock-batch-health.tsx [Client Component Browser]
    ./src/components/portals/warehouse/sections/stocks/stocks-view.tsx [Client Component Browser]
    ./src/components/portals/warehouse/WarehousePortal.tsx [Client Component Browser]
    ./src/app/page.tsx [Client Component Browser]
    ./src/app/page.tsx [Server Component]
    ./src/app/admin/page.tsx [Server Component]

  Client Component SSR:
    ./src/components/portals/shared/stock-batch-health.tsx [Client Component SSR]
    ./src/components/portals/warehouse/sections/stocks/stocks-view.tsx [Client Component SSR]
    ./src/components/portals/warehouse/WarehousePortal.tsx [Client Component SSR]
    ./src/app/page.tsx [Client Component SSR]
    ./src/app/page.tsx [Server Component]
    ./src/app/admin/page.tsx [Server Component] @ https://localhost:3000/_next/static/chunks/node_modules_next_dist_f3530cac._.js:3127
[ 5709846ms] [ERROR] ./src/components/portals/shared/stock-batch-health.tsx:3:8
Parsing ecmascript source code failed
  1 | import { Badge } from '@/components/ui/badge'
  2 | import {
> 3 | import { cn } from '@/lib/utils'
    |        ^
  4 | import { FILTER_SELECT_CLASS } from './filter-select'
  5 |   CRITICAL_MAX_DAYS_LEFT,
  6 |   EXPIRING_SOON_MAX_DAYS_LEFT,

Expected ',', got '{'

Import traces:
  Client Component Browser:
    ./src/components/portals/shared/stock-batch-health.tsx [Client Component Browser]
    ./src/components/portals/warehouse/sections/stocks/stocks-view.tsx [Client Component Browser]
    ./src/components/portals/warehouse/WarehousePortal.tsx [Client Component Browser]
    ./src/app/page.tsx [Client Component Browser]
    ./src/app/page.tsx [Server Component]
    ./src/app/admin/page.tsx [Server Component]

  Client Component SSR:
    ./src/components/portals/shared/stock-batch-health.tsx [Client Component SSR]
    ./src/components/portals/warehouse/sections/stocks/stocks-view.tsx [Client Component SSR]
    ./src/components/portals/warehouse/WarehousePortal.tsx [Client Component SSR]
    ./src/app/page.tsx [Client Component SSR]
    ./src/app/page.tsx [Server Component]
    ./src/app/admin/page.tsx [Server Component] @ https://localhost:3000/_next/static/chunks/node_modules_next_dist_f3530cac._.js:3127
[ 5709900ms] [ERROR] ./src/components/portals/shared/stock-batch-health.tsx:3:8
Parsing ecmascript source code failed
  1 | import { Badge } from '@/components/ui/badge'
  2 | import {
> 3 | import { cn } from '@/lib/utils'
    |        ^
  4 | import { FILTER_SELECT_CLASS } from './filter-select'
  5 |   CRITICAL_MAX_DAYS_LEFT,
  6 |   EXPIRING_SOON_MAX_DAYS_LEFT,

Expected ',', got '{'

Import traces:
  Client Component Browser:
    ./src/components/portals/shared/stock-batch-health.tsx [Client Component Browser]
    ./src/components/portals/warehouse/sections/stocks/stocks-view.tsx [Client Component Browser]
    ./src/components/portals/warehouse/WarehousePortal.tsx [Client Component Browser]
    ./src/app/page.tsx [Client Component Browser]
    ./src/app/page.tsx [Server Component]
    ./src/app/admin/page.tsx [Server Component]

  Client Component SSR:
    ./src/components/portals/shared/stock-batch-health.tsx [Client Component SSR]
    ./src/components/portals/warehouse/sections/stocks/stocks-view.tsx [Client Component SSR]
    ./src/components/portals/warehouse/WarehousePortal.tsx [Client Component SSR]
    ./src/app/page.tsx [Client Component SSR]
    ./src/app/page.tsx [Server Component]
    ./src/app/admin/page.tsx [Server Component] @ https://localhost:3000/_next/static/chunks/node_modules_next_dist_f3530cac._.js:3127
[ 5709951ms] [ERROR] ./src/components/portals/shared/stock-batch-health.tsx:3:8
Parsing ecmascript source code failed
  1 | import { Badge } from '@/components/ui/badge'
  2 | import {
> 3 | import { cn } from '@/lib/utils'
    |        ^
  4 | import { FILTER_SELECT_CLASS } from './filter-select'
  5 |   CRITICAL_MAX_DAYS_LEFT,
  6 |   EXPIRING_SOON_MAX_DAYS_LEFT,

Expected ',', got '{'

Import traces:
  Client Component Browser:
    ./src/components/portals/shared/stock-batch-health.tsx [Client Component Browser]
    ./src/components/portals/warehouse/sections/stocks/stocks-view.tsx [Client Component Browser]
    ./src/components/portals/warehouse/WarehousePortal.tsx [Client Component Browser]
    ./src/app/page.tsx [Client Component Browser]
    ./src/app/page.tsx [Server Component]
    ./src/app/admin/page.tsx [Server Component]

  Client Component SSR:
    ./src/components/portals/shared/stock-batch-health.tsx [Client Component SSR]
    ./src/components/portals/warehouse/sections/stocks/stocks-view.tsx [Client Component SSR]
    ./src/components/portals/warehouse/WarehousePortal.tsx [Client Component SSR]
    ./src/app/page.tsx [Client Component SSR]
    ./src/app/page.tsx [Server Component]
    ./src/app/admin/page.tsx [Server Component] @ https://localhost:3000/_next/static/chunks/node_modules_next_dist_f3530cac._.js:3127
[ 5710005ms] [ERROR] ./src/components/portals/shared/stock-batch-health.tsx:3:8
Parsing ecmascript source code failed
  1 | import { Badge } from '@/components/ui/badge'
  2 | import {
> 3 | import { cn } from '@/lib/utils'
    |        ^
  4 | import { FILTER_SELECT_CLASS } from './filter-select'
  5 |   CRITICAL_MAX_DAYS_LEFT,
  6 |   EXPIRING_SOON_MAX_DAYS_LEFT,

Expected ',', got '{'

Import traces:
  Client Component Browser:
    ./src/components/portals/shared/stock-batch-health.tsx [Client Component Browser]
    ./src/components/portals/warehouse/sections/stocks/stocks-view.tsx [Client Component Browser]
    ./src/components/portals/warehouse/WarehousePortal.tsx [Client Component Browser]
    ./src/app/page.tsx [Client Component Browser]
    ./src/app/page.tsx [Server Component]
    ./src/app/admin/page.tsx [Server Component]

  Client Component SSR:
    ./src/components/portals/shared/stock-batch-health.tsx [Client Component SSR]
    ./src/components/portals/warehouse/sections/stocks/stocks-view.tsx [Client Component SSR]
    ./src/components/portals/warehouse/WarehousePortal.tsx [Client Component SSR]
    ./src/app/page.tsx [Client Component SSR]
    ./src/app/page.tsx [Server Component]
    ./src/app/admin/page.tsx [Server Component] @ https://localhost:3000/_next/static/chunks/node_modules_next_dist_f3530cac._.js:3127
[ 5710055ms] [ERROR] ./src/components/portals/shared/stock-batch-health.tsx:3:8
Parsing ecmascript source code failed
  1 | import { Badge } from '@/components/ui/badge'
  2 | import {
> 3 | import { cn } from '@/lib/utils'
    |        ^
  4 | import { FILTER_SELECT_CLASS } from './filter-select'
  5 |   CRITICAL_MAX_DAYS_LEFT,
  6 |   EXPIRING_SOON_MAX_DAYS_LEFT,

Expected ',', got '{'

Import traces:
  Client Component Browser:
    ./src/components/portals/shared/stock-batch-health.tsx [Client Component Browser]
    ./src/components/portals/warehouse/sections/stocks/stocks-view.tsx [Client Component Browser]
    ./src/components/portals/warehouse/WarehousePortal.tsx [Client Component Browser]
    ./src/app/page.tsx [Client Component Browser]
    ./src/app/page.tsx [Server Component]
    ./src/app/admin/page.tsx [Server Component]

  Client Component SSR:
    ./src/components/portals/shared/stock-batch-health.tsx [Client Component SSR]
    ./src/components/portals/warehouse/sections/stocks/stocks-view.tsx [Client Component SSR]
    ./src/components/portals/warehouse/WarehousePortal.tsx [Client Component SSR]
    ./src/app/page.tsx [Client Component SSR]
    ./src/app/page.tsx [Server Component]
    ./src/app/admin/page.tsx [Server Component] @ https://localhost:3000/_next/static/chunks/node_modules_next_dist_f3530cac._.js:3127
[ 5710102ms] [ERROR] ./src/components/portals/shared/stock-batch-health.tsx:3:8
Parsing ecmascript source code failed
  1 | import { Badge } from '@/components/ui/badge'
  2 | import {
> 3 | import { cn } from '@/lib/utils'
    |        ^
  4 | import { FILTER_SELECT_CLASS } from './filter-select'
  5 |   CRITICAL_MAX_DAYS_LEFT,
  6 |   EXPIRING_SOON_MAX_DAYS_LEFT,

Expected ',', got '{'

Import traces:
  Client Component Browser:
    ./src/components/portals/shared/stock-batch-health.tsx [Client Component Browser]
    ./src/components/portals/warehouse/sections/stocks/stocks-view.tsx [Client Component Browser]
    ./src/components/portals/warehouse/WarehousePortal.tsx [Client Component Browser]
    ./src/app/page.tsx [Client Component Browser]
    ./src/app/page.tsx [Server Component]
    ./src/app/admin/page.tsx [Server Component]

  Client Component SSR:
    ./src/components/portals/shared/stock-batch-health.tsx [Client Component SSR]
    ./src/components/portals/warehouse/sections/stocks/stocks-view.tsx [Client Component SSR]
    ./src/components/portals/warehouse/WarehousePortal.tsx [Client Component SSR]
    ./src/app/page.tsx [Client Component SSR]
    ./src/app/page.tsx [Server Component]
    ./src/app/admin/page.tsx [Server Component] @ https://localhost:3000/_next/static/chunks/node_modules_next_dist_f3530cac._.js:3127
[ 5710149ms] [ERROR] ./src/components/portals/shared/stock-batch-health.tsx:3:8
Parsing ecmascript source code failed
  1 | import { Badge } from '@/components/ui/badge'
  2 | import {
> 3 | import { cn } from '@/lib/utils'
    |        ^
  4 | import { FILTER_SELECT_CLASS } from './filter-select'
  5 |   CRITICAL_MAX_DAYS_LEFT,
  6 |   EXPIRING_SOON_MAX_DAYS_LEFT,

Expected ',', got '{'

Import traces:
  Client Component Browser:
    ./src/components/portals/shared/stock-batch-health.tsx [Client Component Browser]
    ./src/components/portals/warehouse/sections/stocks/stocks-view.tsx [Client Component Browser]
    ./src/components/portals/warehouse/WarehousePortal.tsx [Client Component Browser]
    ./src/app/page.tsx [Client Component Browser]
    ./src/app/page.tsx [Server Component]
    ./src/app/admin/page.tsx [Server Component]

  Client Component SSR:
    ./src/components/portals/shared/stock-batch-health.tsx [Client Component SSR]
    ./src/components/portals/warehouse/sections/stocks/stocks-view.tsx [Client Component SSR]
    ./src/components/portals/warehouse/WarehousePortal.tsx [Client Component SSR]
    ./src/app/page.tsx [Client Component SSR]
    ./src/app/page.tsx [Server Component]
    ./src/app/admin/page.tsx [Server Component] @ https://localhost:3000/_next/static/chunks/node_modules_next_dist_f3530cac._.js:3127
[ 5710204ms] [ERROR] ./src/components/portals/shared/stock-batch-health.tsx:3:8
Parsing ecmascript source code failed
  1 | import { Badge } from '@/components/ui/badge'
  2 | import {
> 3 | import { cn } from '@/lib/utils'
    |        ^
  4 | import { FILTER_SELECT_CLASS } from './filter-select'
  5 |   CRITICAL_MAX_DAYS_LEFT,
  6 |   EXPIRING_SOON_MAX_DAYS_LEFT,

Expected ',', got '{'

Import traces:
  Client Component Browser:
    ./src/components/portals/shared/stock-batch-health.tsx [Client Component Browser]
    ./src/components/portals/warehouse/sections/stocks/stocks-view.tsx [Client Component Browser]
    ./src/components/portals/warehouse/WarehousePortal.tsx [Client Component Browser]
    ./src/app/page.tsx [Client Component Browser]
    ./src/app/page.tsx [Server Component]
    ./src/app/admin/page.tsx [Server Component]

  Client Component SSR:
    ./src/components/portals/shared/stock-batch-health.tsx [Client Component SSR]
    ./src/components/portals/warehouse/sections/stocks/stocks-view.tsx [Client Component SSR]
    ./src/components/portals/warehouse/WarehousePortal.tsx [Client Component SSR]
    ./src/app/page.tsx [Client Component SSR]
    ./src/app/page.tsx [Server Component]
    ./src/app/admin/page.tsx [Server Component] @ https://localhost:3000/_next/static/chunks/node_modules_next_dist_f3530cac._.js:3127
[ 5710255ms] [ERROR] ./src/components/portals/shared/stock-batch-health.tsx:3:8
Parsing ecmascript source code failed
  1 | import { Badge } from '@/components/ui/badge'
  2 | import {
> 3 | import { cn } from '@/lib/utils'
    |        ^
  4 | import { FILTER_SELECT_CLASS } from './filter-select'
  5 |   CRITICAL_MAX_DAYS_LEFT,
  6 |   EXPIRING_SOON_MAX_DAYS_LEFT,

Expected ',', got '{'

Import traces:
  Client Component Browser:
    ./src/components/portals/shared/stock-batch-health.tsx [Client Component Browser]
    ./src/components/portals/warehouse/sections/stocks/stocks-view.tsx [Client Component Browser]
    ./src/components/portals/warehouse/WarehousePortal.tsx [Client Component Browser]
    ./src/app/page.tsx [Client Component Browser]
    ./src/app/page.tsx [Server Component]
    ./src/app/admin/page.tsx [Server Component]

  Client Component SSR:
    ./src/components/portals/shared/stock-batch-health.tsx [Client Component SSR]
    ./src/components/portals/warehouse/sections/stocks/stocks-view.tsx [Client Component SSR]
    ./src/components/portals/warehouse/WarehousePortal.tsx [Client Component SSR]
    ./src/app/page.tsx [Client Component SSR]
    ./src/app/page.tsx [Server Component]
    ./src/app/admin/page.tsx [Server Component] @ https://localhost:3000/_next/static/chunks/node_modules_next_dist_f3530cac._.js:3127
[ 5710301ms] [ERROR] ./src/components/portals/shared/stock-batch-health.tsx:3:8
Parsing ecmascript source code failed
  1 | import { Badge } from '@/components/ui/badge'
  2 | import {
> 3 | import { cn } from '@/lib/utils'
    |        ^
  4 | import { FILTER_SELECT_CLASS } from './filter-select'
  5 |   CRITICAL_MAX_DAYS_LEFT,
  6 |   EXPIRING_SOON_MAX_DAYS_LEFT,

Expected ',', got '{'

Import traces:
  Client Component Browser:
    ./src/components/portals/shared/stock-batch-health.tsx [Client Component Browser]
    ./src/components/portals/warehouse/sections/stocks/stocks-view.tsx [Client Component Browser]
    ./src/components/portals/warehouse/WarehousePortal.tsx [Client Component Browser]
    ./src/app/page.tsx [Client Component Browser]
    ./src/app/page.tsx [Server Component]
    ./src/app/admin/page.tsx [Server Component]

  Client Component SSR:
    ./src/components/portals/shared/stock-batch-health.tsx [Client Component SSR]
    ./src/components/portals/warehouse/sections/stocks/stocks-view.tsx [Client Component SSR]
    ./src/components/portals/warehouse/WarehousePortal.tsx [Client Component SSR]
    ./src/app/page.tsx [Client Component SSR]
    ./src/app/page.tsx [Server Component]
    ./src/app/admin/page.tsx [Server Component] @ https://localhost:3000/_next/static/chunks/node_modules_next_dist_f3530cac._.js:3127
[ 5710356ms] [ERROR] ./src/components/portals/shared/stock-batch-health.tsx:3:8
Parsing ecmascript source code failed
  1 | import { Badge } from '@/components/ui/badge'
  2 | import {
> 3 | import { cn } from '@/lib/utils'
    |        ^
  4 | import { FILTER_SELECT_CLASS } from './filter-select'
  5 |   CRITICAL_MAX_DAYS_LEFT,
  6 |   EXPIRING_SOON_MAX_DAYS_LEFT,

Expected ',', got '{'

Import traces:
  Client Component Browser:
    ./src/components/portals/shared/stock-batch-health.tsx [Client Component Browser]
    ./src/components/portals/warehouse/sections/stocks/stocks-view.tsx [Client Component Browser]
    ./src/components/portals/warehouse/WarehousePortal.tsx [Client Component Browser]
    ./src/app/page.tsx [Client Component Browser]
    ./src/app/page.tsx [Server Component]
    ./src/app/admin/page.tsx [Server Component]

  Client Component SSR:
    ./src/components/portals/shared/stock-batch-health.tsx [Client Component SSR]
    ./src/components/portals/warehouse/sections/stocks/stocks-view.tsx [Client Component SSR]
    ./src/components/portals/warehouse/WarehousePortal.tsx [Client Component SSR]
    ./src/app/page.tsx [Client Component SSR]
    ./src/app/page.tsx [Server Component]
    ./src/app/admin/page.tsx [Server Component] @ https://localhost:3000/_next/static/chunks/node_modules_next_dist_f3530cac._.js:3127
[ 5710416ms] [ERROR] ./src/components/portals/shared/stock-batch-health.tsx:3:8
Parsing ecmascript source code failed
  1 | import { Badge } from '@/components/ui/badge'
  2 | import {
> 3 | import { cn } from '@/lib/utils'
    |        ^
  4 | import { FILTER_SELECT_CLASS } from './filter-select'
  5 |   CRITICAL_MAX_DAYS_LEFT,
  6 |   EXPIRING_SOON_MAX_DAYS_LEFT,

Expected ',', got '{'

Import traces:
  Client Component Browser:
    ./src/components/portals/shared/stock-batch-health.tsx [Client Component Browser]
    ./src/components/portals/warehouse/sections/stocks/stocks-view.tsx [Client Component Browser]
    ./src/components/portals/warehouse/WarehousePortal.tsx [Client Component Browser]
    ./src/app/page.tsx [Client Component Browser]
    ./src/app/page.tsx [Server Component]
    ./src/app/admin/page.tsx [Server Component]

  Client Component SSR:
    ./src/components/portals/shared/stock-batch-health.tsx [Client Component SSR]
    ./src/components/portals/warehouse/sections/stocks/stocks-view.tsx [Client Component SSR]
    ./src/components/portals/warehouse/WarehousePortal.tsx [Client Component SSR]
    ./src/app/page.tsx [Client Component SSR]
    ./src/app/page.tsx [Server Component]
    ./src/app/admin/page.tsx [Server Component] @ https://localhost:3000/_next/static/chunks/node_modules_next_dist_f3530cac._.js:3127
[ 5710468ms] [ERROR] ./src/components/portals/shared/stock-batch-health.tsx:3:8
Parsing ecmascript source code failed
  1 | import { Badge } from '@/components/ui/badge'
  2 | import {
> 3 | import { cn } from '@/lib/utils'
    |        ^
  4 | import { FILTER_SELECT_CLASS } from './filter-select'
  5 |   CRITICAL_MAX_DAYS_LEFT,
  6 |   EXPIRING_SOON_MAX_DAYS_LEFT,

Expected ',', got '{'

Import traces:
  Client Component Browser:
    ./src/components/portals/shared/stock-batch-health.tsx [Client Component Browser]
    ./src/components/portals/warehouse/sections/stocks/stocks-view.tsx [Client Component Browser]
    ./src/components/portals/warehouse/WarehousePortal.tsx [Client Component Browser]
    ./src/app/page.tsx [Client Component Browser]
    ./src/app/page.tsx [Server Component]
    ./src/app/admin/page.tsx [Server Component]

  Client Component SSR:
    ./src/components/portals/shared/stock-batch-health.tsx [Client Component SSR]
    ./src/components/portals/warehouse/sections/stocks/stocks-view.tsx [Client Component SSR]
    ./src/components/portals/warehouse/WarehousePortal.tsx [Client Component SSR]
    ./src/app/page.tsx [Client Component SSR]
    ./src/app/page.tsx [Server Component]
    ./src/app/admin/page.tsx [Server Component] @ https://localhost:3000/_next/static/chunks/node_modules_next_dist_f3530cac._.js:3127
[ 5710525ms] [ERROR] ./src/components/portals/shared/stock-batch-health.tsx:3:8
Parsing ecmascript source code failed
  1 | import { Badge } from '@/components/ui/badge'
  2 | import {
> 3 | import { cn } from '@/lib/utils'
    |        ^
  4 | import { FILTER_SELECT_CLASS } from './filter-select'
  5 |   CRITICAL_MAX_DAYS_LEFT,
  6 |   EXPIRING_SOON_MAX_DAYS_LEFT,

Expected ',', got '{'

Import traces:
  Client Component Browser:
    ./src/components/portals/shared/stock-batch-health.tsx [Client Component Browser]
    ./src/components/portals/warehouse/sections/stocks/stocks-view.tsx [Client Component Browser]
    ./src/components/portals/warehouse/WarehousePortal.tsx [Client Component Browser]
    ./src/app/page.tsx [Client Component Browser]
    ./src/app/page.tsx [Server Component]
    ./src/app/admin/page.tsx [Server Component]

  Client Component SSR:
    ./src/components/portals/shared/stock-batch-health.tsx [Client Component SSR]
    ./src/components/portals/warehouse/sections/stocks/stocks-view.tsx [Client Component SSR]
    ./src/components/portals/warehouse/WarehousePortal.tsx [Client Component SSR]
    ./src/app/page.tsx [Client Component SSR]
    ./src/app/page.tsx [Server Component]
    ./src/app/admin/page.tsx [Server Component] @ https://localhost:3000/_next/static/chunks/node_modules_next_dist_f3530cac._.js:3127
[ 5710574ms] [ERROR] ./src/components/portals/shared/stock-batch-health.tsx:3:8
Parsing ecmascript source code failed
  1 | import { Badge } from '@/components/ui/badge'
  2 | import {
> 3 | import { cn } from '@/lib/utils'
    |        ^
  4 | import { FILTER_SELECT_CLASS } from './filter-select'
  5 |   CRITICAL_MAX_DAYS_LEFT,
  6 |   EXPIRING_SOON_MAX_DAYS_LEFT,

Expected ',', got '{'

Import traces:
  Client Component Browser:
    ./src/components/portals/shared/stock-batch-health.tsx [Client Component Browser]
    ./src/components/portals/warehouse/sections/stocks/stocks-view.tsx [Client Component Browser]
    ./src/components/portals/warehouse/WarehousePortal.tsx [Client Component Browser]
    ./src/app/page.tsx [Client Component Browser]
    ./src/app/page.tsx [Server Component]
    ./src/app/admin/page.tsx [Server Component]

  Client Component SSR:
    ./src/components/portals/shared/stock-batch-health.tsx [Client Component SSR]
    ./src/components/portals/warehouse/sections/stocks/stocks-view.tsx [Client Component SSR]
    ./src/components/portals/warehouse/WarehousePortal.tsx [Client Component SSR]
    ./src/app/page.tsx [Client Component SSR]
    ./src/app/page.tsx [Server Component]
    ./src/app/admin/page.tsx [Server Component] @ https://localhost:3000/_next/static/chunks/node_modules_next_dist_f3530cac._.js:3127
[ 5710628ms] [ERROR] ./src/components/portals/shared/stock-batch-health.tsx:3:8
Parsing ecmascript source code failed
  1 | import { Badge } from '@/components/ui/badge'
  2 | import {
> 3 | import { cn } from '@/lib/utils'
    |        ^
  4 | import { FILTER_SELECT_CLASS } from './filter-select'
  5 |   CRITICAL_MAX_DAYS_LEFT,
  6 |   EXPIRING_SOON_MAX_DAYS_LEFT,

Expected ',', got '{'

Import traces:
  Client Component Browser:
    ./src/components/portals/shared/stock-batch-health.tsx [Client Component Browser]
    ./src/components/portals/warehouse/sections/stocks/stocks-view.tsx [Client Component Browser]
    ./src/components/portals/warehouse/WarehousePortal.tsx [Client Component Browser]
    ./src/app/page.tsx [Client Component Browser]
    ./src/app/page.tsx [Server Component]
    ./src/app/admin/page.tsx [Server Component]

  Client Component SSR:
    ./src/components/portals/shared/stock-batch-health.tsx [Client Component SSR]
    ./src/components/portals/warehouse/sections/stocks/stocks-view.tsx [Client Component SSR]
    ./src/components/portals/warehouse/WarehousePortal.tsx [Client Component SSR]
    ./src/app/page.tsx [Client Component SSR]
    ./src/app/page.tsx [Server Component]
    ./src/app/admin/page.tsx [Server Component] @ https://localhost:3000/_next/static/chunks/node_modules_next_dist_f3530cac._.js:3127
[ 5710677ms] [ERROR] ./src/components/portals/shared/stock-batch-health.tsx:3:8
Parsing ecmascript source code failed
  1 | import { Badge } from '@/components/ui/badge'
  2 | import {
> 3 | import { cn } from '@/lib/utils'
    |        ^
  4 | import { FILTER_SELECT_CLASS } from './filter-select'
  5 |   CRITICAL_MAX_DAYS_LEFT,
  6 |   EXPIRING_SOON_MAX_DAYS_LEFT,

Expected ',', got '{'

Import traces:
  Client Component Browser:
    ./src/components/portals/shared/stock-batch-health.tsx [Client Component Browser]
    ./src/components/portals/warehouse/sections/stocks/stocks-view.tsx [Client Component Browser]
    ./src/components/portals/warehouse/WarehousePortal.tsx [Client Component Browser]
    ./src/app/page.tsx [Client Component Browser]
    ./src/app/page.tsx [Server Component]
    ./src/app/admin/page.tsx [Server Component]

  Client Component SSR:
    ./src/components/portals/shared/stock-batch-health.tsx [Client Component SSR]
    ./src/components/portals/warehouse/sections/stocks/stocks-view.tsx [Client Component SSR]
    ./src/components/portals/warehouse/WarehousePortal.tsx [Client Component SSR]
    ./src/app/page.tsx [Client Component SSR]
    ./src/app/page.tsx [Server Component]
    ./src/app/admin/page.tsx [Server Component] @ https://localhost:3000/_next/static/chunks/node_modules_next_dist_f3530cac._.js:3127
[ 5710734ms] [ERROR] ./src/components/portals/shared/stock-batch-health.tsx:3:8
Parsing ecmascript source code failed
  1 | import { Badge } from '@/components/ui/badge'
  2 | import {
> 3 | import { cn } from '@/lib/utils'
    |        ^
  4 | import { FILTER_SELECT_CLASS } from './filter-select'
  5 |   CRITICAL_MAX_DAYS_LEFT,
  6 |   EXPIRING_SOON_MAX_DAYS_LEFT,

Expected ',', got '{'

Import traces:
  Client Component Browser:
    ./src/components/portals/shared/stock-batch-health.tsx [Client Component Browser]
    ./src/components/portals/warehouse/sections/stocks/stocks-view.tsx [Client Component Browser]
    ./src/components/portals/warehouse/WarehousePortal.tsx [Client Component Browser]
    ./src/app/page.tsx [Client Component Browser]
    ./src/app/page.tsx [Server Component]
    ./src/app/admin/page.tsx [Server Component]

  Client Component SSR:
    ./src/components/portals/shared/stock-batch-health.tsx [Client Component SSR]
    ./src/components/portals/warehouse/sections/stocks/stocks-view.tsx [Client Component SSR]
    ./src/components/portals/warehouse/WarehousePortal.tsx [Client Component SSR]
    ./src/app/page.tsx [Client Component SSR]
    ./src/app/page.tsx [Server Component]
    ./src/app/admin/page.tsx [Server Component] @ https://localhost:3000/_next/static/chunks/node_modules_next_dist_f3530cac._.js:3127
[ 5710799ms] [ERROR] ./src/components/portals/shared/stock-batch-health.tsx:3:8
Parsing ecmascript source code failed
  1 | import { Badge } from '@/components/ui/badge'
  2 | import {
> 3 | import { cn } from '@/lib/utils'
    |        ^
  4 | import { FILTER_SELECT_CLASS } from './filter-select'
  5 |   CRITICAL_MAX_DAYS_LEFT,
  6 |   EXPIRING_SOON_MAX_DAYS_LEFT,

Expected ',', got '{'

Import traces:
  Client Component Browser:
    ./src/components/portals/shared/stock-batch-health.tsx [Client Component Browser]
    ./src/components/portals/warehouse/sections/stocks/stocks-view.tsx [Client Component Browser]
    ./src/components/portals/warehouse/WarehousePortal.tsx [Client Component Browser]
    ./src/app/page.tsx [Client Component Browser]
    ./src/app/page.tsx [Server Component]
    ./src/app/admin/page.tsx [Server Component]

  Client Component SSR:
    ./src/components/portals/shared/stock-batch-health.tsx [Client Component SSR]
    ./src/components/portals/warehouse/sections/stocks/stocks-view.tsx [Client Component SSR]
    ./src/components/portals/warehouse/WarehousePortal.tsx [Client Component SSR]
    ./src/app/page.tsx [Client Component SSR]
    ./src/app/page.tsx [Server Component]
    ./src/app/admin/page.tsx [Server Component] @ https://localhost:3000/_next/static/chunks/node_modules_next_dist_f3530cac._.js:3127
[ 5710867ms] [ERROR] ./src/components/portals/shared/stock-batch-health.tsx:3:8
Parsing ecmascript source code failed
  1 | import { Badge } from '@/components/ui/badge'
  2 | import {
> 3 | import { cn } from '@/lib/utils'
    |        ^
  4 | import { FILTER_SELECT_CLASS } from './filter-select'
  5 |   CRITICAL_MAX_DAYS_LEFT,
  6 |   EXPIRING_SOON_MAX_DAYS_LEFT,

Expected ',', got '{'

Import traces:
  Client Component Browser:
    ./src/components/portals/shared/stock-batch-health.tsx [Client Component Browser]
    ./src/components/portals/warehouse/sections/stocks/stocks-view.tsx [Client Component Browser]
    ./src/components/portals/warehouse/WarehousePortal.tsx [Client Component Browser]
    ./src/app/page.tsx [Client Component Browser]
    ./src/app/page.tsx [Server Component]
    ./src/app/admin/page.tsx [Server Component]

  Client Component SSR:
    ./src/components/portals/shared/stock-batch-health.tsx [Client Component SSR]
    ./src/components/portals/warehouse/sections/stocks/stocks-view.tsx [Client Component SSR]
    ./src/components/portals/warehouse/WarehousePortal.tsx [Client Component SSR]
    ./src/app/page.tsx [Client Component SSR]
    ./src/app/page.tsx [Server Component]
    ./src/app/admin/page.tsx [Server Component] @ https://localhost:3000/_next/static/chunks/node_modules_next_dist_f3530cac._.js:3127
[ 5710934ms] [ERROR] ./src/components/portals/shared/stock-batch-health.tsx:3:8
Parsing ecmascript source code failed
  1 | import { Badge } from '@/components/ui/badge'
  2 | import {
> 3 | import { cn } from '@/lib/utils'
    |        ^
  4 | import { FILTER_SELECT_CLASS } from './filter-select'
  5 |   CRITICAL_MAX_DAYS_LEFT,
  6 |   EXPIRING_SOON_MAX_DAYS_LEFT,

Expected ',', got '{'

Import traces:
  Client Component Browser:
    ./src/components/portals/shared/stock-batch-health.tsx [Client Component Browser]
    ./src/components/portals/warehouse/sections/stocks/stocks-view.tsx [Client Component Browser]
    ./src/components/portals/warehouse/WarehousePortal.tsx [Client Component Browser]
    ./src/app/page.tsx [Client Component Browser]
    ./src/app/page.tsx [Server Component]
    ./src/app/admin/page.tsx [Server Component]

  Client Component SSR:
    ./src/components/portals/shared/stock-batch-health.tsx [Client Component SSR]
    ./src/components/portals/warehouse/sections/stocks/stocks-view.tsx [Client Component SSR]
    ./src/components/portals/warehouse/WarehousePortal.tsx [Client Component SSR]
    ./src/app/page.tsx [Client Component SSR]
    ./src/app/page.tsx [Server Component]
    ./src/app/admin/page.tsx [Server Component] @ https://localhost:3000/_next/static/chunks/node_modules_next_dist_f3530cac._.js:3127
[ 5710998ms] [ERROR] ./src/components/portals/shared/stock-batch-health.tsx:3:8
Parsing ecmascript source code failed
  1 | import { Badge } from '@/components/ui/badge'
  2 | import {
> 3 | import { cn } from '@/lib/utils'
    |        ^
  4 | import { FILTER_SELECT_CLASS } from './filter-select'
  5 |   CRITICAL_MAX_DAYS_LEFT,
  6 |   EXPIRING_SOON_MAX_DAYS_LEFT,

Expected ',', got '{'

Import traces:
  Client Component Browser:
    ./src/components/portals/shared/stock-batch-health.tsx [Client Component Browser]
    ./src/components/portals/warehouse/sections/stocks/stocks-view.tsx [Client Component Browser]
    ./src/components/portals/warehouse/WarehousePortal.tsx [Client Component Browser]
    ./src/app/page.tsx [Client Component Browser]
    ./src/app/page.tsx [Server Component]
    ./src/app/admin/page.tsx [Server Component]

  Client Component SSR:
    ./src/components/portals/shared/stock-batch-health.tsx [Client Component SSR]
    ./src/components/portals/warehouse/sections/stocks/stocks-view.tsx [Client Component SSR]
    ./src/components/portals/warehouse/WarehousePortal.tsx [Client Component SSR]
    ./src/app/page.tsx [Client Component SSR]
    ./src/app/page.tsx [Server Component]
    ./src/app/admin/page.tsx [Server Component] @ https://localhost:3000/_next/static/chunks/node_modules_next_dist_f3530cac._.js:3127
[ 5711060ms] [ERROR] ./src/components/portals/shared/stock-batch-health.tsx:3:8
Parsing ecmascript source code failed
  1 | import { Badge } from '@/components/ui/badge'
  2 | import {
> 3 | import { cn } from '@/lib/utils'
    |        ^
  4 | import { FILTER_SELECT_CLASS } from './filter-select'
  5 |   CRITICAL_MAX_DAYS_LEFT,
  6 |   EXPIRING_SOON_MAX_DAYS_LEFT,

Expected ',', got '{'

Import traces:
  Client Component Browser:
    ./src/components/portals/shared/stock-batch-health.tsx [Client Component Browser]
    ./src/components/portals/warehouse/sections/stocks/stocks-view.tsx [Client Component Browser]
    ./src/components/portals/warehouse/WarehousePortal.tsx [Client Component Browser]
    ./src/app/page.tsx [Client Component Browser]
    ./src/app/page.tsx [Server Component]
    ./src/app/admin/page.tsx [Server Component]

  Client Component SSR:
    ./src/components/portals/shared/stock-batch-health.tsx [Client Component SSR]
    ./src/components/portals/warehouse/sections/stocks/stocks-view.tsx [Client Component SSR]
    ./src/components/portals/warehouse/WarehousePortal.tsx [Client Component SSR]
    ./src/app/page.tsx [Client Component SSR]
    ./src/app/page.tsx [Server Component]
    ./src/app/admin/page.tsx [Server Component] @ https://localhost:3000/_next/static/chunks/node_modules_next_dist_f3530cac._.js:3127
[ 5711118ms] [ERROR] ./src/components/portals/shared/stock-batch-health.tsx:3:8
Parsing ecmascript source code failed
  1 | import { Badge } from '@/components/ui/badge'
  2 | import {
> 3 | import { cn } from '@/lib/utils'
    |        ^
  4 | import { FILTER_SELECT_CLASS } from './filter-select'
  5 |   CRITICAL_MAX_DAYS_LEFT,
  6 |   EXPIRING_SOON_MAX_DAYS_LEFT,

Expected ',', got '{'

Import traces:
  Client Component Browser:
    ./src/components/portals/shared/stock-batch-health.tsx [Client Component Browser]
    ./src/components/portals/warehouse/sections/stocks/stocks-view.tsx [Client Component Browser]
    ./src/components/portals/warehouse/WarehousePortal.tsx [Client Component Browser]
    ./src/app/page.tsx [Client Component Browser]
    ./src/app/page.tsx [Server Component]
    ./src/app/admin/page.tsx [Server Component]

  Client Component SSR:
    ./src/components/portals/shared/stock-batch-health.tsx [Client Component SSR]
    ./src/components/portals/warehouse/sections/stocks/stocks-view.tsx [Client Component SSR]
    ./src/components/portals/warehouse/WarehousePortal.tsx [Client Component SSR]
    ./src/app/page.tsx [Client Component SSR]
    ./src/app/page.tsx [Server Component]
    ./src/app/admin/page.tsx [Server Component] @ https://localhost:3000/_next/static/chunks/node_modules_next_dist_f3530cac._.js:3127
[ 5711185ms] [ERROR] ./src/components/portals/shared/stock-batch-health.tsx:3:8
Parsing ecmascript source code failed
  1 | import { Badge } from '@/components/ui/badge'
  2 | import {
> 3 | import { cn } from '@/lib/utils'
    |        ^
  4 | import { FILTER_SELECT_CLASS } from './filter-select'
  5 |   CRITICAL_MAX_DAYS_LEFT,
  6 |   EXPIRING_SOON_MAX_DAYS_LEFT,

Expected ',', got '{'

Import traces:
  Client Component Browser:
    ./src/components/portals/shared/stock-batch-health.tsx [Client Component Browser]
    ./src/components/portals/warehouse/sections/stocks/stocks-view.tsx [Client Component Browser]
    ./src/components/portals/warehouse/WarehousePortal.tsx [Client Component Browser]
    ./src/app/page.tsx [Client Component Browser]
    ./src/app/page.tsx [Server Component]
    ./src/app/admin/page.tsx [Server Component]

  Client Component SSR:
    ./src/components/portals/shared/stock-batch-health.tsx [Client Component SSR]
    ./src/components/portals/warehouse/sections/stocks/stocks-view.tsx [Client Component SSR]
    ./src/components/portals/warehouse/WarehousePortal.tsx [Client Component SSR]
    ./src/app/page.tsx [Client Component SSR]
    ./src/app/page.tsx [Server Component]
    ./src/app/admin/page.tsx [Server Component] @ https://localhost:3000/_next/static/chunks/node_modules_next_dist_f3530cac._.js:3127
[ 5711252ms] [ERROR] ./src/components/portals/shared/stock-batch-health.tsx:3:8
Parsing ecmascript source code failed
  1 | import { Badge } from '@/components/ui/badge'
  2 | import {
> 3 | import { cn } from '@/lib/utils'
    |        ^
  4 | import { FILTER_SELECT_CLASS } from './filter-select'
  5 |   CRITICAL_MAX_DAYS_LEFT,
  6 |   EXPIRING_SOON_MAX_DAYS_LEFT,

Expected ',', got '{'

Import traces:
  Client Component Browser:
    ./src/components/portals/shared/stock-batch-health.tsx [Client Component Browser]
    ./src/components/portals/warehouse/sections/stocks/stocks-view.tsx [Client Component Browser]
    ./src/components/portals/warehouse/WarehousePortal.tsx [Client Component Browser]
    ./src/app/page.tsx [Client Component Browser]
    ./src/app/page.tsx [Server Component]
    ./src/app/admin/page.tsx [Server Component]

  Client Component SSR:
    ./src/components/portals/shared/stock-batch-health.tsx [Client Component SSR]
    ./src/components/portals/warehouse/sections/stocks/stocks-view.tsx [Client Component SSR]
    ./src/components/portals/warehouse/WarehousePortal.tsx [Client Component SSR]
    ./src/app/page.tsx [Client Component SSR]
    ./src/app/page.tsx [Server Component]
    ./src/app/admin/page.tsx [Server Component] @ https://localhost:3000/_next/static/chunks/node_modules_next_dist_f3530cac._.js:3127
[ 5711318ms] [ERROR] ./src/components/portals/shared/stock-batch-health.tsx:3:8
Parsing ecmascript source code failed
  1 | import { Badge } from '@/components/ui/badge'
  2 | import {
> 3 | import { cn } from '@/lib/utils'
    |        ^
  4 | import { FILTER_SELECT_CLASS } from './filter-select'
  5 |   CRITICAL_MAX_DAYS_LEFT,
  6 |   EXPIRING_SOON_MAX_DAYS_LEFT,

Expected ',', got '{'

Import traces:
  Client Component Browser:
    ./src/components/portals/shared/stock-batch-health.tsx [Client Component Browser]
    ./src/components/portals/warehouse/sections/stocks/stocks-view.tsx [Client Component Browser]
    ./src/components/portals/warehouse/WarehousePortal.tsx [Client Component Browser]
    ./src/app/page.tsx [Client Component Browser]
    ./src/app/page.tsx [Server Component]
    ./src/app/admin/page.tsx [Server Component]

  Client Component SSR:
    ./src/components/portals/shared/stock-batch-health.tsx [Client Component SSR]
    ./src/components/portals/warehouse/sections/stocks/stocks-view.tsx [Client Component SSR]
    ./src/components/portals/warehouse/WarehousePortal.tsx [Client Component SSR]
    ./src/app/page.tsx [Client Component SSR]
    ./src/app/page.tsx [Server Component]
    ./src/app/admin/page.tsx [Server Component] @ https://localhost:3000/_next/static/chunks/node_modules_next_dist_f3530cac._.js:3127
[ 5711383ms] [ERROR] ./src/components/portals/shared/stock-batch-health.tsx:3:8
Parsing ecmascript source code failed
  1 | import { Badge } from '@/components/ui/badge'
  2 | import {
> 3 | import { cn } from '@/lib/utils'
    |        ^
  4 | import { FILTER_SELECT_CLASS } from './filter-select'
  5 |   CRITICAL_MAX_DAYS_LEFT,
  6 |   EXPIRING_SOON_MAX_DAYS_LEFT,

Expected ',', got '{'

Import traces:
  Client Component Browser:
    ./src/components/portals/shared/stock-batch-health.tsx [Client Component Browser]
    ./src/components/portals/warehouse/sections/stocks/stocks-view.tsx [Client Component Browser]
    ./src/components/portals/warehouse/WarehousePortal.tsx [Client Component Browser]
    ./src/app/page.tsx [Client Component Browser]
    ./src/app/page.tsx [Server Component]
    ./src/app/admin/page.tsx [Server Component]

  Client Component SSR:
    ./src/components/portals/shared/stock-batch-health.tsx [Client Component SSR]
    ./src/components/portals/warehouse/sections/stocks/stocks-view.tsx [Client Component SSR]
    ./src/components/portals/warehouse/WarehousePortal.tsx [Client Component SSR]
    ./src/app/page.tsx [Client Component SSR]
    ./src/app/page.tsx [Server Component]
    ./src/app/admin/page.tsx [Server Component] @ https://localhost:3000/_next/static/chunks/node_modules_next_dist_f3530cac._.js:3127
[ 5711435ms] [ERROR] ./src/components/portals/shared/stock-batch-health.tsx:3:8
Parsing ecmascript source code failed
  1 | import { Badge } from '@/components/ui/badge'
  2 | import {
> 3 | import { cn } from '@/lib/utils'
    |        ^
  4 | import { FILTER_SELECT_CLASS } from './filter-select'
  5 |   CRITICAL_MAX_DAYS_LEFT,
  6 |   EXPIRING_SOON_MAX_DAYS_LEFT,

Expected ',', got '{'

Import traces:
  Client Component Browser:
    ./src/components/portals/shared/stock-batch-health.tsx [Client Component Browser]
    ./src/components/portals/warehouse/sections/stocks/stocks-view.tsx [Client Component Browser]
    ./src/components/portals/warehouse/WarehousePortal.tsx [Client Component Browser]
    ./src/app/page.tsx [Client Component Browser]
    ./src/app/page.tsx [Server Component]
    ./src/app/admin/page.tsx [Server Component]

  Client Component SSR:
    ./src/components/portals/shared/stock-batch-health.tsx [Client Component SSR]
    ./src/components/portals/warehouse/sections/stocks/stocks-view.tsx [Client Component SSR]
    ./src/components/portals/warehouse/WarehousePortal.tsx [Client Component SSR]
    ./src/app/page.tsx [Client Component SSR]
    ./src/app/page.tsx [Server Component]
    ./src/app/admin/page.tsx [Server Component] @ https://localhost:3000/_next/static/chunks/node_modules_next_dist_f3530cac._.js:3127
[ 5711493ms] [ERROR] ./src/components/portals/shared/stock-batch-health.tsx:3:8
Parsing ecmascript source code failed
  1 | import { Badge } from '@/components/ui/badge'
  2 | import {
> 3 | import { cn } from '@/lib/utils'
    |        ^
  4 | import { FILTER_SELECT_CLASS } from './filter-select'
  5 |   CRITICAL_MAX_DAYS_LEFT,
  6 |   EXPIRING_SOON_MAX_DAYS_LEFT,

Expected ',', got '{'

Import traces:
  Client Component Browser:
    ./src/components/portals/shared/stock-batch-health.tsx [Client Component Browser]
    ./src/components/portals/warehouse/sections/stocks/stocks-view.tsx [Client Component Browser]
    ./src/components/portals/warehouse/WarehousePortal.tsx [Client Component Browser]
    ./src/app/page.tsx [Client Component Browser]
    ./src/app/page.tsx [Server Component]
    ./src/app/admin/page.tsx [Server Component]

  Client Component SSR:
    ./src/components/portals/shared/stock-batch-health.tsx [Client Component SSR]
    ./src/components/portals/warehouse/sections/stocks/stocks-view.tsx [Client Component SSR]
    ./src/components/portals/warehouse/WarehousePortal.tsx [Client Component SSR]
    ./src/app/page.tsx [Client Component SSR]
    ./src/app/page.tsx [Server Component]
    ./src/app/admin/page.tsx [Server Component] @ https://localhost:3000/_next/static/chunks/node_modules_next_dist_f3530cac._.js:3127
[ 5711606ms] [ERROR] ./src/components/portals/shared/stock-batch-health.tsx:3:8
Parsing ecmascript source code failed
  1 | import { Badge } from '@/components/ui/badge'
  2 | import {
> 3 | import { cn } from '@/lib/utils'
    |        ^
  4 | import { FILTER_SELECT_CLASS } from './filter-select'
  5 |   CRITICAL_MAX_DAYS_LEFT,
  6 |   EXPIRING_SOON_MAX_DAYS_LEFT,

Expected ',', got '{'

Import traces:
  Client Component Browser:
    ./src/components/portals/shared/stock-batch-health.tsx [Client Component Browser]
    ./src/components/portals/warehouse/sections/stocks/stocks-view.tsx [Client Component Browser]
    ./src/components/portals/warehouse/WarehousePortal.tsx [Client Component Browser]
    ./src/app/page.tsx [Client Component Browser]
    ./src/app/page.tsx [Server Component]
    ./src/app/admin/page.tsx [Server Component]

  Client Component SSR:
    ./src/components/portals/shared/stock-batch-health.tsx [Client Component SSR]
    ./src/components/portals/warehouse/sections/stocks/stocks-view.tsx [Client Component SSR]
    ./src/components/portals/warehouse/WarehousePortal.tsx [Client Component SSR]
    ./src/app/page.tsx [Client Component SSR]
    ./src/app/page.tsx [Server Component]
    ./src/app/admin/page.tsx [Server Component] @ https://localhost:3000/_next/static/chunks/node_modules_next_dist_f3530cac._.js:3127
[ 5711642ms] [LOG] [Fast Refresh] rebuilding @ https://localhost:3000/_next/static/chunks/node_modules_next_dist_f3530cac._.js:2297
[ 5711749ms] [ERROR] ./src/components/portals/shared/stock-batch-health.tsx:3:8
Parsing ecmascript source code failed
  1 | import { Badge } from '@/components/ui/badge'
  2 | import {
> 3 | import { cn } from '@/lib/utils'
    |        ^
  4 | import { FILTER_SELECT_CLASS } from './filter-select'
  5 |   CRITICAL_MAX_DAYS_LEFT,
  6 |   EXPIRING_SOON_MAX_DAYS_LEFT,

Expected ',', got '{'

Import traces:
  Client Component Browser:
    ./src/components/portals/shared/stock-batch-health.tsx [Client Component Browser]
    ./src/components/portals/warehouse/sections/stocks/stocks-view.tsx [Client Component Browser]
    ./src/components/portals/warehouse/WarehousePortal.tsx [Client Component Browser]
    ./src/app/page.tsx [Client Component Browser]
    ./src/app/page.tsx [Server Component]
    ./src/app/admin/page.tsx [Server Component]

  Client Component SSR:
    ./src/components/portals/shared/stock-batch-health.tsx [Client Component SSR]
    ./src/components/portals/warehouse/sections/stocks/stocks-view.tsx [Client Component SSR]
    ./src/components/portals/warehouse/WarehousePortal.tsx [Client Component SSR]
    ./src/app/page.tsx [Client Component SSR]
    ./src/app/page.tsx [Server Component]
    ./src/app/admin/page.tsx [Server Component] @ https://localhost:3000/_next/static/chunks/node_modules_next_dist_f3530cac._.js:3127
[ 5711811ms] [ERROR] ./src/components/portals/shared/stock-batch-health.tsx:3:8
Parsing ecmascript source code failed
  1 | import { Badge } from '@/components/ui/badge'
  2 | import {
> 3 | import { cn } from '@/lib/utils'
    |        ^
  4 | import { FILTER_SELECT_CLASS } from './filter-select'
  5 |   CRITICAL_MAX_DAYS_LEFT,
  6 |   EXPIRING_SOON_MAX_DAYS_LEFT,

Expected ',', got '{'

Import traces:
  Client Component Browser:
    ./src/components/portals/shared/stock-batch-health.tsx [Client Component Browser]
    ./src/components/portals/warehouse/sections/stocks/stocks-view.tsx [Client Component Browser]
    ./src/components/portals/warehouse/WarehousePortal.tsx [Client Component Browser]
    ./src/app/page.tsx [Client Component Browser]
    ./src/app/page.tsx [Server Component]
    ./src/app/admin/page.tsx [Server Component]

  Client Component SSR:
    ./src/components/portals/shared/stock-batch-health.tsx [Client Component SSR]
    ./src/components/portals/warehouse/sections/stocks/stocks-view.tsx [Client Component SSR]
    ./src/components/portals/warehouse/WarehousePortal.tsx [Client Component SSR]
    ./src/app/page.tsx [Client Component SSR]
    ./src/app/page.tsx [Server Component]
    ./src/app/admin/page.tsx [Server Component] @ https://localhost:3000/_next/static/chunks/node_modules_next_dist_f3530cac._.js:3127
[ 5711881ms] [ERROR] ./src/components/portals/shared/stock-batch-health.tsx:3:8
Parsing ecmascript source code failed
  1 | import { Badge } from '@/components/ui/badge'
  2 | import {
> 3 | import { cn } from '@/lib/utils'
    |        ^
  4 | import { FILTER_SELECT_CLASS } from './filter-select'
  5 |   CRITICAL_MAX_DAYS_LEFT,
  6 |   EXPIRING_SOON_MAX_DAYS_LEFT,

Expected ',', got '{'

Import traces:
  Client Component Browser:
    ./src/components/portals/shared/stock-batch-health.tsx [Client Component Browser]
    ./src/components/portals/warehouse/sections/stocks/stocks-view.tsx [Client Component Browser]
    ./src/components/portals/warehouse/WarehousePortal.tsx [Client Component Browser]
    ./src/app/page.tsx [Client Component Browser]
    ./src/app/page.tsx [Server Component]
    ./src/app/admin/page.tsx [Server Component]

  Client Component SSR:
    ./src/components/portals/shared/stock-batch-health.tsx [Client Component SSR]
    ./src/components/portals/warehouse/sections/stocks/stocks-view.tsx [Client Component SSR]
    ./src/components/portals/warehouse/WarehousePortal.tsx [Client Component SSR]
    ./src/app/page.tsx [Client Component SSR]
    ./src/app/page.tsx [Server Component]
    ./src/app/admin/page.tsx [Server Component] @ https://localhost:3000/_next/static/chunks/node_modules_next_dist_f3530cac._.js:3127
[ 5711960ms] [ERROR] ./src/components/portals/shared/stock-batch-health.tsx:3:8
Parsing ecmascript source code failed
  1 | import { Badge } from '@/components/ui/badge'
  2 | import {
> 3 | import { cn } from '@/lib/utils'
    |        ^
  4 | import { FILTER_SELECT_CLASS } from './filter-select'
  5 |   CRITICAL_MAX_DAYS_LEFT,
  6 |   EXPIRING_SOON_MAX_DAYS_LEFT,

Expected ',', got '{'

Import traces:
  Client Component Browser:
    ./src/components/portals/shared/stock-batch-health.tsx [Client Component Browser]
    ./src/components/portals/warehouse/sections/stocks/stocks-view.tsx [Client Component Browser]
    ./src/components/portals/warehouse/WarehousePortal.tsx [Client Component Browser]
    ./src/app/page.tsx [Client Component Browser]
    ./src/app/page.tsx [Server Component]
    ./src/app/admin/page.tsx [Server Component]

  Client Component SSR:
    ./src/components/portals/shared/stock-batch-health.tsx [Client Component SSR]
    ./src/components/portals/warehouse/sections/stocks/stocks-view.tsx [Client Component SSR]
    ./src/components/portals/warehouse/WarehousePortal.tsx [Client Component SSR]
    ./src/app/page.tsx [Client Component SSR]
    ./src/app/page.tsx [Server Component]
    ./src/app/admin/page.tsx [Server Component] @ https://localhost:3000/_next/static/chunks/node_modules_next_dist_f3530cac._.js:3127
[ 5712020ms] [ERROR] ./src/components/portals/shared/stock-batch-health.tsx:3:8
Parsing ecmascript source code failed
  1 | import { Badge } from '@/components/ui/badge'
  2 | import {
> 3 | import { cn } from '@/lib/utils'
    |        ^
  4 | import { FILTER_SELECT_CLASS } from './filter-select'
  5 |   CRITICAL_MAX_DAYS_LEFT,
  6 |   EXPIRING_SOON_MAX_DAYS_LEFT,

Expected ',', got '{'

Import traces:
  Client Component Browser:
    ./src/components/portals/shared/stock-batch-health.tsx [Client Component Browser]
    ./src/components/portals/warehouse/sections/stocks/stocks-view.tsx [Client Component Browser]
    ./src/components/portals/warehouse/WarehousePortal.tsx [Client Component Browser]
    ./src/app/page.tsx [Client Component Browser]
    ./src/app/page.tsx [Server Component]
    ./src/app/admin/page.tsx [Server Component]

  Client Component SSR:
    ./src/components/portals/shared/stock-batch-health.tsx [Client Component SSR]
    ./src/components/portals/warehouse/sections/stocks/stocks-view.tsx [Client Component SSR]
    ./src/components/portals/warehouse/WarehousePortal.tsx [Client Component SSR]
    ./src/app/page.tsx [Client Component SSR]
    ./src/app/page.tsx [Server Component]
    ./src/app/admin/page.tsx [Server Component] @ https://localhost:3000/_next/static/chunks/node_modules_next_dist_f3530cac._.js:3127
[ 5712081ms] [ERROR] ./src/components/portals/shared/stock-batch-health.tsx:3:8
Parsing ecmascript source code failed
  1 | import { Badge } from '@/components/ui/badge'
  2 | import {
> 3 | import { cn } from '@/lib/utils'
    |        ^
  4 | import { FILTER_SELECT_CLASS } from './filter-select'
  5 |   CRITICAL_MAX_DAYS_LEFT,
  6 |   EXPIRING_SOON_MAX_DAYS_LEFT,

Expected ',', got '{'

Import traces:
  Client Component Browser:
    ./src/components/portals/shared/stock-batch-health.tsx [Client Component Browser]
    ./src/components/portals/warehouse/sections/stocks/stocks-view.tsx [Client Component Browser]
    ./src/components/portals/warehouse/WarehousePortal.tsx [Client Component Browser]
    ./src/app/page.tsx [Client Component Browser]
    ./src/app/page.tsx [Server Component]
    ./src/app/admin/page.tsx [Server Component]

  Client Component SSR:
    ./src/components/portals/shared/stock-batch-health.tsx [Client Component SSR]
    ./src/components/portals/warehouse/sections/stocks/stocks-view.tsx [Client Component SSR]
    ./src/components/portals/warehouse/WarehousePortal.tsx [Client Component SSR]
    ./src/app/page.tsx [Client Component SSR]
    ./src/app/page.tsx [Server Component]
    ./src/app/admin/page.tsx [Server Component] @ https://localhost:3000/_next/static/chunks/node_modules_next_dist_f3530cac._.js:3127
[ 5712158ms] [ERROR] ./src/components/portals/shared/stock-batch-health.tsx:3:8
Parsing ecmascript source code failed
  1 | import { Badge } from '@/components/ui/badge'
  2 | import {
> 3 | import { cn } from '@/lib/utils'
    |        ^
  4 | import { FILTER_SELECT_CLASS } from './filter-select'
  5 |   CRITICAL_MAX_DAYS_LEFT,
  6 |   EXPIRING_SOON_MAX_DAYS_LEFT,

Expected ',', got '{'

Import traces:
  Client Component Browser:
    ./src/components/portals/shared/stock-batch-health.tsx [Client Component Browser]
    ./src/components/portals/warehouse/sections/stocks/stocks-view.tsx [Client Component Browser]
    ./src/components/portals/warehouse/WarehousePortal.tsx [Client Component Browser]
    ./src/app/page.tsx [Client Component Browser]
    ./src/app/page.tsx [Server Component]
    ./src/app/admin/page.tsx [Server Component]

  Client Component SSR:
    ./src/components/portals/shared/stock-batch-health.tsx [Client Component SSR]
    ./src/components/portals/warehouse/sections/stocks/stocks-view.tsx [Client Component SSR]
    ./src/components/portals/warehouse/WarehousePortal.tsx [Client Component SSR]
    ./src/app/page.tsx [Client Component SSR]
    ./src/app/page.tsx [Server Component]
    ./src/app/admin/page.tsx [Server Component] @ https://localhost:3000/_next/static/chunks/node_modules_next_dist_f3530cac._.js:3127
[ 5712217ms] [ERROR] ./src/components/portals/shared/stock-batch-health.tsx:3:8
Parsing ecmascript source code failed
  1 | import { Badge } from '@/components/ui/badge'
  2 | import {
> 3 | import { cn } from '@/lib/utils'
    |        ^
  4 | import { FILTER_SELECT_CLASS } from './filter-select'
  5 |   CRITICAL_MAX_DAYS_LEFT,
  6 |   EXPIRING_SOON_MAX_DAYS_LEFT,

Expected ',', got '{'

Import traces:
  Client Component Browser:
    ./src/components/portals/shared/stock-batch-health.tsx [Client Component Browser]
    ./src/components/portals/warehouse/sections/stocks/stocks-view.tsx [Client Component Browser]
    ./src/components/portals/warehouse/WarehousePortal.tsx [Client Component Browser]
    ./src/app/page.tsx [Client Component Browser]
    ./src/app/page.tsx [Server Component]
    ./src/app/admin/page.tsx [Server Component]

  Client Component SSR:
    ./src/components/portals/shared/stock-batch-health.tsx [Client Component SSR]
    ./src/components/portals/warehouse/sections/stocks/stocks-view.tsx [Client Component SSR]
    ./src/components/portals/warehouse/WarehousePortal.tsx [Client Component SSR]
    ./src/app/page.tsx [Client Component SSR]
    ./src/app/page.tsx [Server Component]
    ./src/app/admin/page.tsx [Server Component] @ https://localhost:3000/_next/static/chunks/node_modules_next_dist_f3530cac._.js:3127
[ 5712305ms] [ERROR] ./src/components/portals/shared/stock-batch-health.tsx:3:8
Parsing ecmascript source code failed
  1 | import { Badge } from '@/components/ui/badge'
  2 | import {
> 3 | import { cn } from '@/lib/utils'
    |        ^
  4 | import { FILTER_SELECT_CLASS } from './filter-select'
  5 |   CRITICAL_MAX_DAYS_LEFT,
  6 |   EXPIRING_SOON_MAX_DAYS_LEFT,

Expected ',', got '{'

Import traces:
  Client Component Browser:
    ./src/components/portals/shared/stock-batch-health.tsx [Client Component Browser]
    ./src/components/portals/warehouse/sections/stocks/stocks-view.tsx [Client Component Browser]
    ./src/components/portals/warehouse/WarehousePortal.tsx [Client Component Browser]
    ./src/app/page.tsx [Client Component Browser]
    ./src/app/page.tsx [Server Component]
    ./src/app/admin/page.tsx [Server Component]

  Client Component SSR:
    ./src/components/portals/shared/stock-batch-health.tsx [Client Component SSR]
    ./src/components/portals/warehouse/sections/stocks/stocks-view.tsx [Client Component SSR]
    ./src/components/portals/warehouse/WarehousePortal.tsx [Client Component SSR]
    ./src/app/page.tsx [Client Component SSR]
    ./src/app/page.tsx [Server Component]
    ./src/app/admin/page.tsx [Server Component] @ https://localhost:3000/_next/static/chunks/node_modules_next_dist_f3530cac._.js:3127
[ 5712349ms] [LOG] [Fast Refresh] rebuilding @ https://localhost:3000/_next/static/chunks/node_modules_next_dist_f3530cac._.js:2297
[ 5712473ms] [ERROR] ./src/components/portals/shared/stock-batch-health.tsx:3:8
Parsing ecmascript source code failed
  1 | import { Badge } from '@/components/ui/badge'
  2 | import {
> 3 | import { cn } from '@/lib/utils'
    |        ^
  4 | import { FILTER_SELECT_CLASS } from './filter-select'
  5 |   CRITICAL_MAX_DAYS_LEFT,
  6 |   EXPIRING_SOON_MAX_DAYS_LEFT,

Expected ',', got '{'

Import traces:
  Client Component Browser:
    ./src/components/portals/shared/stock-batch-health.tsx [Client Component Browser]
    ./src/components/portals/warehouse/sections/stocks/stocks-view.tsx [Client Component Browser]
    ./src/components/portals/warehouse/WarehousePortal.tsx [Client Component Browser]
    ./src/app/page.tsx [Client Component Browser]
    ./src/app/page.tsx [Server Component]
    ./src/app/admin/page.tsx [Server Component]

  Client Component SSR:
    ./src/components/portals/shared/stock-batch-health.tsx [Client Component SSR]
    ./src/components/portals/warehouse/sections/stocks/stocks-view.tsx [Client Component SSR]
    ./src/components/portals/warehouse/WarehousePortal.tsx [Client Component SSR]
    ./src/app/page.tsx [Client Component SSR]
    ./src/app/page.tsx [Server Component]
    ./src/app/admin/page.tsx [Server Component] @ https://localhost:3000/_next/static/chunks/node_modules_next_dist_f3530cac._.js:3127
[ 5712552ms] [ERROR] ./src/components/portals/shared/stock-batch-health.tsx:3:8
Parsing ecmascript source code failed
  1 | import { Badge } from '@/components/ui/badge'
  2 | import {
> 3 | import { cn } from '@/lib/utils'
    |        ^
  4 | import { FILTER_SELECT_CLASS } from './filter-select'
  5 |   CRITICAL_MAX_DAYS_LEFT,
  6 |   EXPIRING_SOON_MAX_DAYS_LEFT,

Expected ',', got '{'

Import traces:
  Client Component Browser:
    ./src/components/portals/shared/stock-batch-health.tsx [Client Component Browser]
    ./src/components/portals/warehouse/sections/stocks/stocks-view.tsx [Client Component Browser]
    ./src/components/portals/warehouse/WarehousePortal.tsx [Client Component Browser]
    ./src/app/page.tsx [Client Component Browser]
    ./src/app/page.tsx [Server Component]
    ./src/app/admin/page.tsx [Server Component]

  Client Component SSR:
    ./src/components/portals/shared/stock-batch-health.tsx [Client Component SSR]
    ./src/components/portals/warehouse/sections/stocks/stocks-view.tsx [Client Component SSR]
    ./src/components/portals/warehouse/WarehousePortal.tsx [Client Component SSR]
    ./src/app/page.tsx [Client Component SSR]
    ./src/app/page.tsx [Server Component]
    ./src/app/admin/page.tsx [Server Component] @ https://localhost:3000/_next/static/chunks/node_modules_next_dist_f3530cac._.js:3127
[ 5712620ms] [ERROR] ./src/components/portals/shared/stock-batch-health.tsx:3:8
Parsing ecmascript source code failed
  1 | import { Badge } from '@/components/ui/badge'
  2 | import {
> 3 | import { cn } from '@/lib/utils'
    |        ^
  4 | import { FILTER_SELECT_CLASS } from './filter-select'
  5 |   CRITICAL_MAX_DAYS_LEFT,
  6 |   EXPIRING_SOON_MAX_DAYS_LEFT,

Expected ',', got '{'

Import traces:
  Client Component Browser:
    ./src/components/portals/shared/stock-batch-health.tsx [Client Component Browser]
    ./src/components/portals/warehouse/sections/stocks/stocks-view.tsx [Client Component Browser]
    ./src/components/portals/warehouse/WarehousePortal.tsx [Client Component Browser]
    ./src/app/page.tsx [Client Component Browser]
    ./src/app/page.tsx [Server Component]
    ./src/app/admin/page.tsx [Server Component]

  Client Component SSR:
    ./src/components/portals/shared/stock-batch-health.tsx [Client Component SSR]
    ./src/components/portals/warehouse/sections/stocks/stocks-view.tsx [Client Component SSR]
    ./src/components/portals/warehouse/WarehousePortal.tsx [Client Component SSR]
    ./src/app/page.tsx [Client Component SSR]
    ./src/app/page.tsx [Server Component]
    ./src/app/admin/page.tsx [Server Component] @ https://localhost:3000/_next/static/chunks/node_modules_next_dist_f3530cac._.js:3127
[ 5712684ms] [ERROR] ./src/components/portals/shared/stock-batch-health.tsx:3:8
Parsing ecmascript source code failed
  1 | import { Badge } from '@/components/ui/badge'
  2 | import {
> 3 | import { cn } from '@/lib/utils'
    |        ^
  4 | import { FILTER_SELECT_CLASS } from './filter-select'
  5 |   CRITICAL_MAX_DAYS_LEFT,
  6 |   EXPIRING_SOON_MAX_DAYS_LEFT,

Expected ',', got '{'

Import traces:
  Client Component Browser:
    ./src/components/portals/shared/stock-batch-health.tsx [Client Component Browser]
    ./src/components/portals/warehouse/sections/stocks/stocks-view.tsx [Client Component Browser]
    ./src/components/portals/warehouse/WarehousePortal.tsx [Client Component Browser]
    ./src/app/page.tsx [Client Component Browser]
    ./src/app/page.tsx [Server Component]
    ./src/app/admin/page.tsx [Server Component]

  Client Component SSR:
    ./src/components/portals/shared/stock-batch-health.tsx [Client Component SSR]
    ./src/components/portals/warehouse/sections/stocks/stocks-view.tsx [Client Component SSR]
    ./src/components/portals/warehouse/WarehousePortal.tsx [Client Component SSR]
    ./src/app/page.tsx [Client Component SSR]
    ./src/app/page.tsx [Server Component]
    ./src/app/admin/page.tsx [Server Component] @ https://localhost:3000/_next/static/chunks/node_modules_next_dist_f3530cac._.js:3127
[ 5712746ms] [ERROR] ./src/components/portals/shared/stock-batch-health.tsx:3:8
Parsing ecmascript source code failed
  1 | import { Badge } from '@/components/ui/badge'
  2 | import {
> 3 | import { cn } from '@/lib/utils'
    |        ^
  4 | import { FILTER_SELECT_CLASS } from './filter-select'
  5 |   CRITICAL_MAX_DAYS_LEFT,
  6 |   EXPIRING_SOON_MAX_DAYS_LEFT,

Expected ',', got '{'

Import traces:
  Client Component Browser:
    ./src/components/portals/shared/stock-batch-health.tsx [Client Component Browser]
    ./src/components/portals/warehouse/sections/stocks/stocks-view.tsx [Client Component Browser]
    ./src/components/portals/warehouse/WarehousePortal.tsx [Client Component Browser]
    ./src/app/page.tsx [Client Component Browser]
    ./src/app/page.tsx [Server Component]
    ./src/app/admin/page.tsx [Server Component]

  Client Component SSR:
    ./src/components/portals/shared/stock-batch-health.tsx [Client Component SSR]
    ./src/components/portals/warehouse/sections/stocks/stocks-view.tsx [Client Component SSR]
    ./src/components/portals/warehouse/WarehousePortal.tsx [Client Component SSR]
    ./src/app/page.tsx [Client Component SSR]
    ./src/app/page.tsx [Server Component]
    ./src/app/admin/page.tsx [Server Component] @ https://localhost:3000/_next/static/chunks/node_modules_next_dist_f3530cac._.js:3127
[ 5712802ms] [ERROR] ./src/components/portals/shared/stock-batch-health.tsx:3:8
Parsing ecmascript source code failed
  1 | import { Badge } from '@/components/ui/badge'
  2 | import {
> 3 | import { cn } from '@/lib/utils'
    |        ^
  4 | import { FILTER_SELECT_CLASS } from './filter-select'
  5 |   CRITICAL_MAX_DAYS_LEFT,
  6 |   EXPIRING_SOON_MAX_DAYS_LEFT,

Expected ',', got '{'

Import traces:
  Client Component Browser:
    ./src/components/portals/shared/stock-batch-health.tsx [Client Component Browser]
    ./src/components/portals/warehouse/sections/stocks/stocks-view.tsx [Client Component Browser]
    ./src/components/portals/warehouse/WarehousePortal.tsx [Client Component Browser]
    ./src/app/page.tsx [Client Component Browser]
    ./src/app/page.tsx [Server Component]
    ./src/app/admin/page.tsx [Server Component]

  Client Component SSR:
    ./src/components/portals/shared/stock-batch-health.tsx [Client Component SSR]
    ./src/components/portals/warehouse/sections/stocks/stocks-view.tsx [Client Component SSR]
    ./src/components/portals/warehouse/WarehousePortal.tsx [Client Component SSR]
    ./src/app/page.tsx [Client Component SSR]
    ./src/app/page.tsx [Server Component]
    ./src/app/admin/page.tsx [Server Component] @ https://localhost:3000/_next/static/chunks/node_modules_next_dist_f3530cac._.js:3127
[ 5712871ms] [ERROR] ./src/components/portals/shared/stock-batch-health.tsx:3:8
Parsing ecmascript source code failed
  1 | import { Badge } from '@/components/ui/badge'
  2 | import {
> 3 | import { cn } from '@/lib/utils'
    |        ^
  4 | import { FILTER_SELECT_CLASS } from './filter-select'
  5 |   CRITICAL_MAX_DAYS_LEFT,
  6 |   EXPIRING_SOON_MAX_DAYS_LEFT,

Expected ',', got '{'

Import traces:
  Client Component Browser:
    ./src/components/portals/shared/stock-batch-health.tsx [Client Component Browser]
    ./src/components/portals/warehouse/sections/stocks/stocks-view.tsx [Client Component Browser]
    ./src/components/portals/warehouse/WarehousePortal.tsx [Client Component Browser]
    ./src/app/page.tsx [Client Component Browser]
    ./src/app/page.tsx [Server Component]
    ./src/app/admin/page.tsx [Server Component]

  Client Component SSR:
    ./src/components/portals/shared/stock-batch-health.tsx [Client Component SSR]
    ./src/components/portals/warehouse/sections/stocks/stocks-view.tsx [Client Component SSR]
    ./src/components/portals/warehouse/WarehousePortal.tsx [Client Component SSR]
    ./src/app/page.tsx [Client Component SSR]
    ./src/app/page.tsx [Server Component]
    ./src/app/admin/page.tsx [Server Component] @ https://localhost:3000/_next/static/chunks/node_modules_next_dist_f3530cac._.js:3127
[ 5712931ms] [ERROR] ./src/components/portals/shared/stock-batch-health.tsx:3:8
Parsing ecmascript source code failed
  1 | import { Badge } from '@/components/ui/badge'
  2 | import {
> 3 | import { cn } from '@/lib/utils'
    |        ^
  4 | import { FILTER_SELECT_CLASS } from './filter-select'
  5 |   CRITICAL_MAX_DAYS_LEFT,
  6 |   EXPIRING_SOON_MAX_DAYS_LEFT,

Expected ',', got '{'

Import traces:
  Client Component Browser:
    ./src/components/portals/shared/stock-batch-health.tsx [Client Component Browser]
    ./src/components/portals/warehouse/sections/stocks/stocks-view.tsx [Client Component Browser]
    ./src/components/portals/warehouse/WarehousePortal.tsx [Client Component Browser]
    ./src/app/page.tsx [Client Component Browser]
    ./src/app/page.tsx [Server Component]
    ./src/app/admin/page.tsx [Server Component]

  Client Component SSR:
    ./src/components/portals/shared/stock-batch-health.tsx [Client Component SSR]
    ./src/components/portals/warehouse/sections/stocks/stocks-view.tsx [Client Component SSR]
    ./src/components/portals/warehouse/WarehousePortal.tsx [Client Component SSR]
    ./src/app/page.tsx [Client Component SSR]
    ./src/app/page.tsx [Server Component]
    ./src/app/admin/page.tsx [Server Component] @ https://localhost:3000/_next/static/chunks/node_modules_next_dist_f3530cac._.js:3127
[ 5713001ms] [ERROR] ./src/components/portals/shared/stock-batch-health.tsx:3:8
Parsing ecmascript source code failed
  1 | import { Badge } from '@/components/ui/badge'
  2 | import {
> 3 | import { cn } from '@/lib/utils'
    |        ^
  4 | import { FILTER_SELECT_CLASS } from './filter-select'
  5 |   CRITICAL_MAX_DAYS_LEFT,
  6 |   EXPIRING_SOON_MAX_DAYS_LEFT,

Expected ',', got '{'

Import traces:
  Client Component Browser:
    ./src/components/portals/shared/stock-batch-health.tsx [Client Component Browser]
    ./src/components/portals/warehouse/sections/stocks/stocks-view.tsx [Client Component Browser]
    ./src/components/portals/warehouse/WarehousePortal.tsx [Client Component Browser]
    ./src/app/page.tsx [Client Component Browser]
    ./src/app/page.tsx [Server Component]
    ./src/app/admin/page.tsx [Server Component]

  Client Component SSR:
    ./src/components/portals/shared/stock-batch-health.tsx [Client Component SSR]
    ./src/components/portals/warehouse/sections/stocks/stocks-view.tsx [Client Component SSR]
    ./src/components/portals/warehouse/WarehousePortal.tsx [Client Component SSR]
    ./src/app/page.tsx [Client Component SSR]
    ./src/app/page.tsx [Server Component]
    ./src/app/admin/page.tsx [Server Component] @ https://localhost:3000/_next/static/chunks/node_modules_next_dist_f3530cac._.js:3127
[ 5713068ms] [ERROR] ./src/components/portals/shared/stock-batch-health.tsx:3:8
Parsing ecmascript source code failed
  1 | import { Badge } from '@/components/ui/badge'
  2 | import {
> 3 | import { cn } from '@/lib/utils'
    |        ^
  4 | import { FILTER_SELECT_CLASS } from './filter-select'
  5 |   CRITICAL_MAX_DAYS_LEFT,
  6 |   EXPIRING_SOON_MAX_DAYS_LEFT,

Expected ',', got '{'

Import traces:
  Client Component Browser:
    ./src/components/portals/shared/stock-batch-health.tsx [Client Component Browser]
    ./src/components/portals/warehouse/sections/stocks/stocks-view.tsx [Client Component Browser]
    ./src/components/portals/warehouse/WarehousePortal.tsx [Client Component Browser]
    ./src/app/page.tsx [Client Component Browser]
    ./src/app/page.tsx [Server Component]
    ./src/app/admin/page.tsx [Server Component]

  Client Component SSR:
    ./src/components/portals/shared/stock-batch-health.tsx [Client Component SSR]
    ./src/components/portals/warehouse/sections/stocks/stocks-view.tsx [Client Component SSR]
    ./src/components/portals/warehouse/WarehousePortal.tsx [Client Component SSR]
    ./src/app/page.tsx [Client Component SSR]
    ./src/app/page.tsx [Server Component]
    ./src/app/admin/page.tsx [Server Component] @ https://localhost:3000/_next/static/chunks/node_modules_next_dist_f3530cac._.js:3127
[ 5713134ms] [ERROR] ./src/components/portals/shared/stock-batch-health.tsx:3:8
Parsing ecmascript source code failed
  1 | import { Badge } from '@/components/ui/badge'
  2 | import {
> 3 | import { cn } from '@/lib/utils'
    |        ^
  4 | import { FILTER_SELECT_CLASS } from './filter-select'
  5 |   CRITICAL_MAX_DAYS_LEFT,
  6 |   EXPIRING_SOON_MAX_DAYS_LEFT,

Expected ',', got '{'

Import traces:
  Client Component Browser:
    ./src/components/portals/shared/stock-batch-health.tsx [Client Component Browser]
    ./src/components/portals/warehouse/sections/stocks/stocks-view.tsx [Client Component Browser]
    ./src/components/portals/warehouse/WarehousePortal.tsx [Client Component Browser]
    ./src/app/page.tsx [Client Component Browser]
    ./src/app/page.tsx [Server Component]
    ./src/app/admin/page.tsx [Server Component]

  Client Component SSR:
    ./src/components/portals/shared/stock-batch-health.tsx [Client Component SSR]
    ./src/components/portals/warehouse/sections/stocks/stocks-view.tsx [Client Component SSR]
    ./src/components/portals/warehouse/WarehousePortal.tsx [Client Component SSR]
    ./src/app/page.tsx [Client Component SSR]
    ./src/app/page.tsx [Server Component]
    ./src/app/admin/page.tsx [Server Component] @ https://localhost:3000/_next/static/chunks/node_modules_next_dist_f3530cac._.js:3127
[ 5713199ms] [ERROR] ./src/components/portals/shared/stock-batch-health.tsx:3:8
Parsing ecmascript source code failed
  1 | import { Badge } from '@/components/ui/badge'
  2 | import {
> 3 | import { cn } from '@/lib/utils'
    |        ^
  4 | import { FILTER_SELECT_CLASS } from './filter-select'
  5 |   CRITICAL_MAX_DAYS_LEFT,
  6 |   EXPIRING_SOON_MAX_DAYS_LEFT,

Expected ',', got '{'

Import traces:
  Client Component Browser:
    ./src/components/portals/shared/stock-batch-health.tsx [Client Component Browser]
    ./src/components/portals/warehouse/sections/stocks/stocks-view.tsx [Client Component Browser]
    ./src/components/portals/warehouse/WarehousePortal.tsx [Client Component Browser]
    ./src/app/page.tsx [Client Component Browser]
    ./src/app/page.tsx [Server Component]
    ./src/app/admin/page.tsx [Server Component]

  Client Component SSR:
    ./src/components/portals/shared/stock-batch-health.tsx [Client Component SSR]
    ./src/components/portals/warehouse/sections/stocks/stocks-view.tsx [Client Component SSR]
    ./src/components/portals/warehouse/WarehousePortal.tsx [Client Component SSR]
    ./src/app/page.tsx [Client Component SSR]
    ./src/app/page.tsx [Server Component]
    ./src/app/admin/page.tsx [Server Component] @ https://localhost:3000/_next/static/chunks/node_modules_next_dist_f3530cac._.js:3127
[ 5713271ms] [ERROR] ./src/components/portals/shared/stock-batch-health.tsx:3:8
Parsing ecmascript source code failed
  1 | import { Badge } from '@/components/ui/badge'
  2 | import {
> 3 | import { cn } from '@/lib/utils'
    |        ^
  4 | import { FILTER_SELECT_CLASS } from './filter-select'
  5 |   CRITICAL_MAX_DAYS_LEFT,
  6 |   EXPIRING_SOON_MAX_DAYS_LEFT,

Expected ',', got '{'

Import traces:
  Client Component Browser:
    ./src/components/portals/shared/stock-batch-health.tsx [Client Component Browser]
    ./src/components/portals/warehouse/sections/stocks/stocks-view.tsx [Client Component Browser]
    ./src/components/portals/warehouse/WarehousePortal.tsx [Client Component Browser]
    ./src/app/page.tsx [Client Component Browser]
    ./src/app/page.tsx [Server Component]
    ./src/app/admin/page.tsx [Server Component]

  Client Component SSR:
    ./src/components/portals/shared/stock-batch-health.tsx [Client Component SSR]
    ./src/components/portals/warehouse/sections/stocks/stocks-view.tsx [Client Component SSR]
    ./src/components/portals/warehouse/WarehousePortal.tsx [Client Component SSR]
    ./src/app/page.tsx [Client Component SSR]
    ./src/app/page.tsx [Server Component]
    ./src/app/admin/page.tsx [Server Component] @ https://localhost:3000/_next/static/chunks/node_modules_next_dist_f3530cac._.js:3127
[ 5713336ms] [ERROR] ./src/components/portals/shared/stock-batch-health.tsx:3:8
Parsing ecmascript source code failed
  1 | import { Badge } from '@/components/ui/badge'
  2 | import {
> 3 | import { cn } from '@/lib/utils'
    |        ^
  4 | import { FILTER_SELECT_CLASS } from './filter-select'
  5 |   CRITICAL_MAX_DAYS_LEFT,
  6 |   EXPIRING_SOON_MAX_DAYS_LEFT,

Expected ',', got '{'

Import traces:
  Client Component Browser:
    ./src/components/portals/shared/stock-batch-health.tsx [Client Component Browser]
    ./src/components/portals/warehouse/sections/stocks/stocks-view.tsx [Client Component Browser]
    ./src/components/portals/warehouse/WarehousePortal.tsx [Client Component Browser]
    ./src/app/page.tsx [Client Component Browser]
    ./src/app/page.tsx [Server Component]
    ./src/app/admin/page.tsx [Server Component]

  Client Component SSR:
    ./src/components/portals/shared/stock-batch-health.tsx [Client Component SSR]
    ./src/components/portals/warehouse/sections/stocks/stocks-view.tsx [Client Component SSR]
    ./src/components/portals/warehouse/WarehousePortal.tsx [Client Component SSR]
    ./src/app/page.tsx [Client Component SSR]
    ./src/app/page.tsx [Server Component]
    ./src/app/admin/page.tsx [Server Component] @ https://localhost:3000/_next/static/chunks/node_modules_next_dist_f3530cac._.js:3127
[ 5713402ms] [ERROR] ./src/components/portals/shared/stock-batch-health.tsx:3:8
Parsing ecmascript source code failed
  1 | import { Badge } from '@/components/ui/badge'
  2 | import {
> 3 | import { cn } from '@/lib/utils'
    |        ^
  4 | import { FILTER_SELECT_CLASS } from './filter-select'
  5 |   CRITICAL_MAX_DAYS_LEFT,
  6 |   EXPIRING_SOON_MAX_DAYS_LEFT,

Expected ',', got '{'

Import traces:
  Client Component Browser:
    ./src/components/portals/shared/stock-batch-health.tsx [Client Component Browser]
    ./src/components/portals/warehouse/sections/stocks/stocks-view.tsx [Client Component Browser]
    ./src/components/portals/warehouse/WarehousePortal.tsx [Client Component Browser]
    ./src/app/page.tsx [Client Component Browser]
    ./src/app/page.tsx [Server Component]
    ./src/app/admin/page.tsx [Server Component]

  Client Component SSR:
    ./src/components/portals/shared/stock-batch-health.tsx [Client Component SSR]
    ./src/components/portals/warehouse/sections/stocks/stocks-view.tsx [Client Component SSR]
    ./src/components/portals/warehouse/WarehousePortal.tsx [Client Component SSR]
    ./src/app/page.tsx [Client Component SSR]
    ./src/app/page.tsx [Server Component]
    ./src/app/admin/page.tsx [Server Component] @ https://localhost:3000/_next/static/chunks/node_modules_next_dist_f3530cac._.js:3127
[ 5713463ms] [ERROR] ./src/components/portals/shared/stock-batch-health.tsx:3:8
Parsing ecmascript source code failed
  1 | import { Badge } from '@/components/ui/badge'
  2 | import {
> 3 | import { cn } from '@/lib/utils'
    |        ^
  4 | import { FILTER_SELECT_CLASS } from './filter-select'
  5 |   CRITICAL_MAX_DAYS_LEFT,
  6 |   EXPIRING_SOON_MAX_DAYS_LEFT,

Expected ',', got '{'

Import traces:
  Client Component Browser:
    ./src/components/portals/shared/stock-batch-health.tsx [Client Component Browser]
    ./src/components/portals/warehouse/sections/stocks/stocks-view.tsx [Client Component Browser]
    ./src/components/portals/warehouse/WarehousePortal.tsx [Client Component Browser]
    ./src/app/page.tsx [Client Component Browser]
    ./src/app/page.tsx [Server Component]
    ./src/app/admin/page.tsx [Server Component]

  Client Component SSR:
    ./src/components/portals/shared/stock-batch-health.tsx [Client Component SSR]
    ./src/components/portals/warehouse/sections/stocks/stocks-view.tsx [Client Component SSR]
    ./src/components/portals/warehouse/WarehousePortal.tsx [Client Component SSR]
    ./src/app/page.tsx [Client Component SSR]
    ./src/app/page.tsx [Server Component]
    ./src/app/admin/page.tsx [Server Component] @ https://localhost:3000/_next/static/chunks/node_modules_next_dist_f3530cac._.js:3127
[ 5713512ms] [ERROR] ./src/components/portals/shared/stock-batch-health.tsx:3:8
Parsing ecmascript source code failed
  1 | import { Badge } from '@/components/ui/badge'
  2 | import {
> 3 | import { cn } from '@/lib/utils'
    |        ^
  4 | import { FILTER_SELECT_CLASS } from './filter-select'
  5 |   CRITICAL_MAX_DAYS_LEFT,
  6 |   EXPIRING_SOON_MAX_DAYS_LEFT,

Expected ',', got '{'

Import traces:
  Client Component Browser:
    ./src/components/portals/shared/stock-batch-health.tsx [Client Component Browser]
    ./src/components/portals/warehouse/sections/stocks/stocks-view.tsx [Client Component Browser]
    ./src/components/portals/warehouse/WarehousePortal.tsx [Client Component Browser]
    ./src/app/page.tsx [Client Component Browser]
    ./src/app/page.tsx [Server Component]
    ./src/app/admin/page.tsx [Server Component]

  Client Component SSR:
    ./src/components/portals/shared/stock-batch-health.tsx [Client Component SSR]
    ./src/components/portals/warehouse/sections/stocks/stocks-view.tsx [Client Component SSR]
    ./src/components/portals/warehouse/WarehousePortal.tsx [Client Component SSR]
    ./src/app/page.tsx [Client Component SSR]
    ./src/app/page.tsx [Server Component]
    ./src/app/admin/page.tsx [Server Component] @ https://localhost:3000/_next/static/chunks/node_modules_next_dist_f3530cac._.js:3127
[ 5713561ms] [ERROR] ./src/components/portals/shared/stock-batch-health.tsx:3:8
Parsing ecmascript source code failed
  1 | import { Badge } from '@/components/ui/badge'
  2 | import {
> 3 | import { cn } from '@/lib/utils'
    |        ^
  4 | import { FILTER_SELECT_CLASS } from './filter-select'
  5 |   CRITICAL_MAX_DAYS_LEFT,
  6 |   EXPIRING_SOON_MAX_DAYS_LEFT,

Expected ',', got '{'

Import traces:
  Client Component Browser:
    ./src/components/portals/shared/stock-batch-health.tsx [Client Component Browser]
    ./src/components/portals/warehouse/sections/stocks/stocks-view.tsx [Client Component Browser]
    ./src/components/portals/warehouse/WarehousePortal.tsx [Client Component Browser]
    ./src/app/page.tsx [Client Component Browser]
    ./src/app/page.tsx [Server Component]
    ./src/app/admin/page.tsx [Server Component]

  Client Component SSR:
    ./src/components/portals/shared/stock-batch-health.tsx [Client Component SSR]
    ./src/components/portals/warehouse/sections/stocks/stocks-view.tsx [Client Component SSR]
    ./src/components/portals/warehouse/WarehousePortal.tsx [Client Component SSR]
    ./src/app/page.tsx [Client Component SSR]
    ./src/app/page.tsx [Server Component]
    ./src/app/admin/page.tsx [Server Component] @ https://localhost:3000/_next/static/chunks/node_modules_next_dist_f3530cac._.js:3127
[ 5713617ms] [ERROR] ./src/components/portals/shared/stock-batch-health.tsx:3:8
Parsing ecmascript source code failed
  1 | import { Badge } from '@/components/ui/badge'
  2 | import {
> 3 | import { cn } from '@/lib/utils'
    |        ^
  4 | import { FILTER_SELECT_CLASS } from './filter-select'
  5 |   CRITICAL_MAX_DAYS_LEFT,
  6 |   EXPIRING_SOON_MAX_DAYS_LEFT,

Expected ',', got '{'

Import traces:
  Client Component Browser:
    ./src/components/portals/shared/stock-batch-health.tsx [Client Component Browser]
    ./src/components/portals/warehouse/sections/stocks/stocks-view.tsx [Client Component Browser]
    ./src/components/portals/warehouse/WarehousePortal.tsx [Client Component Browser]
    ./src/app/page.tsx [Client Component Browser]
    ./src/app/page.tsx [Server Component]
    ./src/app/admin/page.tsx [Server Component]

  Client Component SSR:
    ./src/components/portals/shared/stock-batch-health.tsx [Client Component SSR]
    ./src/components/portals/warehouse/sections/stocks/stocks-view.tsx [Client Component SSR]
    ./src/components/portals/warehouse/WarehousePortal.tsx [Client Component SSR]
    ./src/app/page.tsx [Client Component SSR]
    ./src/app/page.tsx [Server Component]
    ./src/app/admin/page.tsx [Server Component] @ https://localhost:3000/_next/static/chunks/node_modules_next_dist_f3530cac._.js:3127
[ 5713684ms] [ERROR] ./src/components/portals/shared/stock-batch-health.tsx:3:8
Parsing ecmascript source code failed
  1 | import { Badge } from '@/components/ui/badge'
  2 | import {
> 3 | import { cn } from '@/lib/utils'
    |        ^
  4 | import { FILTER_SELECT_CLASS } from './filter-select'
  5 |   CRITICAL_MAX_DAYS_LEFT,
  6 |   EXPIRING_SOON_MAX_DAYS_LEFT,

Expected ',', got '{'

Import traces:
  Client Component Browser:
    ./src/components/portals/shared/stock-batch-health.tsx [Client Component Browser]
    ./src/components/portals/warehouse/sections/stocks/stocks-view.tsx [Client Component Browser]
    ./src/components/portals/warehouse/WarehousePortal.tsx [Client Component Browser]
    ./src/app/page.tsx [Client Component Browser]
    ./src/app/page.tsx [Server Component]
    ./src/app/admin/page.tsx [Server Component]

  Client Component SSR:
    ./src/components/portals/shared/stock-batch-health.tsx [Client Component SSR]
    ./src/components/portals/warehouse/sections/stocks/stocks-view.tsx [Client Component SSR]
    ./src/components/portals/warehouse/WarehousePortal.tsx [Client Component SSR]
    ./src/app/page.tsx [Client Component SSR]
    ./src/app/page.tsx [Server Component]
    ./src/app/admin/page.tsx [Server Component] @ https://localhost:3000/_next/static/chunks/node_modules_next_dist_f3530cac._.js:3127
[ 5713747ms] [ERROR] ./src/components/portals/shared/stock-batch-health.tsx:3:8
Parsing ecmascript source code failed
  1 | import { Badge } from '@/components/ui/badge'
  2 | import {
> 3 | import { cn } from '@/lib/utils'
    |        ^
  4 | import { FILTER_SELECT_CLASS } from './filter-select'
  5 |   CRITICAL_MAX_DAYS_LEFT,
  6 |   EXPIRING_SOON_MAX_DAYS_LEFT,

Expected ',', got '{'

Import traces:
  Client Component Browser:
    ./src/components/portals/shared/stock-batch-health.tsx [Client Component Browser]
    ./src/components/portals/warehouse/sections/stocks/stocks-view.tsx [Client Component Browser]
    ./src/components/portals/warehouse/WarehousePortal.tsx [Client Component Browser]
    ./src/app/page.tsx [Client Component Browser]
    ./src/app/page.tsx [Server Component]
    ./src/app/admin/page.tsx [Server Component]

  Client Component SSR:
    ./src/components/portals/shared/stock-batch-health.tsx [Client Component SSR]
    ./src/components/portals/warehouse/sections/stocks/stocks-view.tsx [Client Component SSR]
    ./src/components/portals/warehouse/WarehousePortal.tsx [Client Component SSR]
    ./src/app/page.tsx [Client Component SSR]
    ./src/app/page.tsx [Server Component]
    ./src/app/admin/page.tsx [Server Component] @ https://localhost:3000/_next/static/chunks/node_modules_next_dist_f3530cac._.js:3127
[ 5713803ms] [ERROR] ./src/components/portals/shared/stock-batch-health.tsx:3:8
Parsing ecmascript source code failed
  1 | import { Badge } from '@/components/ui/badge'
  2 | import {
> 3 | import { cn } from '@/lib/utils'
    |        ^
  4 | import { FILTER_SELECT_CLASS } from './filter-select'
  5 |   CRITICAL_MAX_DAYS_LEFT,
  6 |   EXPIRING_SOON_MAX_DAYS_LEFT,

Expected ',', got '{'

Import traces:
  Client Component Browser:
    ./src/components/portals/shared/stock-batch-health.tsx [Client Component Browser]
    ./src/components/portals/warehouse/sections/stocks/stocks-view.tsx [Client Component Browser]
    ./src/components/portals/warehouse/WarehousePortal.tsx [Client Component Browser]
    ./src/app/page.tsx [Client Component Browser]
    ./src/app/page.tsx [Server Component]
    ./src/app/admin/page.tsx [Server Component]

  Client Component SSR:
    ./src/components/portals/shared/stock-batch-health.tsx [Client Component SSR]
    ./src/components/portals/warehouse/sections/stocks/stocks-view.tsx [Client Component SSR]
    ./src/components/portals/warehouse/WarehousePortal.tsx [Client Component SSR]
    ./src/app/page.tsx [Client Component SSR]
    ./src/app/page.tsx [Server Component]
    ./src/app/admin/page.tsx [Server Component] @ https://localhost:3000/_next/static/chunks/node_modules_next_dist_f3530cac._.js:3127
[ 5713869ms] [ERROR] ./src/components/portals/shared/stock-batch-health.tsx:3:8
Parsing ecmascript source code failed
  1 | import { Badge } from '@/components/ui/badge'
  2 | import {
> 3 | import { cn } from '@/lib/utils'
    |        ^
  4 | import { FILTER_SELECT_CLASS } from './filter-select'
  5 |   CRITICAL_MAX_DAYS_LEFT,
  6 |   EXPIRING_SOON_MAX_DAYS_LEFT,

Expected ',', got '{'

Import traces:
  Client Component Browser:
    ./src/components/portals/shared/stock-batch-health.tsx [Client Component Browser]
    ./src/components/portals/warehouse/sections/stocks/stocks-view.tsx [Client Component Browser]
    ./src/components/portals/warehouse/WarehousePortal.tsx [Client Component Browser]
    ./src/app/page.tsx [Client Component Browser]
    ./src/app/page.tsx [Server Component]
    ./src/app/admin/page.tsx [Server Component]

  Client Component SSR:
    ./src/components/portals/shared/stock-batch-health.tsx [Client Component SSR]
    ./src/components/portals/warehouse/sections/stocks/stocks-view.tsx [Client Component SSR]
    ./src/components/portals/warehouse/WarehousePortal.tsx [Client Component SSR]
    ./src/app/page.tsx [Client Component SSR]
    ./src/app/page.tsx [Server Component]
    ./src/app/admin/page.tsx [Server Component] @ https://localhost:3000/_next/static/chunks/node_modules_next_dist_f3530cac._.js:3127
[ 5713925ms] [ERROR] ./src/components/portals/shared/stock-batch-health.tsx:3:8
Parsing ecmascript source code failed
  1 | import { Badge } from '@/components/ui/badge'
  2 | import {
> 3 | import { cn } from '@/lib/utils'
    |        ^
  4 | import { FILTER_SELECT_CLASS } from './filter-select'
  5 |   CRITICAL_MAX_DAYS_LEFT,
  6 |   EXPIRING_SOON_MAX_DAYS_LEFT,

Expected ',', got '{'

Import traces:
  Client Component Browser:
    ./src/components/portals/shared/stock-batch-health.tsx [Client Component Browser]
    ./src/components/portals/warehouse/sections/stocks/stocks-view.tsx [Client Component Browser]
    ./src/components/portals/warehouse/WarehousePortal.tsx [Client Component Browser]
    ./src/app/page.tsx [Client Component Browser]
    ./src/app/page.tsx [Server Component]
    ./src/app/admin/page.tsx [Server Component]

  Client Component SSR:
    ./src/components/portals/shared/stock-batch-health.tsx [Client Component SSR]
    ./src/components/portals/warehouse/sections/stocks/stocks-view.tsx [Client Component SSR]
    ./src/components/portals/warehouse/WarehousePortal.tsx [Client Component SSR]
    ./src/app/page.tsx [Client Component SSR]
    ./src/app/page.tsx [Server Component]
    ./src/app/admin/page.tsx [Server Component] @ https://localhost:3000/_next/static/chunks/node_modules_next_dist_f3530cac._.js:3127
[ 5713978ms] [ERROR] ./src/components/portals/shared/stock-batch-health.tsx:3:8
Parsing ecmascript source code failed
  1 | import { Badge } from '@/components/ui/badge'
  2 | import {
> 3 | import { cn } from '@/lib/utils'
    |        ^
  4 | import { FILTER_SELECT_CLASS } from './filter-select'
  5 |   CRITICAL_MAX_DAYS_LEFT,
  6 |   EXPIRING_SOON_MAX_DAYS_LEFT,

Expected ',', got '{'

Import traces:
  Client Component Browser:
    ./src/components/portals/shared/stock-batch-health.tsx [Client Component Browser]
    ./src/components/portals/warehouse/sections/stocks/stocks-view.tsx [Client Component Browser]
    ./src/components/portals/warehouse/WarehousePortal.tsx [Client Component Browser]
    ./src/app/page.tsx [Client Component Browser]
    ./src/app/page.tsx [Server Component]
    ./src/app/admin/page.tsx [Server Component]

  Client Component SSR:
    ./src/components/portals/shared/stock-batch-health.tsx [Client Component SSR]
    ./src/components/portals/warehouse/sections/stocks/stocks-view.tsx [Client Component SSR]
    ./src/components/portals/warehouse/WarehousePortal.tsx [Client Component SSR]
    ./src/app/page.tsx [Client Component SSR]
    ./src/app/page.tsx [Server Component]
    ./src/app/admin/page.tsx [Server Component] @ https://localhost:3000/_next/static/chunks/node_modules_next_dist_f3530cac._.js:3127
[ 5714038ms] [ERROR] ./src/components/portals/shared/stock-batch-health.tsx:3:8
Parsing ecmascript source code failed
  1 | import { Badge } from '@/components/ui/badge'
  2 | import {
> 3 | import { cn } from '@/lib/utils'
    |        ^
  4 | import { FILTER_SELECT_CLASS } from './filter-select'
  5 |   CRITICAL_MAX_DAYS_LEFT,
  6 |   EXPIRING_SOON_MAX_DAYS_LEFT,

Expected ',', got '{'

Import traces:
  Client Component Browser:
    ./src/components/portals/shared/stock-batch-health.tsx [Client Component Browser]
    ./src/components/portals/warehouse/sections/stocks/stocks-view.tsx [Client Component Browser]
    ./src/components/portals/warehouse/WarehousePortal.tsx [Client Component Browser]
    ./src/app/page.tsx [Client Component Browser]
    ./src/app/page.tsx [Server Component]
    ./src/app/admin/page.tsx [Server Component]

  Client Component SSR:
    ./src/components/portals/shared/stock-batch-health.tsx [Client Component SSR]
    ./src/components/portals/warehouse/sections/stocks/stocks-view.tsx [Client Component SSR]
    ./src/components/portals/warehouse/WarehousePortal.tsx [Client Component SSR]
    ./src/app/page.tsx [Client Component SSR]
    ./src/app/page.tsx [Server Component]
    ./src/app/admin/page.tsx [Server Component] @ https://localhost:3000/_next/static/chunks/node_modules_next_dist_f3530cac._.js:3127
[ 5714091ms] [ERROR] ./src/components/portals/shared/stock-batch-health.tsx:3:8
Parsing ecmascript source code failed
  1 | import { Badge } from '@/components/ui/badge'
  2 | import {
> 3 | import { cn } from '@/lib/utils'
    |        ^
  4 | import { FILTER_SELECT_CLASS } from './filter-select'
  5 |   CRITICAL_MAX_DAYS_LEFT,
  6 |   EXPIRING_SOON_MAX_DAYS_LEFT,

Expected ',', got '{'

Import traces:
  Client Component Browser:
    ./src/components/portals/shared/stock-batch-health.tsx [Client Component Browser]
    ./src/components/portals/warehouse/sections/stocks/stocks-view.tsx [Client Component Browser]
    ./src/components/portals/warehouse/WarehousePortal.tsx [Client Component Browser]
    ./src/app/page.tsx [Client Component Browser]
    ./src/app/page.tsx [Server Component]
    ./src/app/admin/page.tsx [Server Component]

  Client Component SSR:
    ./src/components/portals/shared/stock-batch-health.tsx [Client Component SSR]
    ./src/components/portals/warehouse/sections/stocks/stocks-view.tsx [Client Component SSR]
    ./src/components/portals/warehouse/WarehousePortal.tsx [Client Component SSR]
    ./src/app/page.tsx [Client Component SSR]
    ./src/app/page.tsx [Server Component]
    ./src/app/admin/page.tsx [Server Component] @ https://localhost:3000/_next/static/chunks/node_modules_next_dist_f3530cac._.js:3127
[ 5714153ms] [ERROR] ./src/components/portals/shared/stock-batch-health.tsx:3:8
Parsing ecmascript source code failed
  1 | import { Badge } from '@/components/ui/badge'
  2 | import {
> 3 | import { cn } from '@/lib/utils'
    |        ^
  4 | import { FILTER_SELECT_CLASS } from './filter-select'
  5 |   CRITICAL_MAX_DAYS_LEFT,
  6 |   EXPIRING_SOON_MAX_DAYS_LEFT,

Expected ',', got '{'

Import traces:
  Client Component Browser:
    ./src/components/portals/shared/stock-batch-health.tsx [Client Component Browser]
    ./src/components/portals/warehouse/sections/stocks/stocks-view.tsx [Client Component Browser]
    ./src/components/portals/warehouse/WarehousePortal.tsx [Client Component Browser]
    ./src/app/page.tsx [Client Component Browser]
    ./src/app/page.tsx [Server Component]
    ./src/app/admin/page.tsx [Server Component]

  Client Component SSR:
    ./src/components/portals/shared/stock-batch-health.tsx [Client Component SSR]
    ./src/components/portals/warehouse/sections/stocks/stocks-view.tsx [Client Component SSR]
    ./src/components/portals/warehouse/WarehousePortal.tsx [Client Component SSR]
    ./src/app/page.tsx [Client Component SSR]
    ./src/app/page.tsx [Server Component]
    ./src/app/admin/page.tsx [Server Component] @ https://localhost:3000/_next/static/chunks/node_modules_next_dist_f3530cac._.js:3127
[ 5714219ms] [ERROR] ./src/components/portals/shared/stock-batch-health.tsx:3:8
Parsing ecmascript source code failed
  1 | import { Badge } from '@/components/ui/badge'
  2 | import {
> 3 | import { cn } from '@/lib/utils'
    |        ^
  4 | import { FILTER_SELECT_CLASS } from './filter-select'
  5 |   CRITICAL_MAX_DAYS_LEFT,
  6 |   EXPIRING_SOON_MAX_DAYS_LEFT,

Expected ',', got '{'

Import traces:
  Client Component Browser:
    ./src/components/portals/shared/stock-batch-health.tsx [Client Component Browser]
    ./src/components/portals/warehouse/sections/stocks/stocks-view.tsx [Client Component Browser]
    ./src/components/portals/warehouse/WarehousePortal.tsx [Client Component Browser]
    ./src/app/page.tsx [Client Component Browser]
    ./src/app/page.tsx [Server Component]
    ./src/app/admin/page.tsx [Server Component]

  Client Component SSR:
    ./src/components/portals/shared/stock-batch-health.tsx [Client Component SSR]
    ./src/components/portals/warehouse/sections/stocks/stocks-view.tsx [Client Component SSR]
    ./src/components/portals/warehouse/WarehousePortal.tsx [Client Component SSR]
    ./src/app/page.tsx [Client Component SSR]
    ./src/app/page.tsx [Server Component]
    ./src/app/admin/page.tsx [Server Component] @ https://localhost:3000/_next/static/chunks/node_modules_next_dist_f3530cac._.js:3127
[ 5714285ms] [ERROR] ./src/components/portals/shared/stock-batch-health.tsx:3:8
Parsing ecmascript source code failed
  1 | import { Badge } from '@/components/ui/badge'
  2 | import {
> 3 | import { cn } from '@/lib/utils'
    |        ^
  4 | import { FILTER_SELECT_CLASS } from './filter-select'
  5 |   CRITICAL_MAX_DAYS_LEFT,
  6 |   EXPIRING_SOON_MAX_DAYS_LEFT,

Expected ',', got '{'

Import traces:
  Client Component Browser:
    ./src/components/portals/shared/stock-batch-health.tsx [Client Component Browser]
    ./src/components/portals/warehouse/sections/stocks/stocks-view.tsx [Client Component Browser]
    ./src/components/portals/warehouse/WarehousePortal.tsx [Client Component Browser]
    ./src/app/page.tsx [Client Component Browser]
    ./src/app/page.tsx [Server Component]
    ./src/app/admin/page.tsx [Server Component]

  Client Component SSR:
    ./src/components/portals/shared/stock-batch-health.tsx [Client Component SSR]
    ./src/components/portals/warehouse/sections/stocks/stocks-view.tsx [Client Component SSR]
    ./src/components/portals/warehouse/WarehousePortal.tsx [Client Component SSR]
    ./src/app/page.tsx [Client Component SSR]
    ./src/app/page.tsx [Server Component]
    ./src/app/admin/page.tsx [Server Component] @ https://localhost:3000/_next/static/chunks/node_modules_next_dist_f3530cac._.js:3127
[ 5714351ms] [ERROR] ./src/components/portals/shared/stock-batch-health.tsx:3:8
Parsing ecmascript source code failed
  1 | import { Badge } from '@/components/ui/badge'
  2 | import {
> 3 | import { cn } from '@/lib/utils'
    |        ^
  4 | import { FILTER_SELECT_CLASS } from './filter-select'
  5 |   CRITICAL_MAX_DAYS_LEFT,
  6 |   EXPIRING_SOON_MAX_DAYS_LEFT,

Expected ',', got '{'

Import traces:
  Client Component Browser:
    ./src/components/portals/shared/stock-batch-health.tsx [Client Component Browser]
    ./src/components/portals/warehouse/sections/stocks/stocks-view.tsx [Client Component Browser]
    ./src/components/portals/warehouse/WarehousePortal.tsx [Client Component Browser]
    ./src/app/page.tsx [Client Component Browser]
    ./src/app/page.tsx [Server Component]
    ./src/app/admin/page.tsx [Server Component]

  Client Component SSR:
    ./src/components/portals/shared/stock-batch-health.tsx [Client Component SSR]
    ./src/components/portals/warehouse/sections/stocks/stocks-view.tsx [Client Component SSR]
    ./src/components/portals/warehouse/WarehousePortal.tsx [Client Component SSR]
    ./src/app/page.tsx [Client Component SSR]
    ./src/app/page.tsx [Server Component]
    ./src/app/admin/page.tsx [Server Component] @ https://localhost:3000/_next/static/chunks/node_modules_next_dist_f3530cac._.js:3127
[ 5714418ms] [ERROR] ./src/components/portals/shared/stock-batch-health.tsx:3:8
Parsing ecmascript source code failed
  1 | import { Badge } from '@/components/ui/badge'
  2 | import {
> 3 | import { cn } from '@/lib/utils'
    |        ^
  4 | import { FILTER_SELECT_CLASS } from './filter-select'
  5 |   CRITICAL_MAX_DAYS_LEFT,
  6 |   EXPIRING_SOON_MAX_DAYS_LEFT,

Expected ',', got '{'

Import traces:
  Client Component Browser:
    ./src/components/portals/shared/stock-batch-health.tsx [Client Component Browser]
    ./src/components/portals/warehouse/sections/stocks/stocks-view.tsx [Client Component Browser]
    ./src/components/portals/warehouse/WarehousePortal.tsx [Client Component Browser]
    ./src/app/page.tsx [Client Component Browser]
    ./src/app/page.tsx [Server Component]
    ./src/app/admin/page.tsx [Server Component]

  Client Component SSR:
    ./src/components/portals/shared/stock-batch-health.tsx [Client Component SSR]
    ./src/components/portals/warehouse/sections/stocks/stocks-view.tsx [Client Component SSR]
    ./src/components/portals/warehouse/WarehousePortal.tsx [Client Component SSR]
    ./src/app/page.tsx [Client Component SSR]
    ./src/app/page.tsx [Server Component]
    ./src/app/admin/page.tsx [Server Component] @ https://localhost:3000/_next/static/chunks/node_modules_next_dist_f3530cac._.js:3127
[ 5714485ms] [ERROR] ./src/components/portals/shared/stock-batch-health.tsx:3:8
Parsing ecmascript source code failed
  1 | import { Badge } from '@/components/ui/badge'
  2 | import {
> 3 | import { cn } from '@/lib/utils'
    |        ^
  4 | import { FILTER_SELECT_CLASS } from './filter-select'
  5 |   CRITICAL_MAX_DAYS_LEFT,
  6 |   EXPIRING_SOON_MAX_DAYS_LEFT,

Expected ',', got '{'

Import traces:
  Client Component Browser:
    ./src/components/portals/shared/stock-batch-health.tsx [Client Component Browser]
    ./src/components/portals/warehouse/sections/stocks/stocks-view.tsx [Client Component Browser]
    ./src/components/portals/warehouse/WarehousePortal.tsx [Client Component Browser]
    ./src/app/page.tsx [Client Component Browser]
    ./src/app/page.tsx [Server Component]
    ./src/app/admin/page.tsx [Server Component]

  Client Component SSR:
    ./src/components/portals/shared/stock-batch-health.tsx [Client Component SSR]
    ./src/components/portals/warehouse/sections/stocks/stocks-view.tsx [Client Component SSR]
    ./src/components/portals/warehouse/WarehousePortal.tsx [Client Component SSR]
    ./src/app/page.tsx [Client Component SSR]
    ./src/app/page.tsx [Server Component]
    ./src/app/admin/page.tsx [Server Component] @ https://localhost:3000/_next/static/chunks/node_modules_next_dist_f3530cac._.js:3127
[ 5714550ms] [ERROR] ./src/components/portals/shared/stock-batch-health.tsx:3:8
Parsing ecmascript source code failed
  1 | import { Badge } from '@/components/ui/badge'
  2 | import {
> 3 | import { cn } from '@/lib/utils'
    |        ^
  4 | import { FILTER_SELECT_CLASS } from './filter-select'
  5 |   CRITICAL_MAX_DAYS_LEFT,
  6 |   EXPIRING_SOON_MAX_DAYS_LEFT,

Expected ',', got '{'

Import traces:
  Client Component Browser:
    ./src/components/portals/shared/stock-batch-health.tsx [Client Component Browser]
    ./src/components/portals/warehouse/sections/stocks/stocks-view.tsx [Client Component Browser]
    ./src/components/portals/warehouse/WarehousePortal.tsx [Client Component Browser]
    ./src/app/page.tsx [Client Component Browser]
    ./src/app/page.tsx [Server Component]
    ./src/app/admin/page.tsx [Server Component]

  Client Component SSR:
    ./src/components/portals/shared/stock-batch-health.tsx [Client Component SSR]
    ./src/components/portals/warehouse/sections/stocks/stocks-view.tsx [Client Component SSR]
    ./src/components/portals/warehouse/WarehousePortal.tsx [Client Component SSR]
    ./src/app/page.tsx [Client Component SSR]
    ./src/app/page.tsx [Server Component]
    ./src/app/admin/page.tsx [Server Component] @ https://localhost:3000/_next/static/chunks/node_modules_next_dist_f3530cac._.js:3127
[ 5714619ms] [ERROR] ./src/components/portals/shared/stock-batch-health.tsx:3:8
Parsing ecmascript source code failed
  1 | import { Badge } from '@/components/ui/badge'
  2 | import {
> 3 | import { cn } from '@/lib/utils'
    |        ^
  4 | import { FILTER_SELECT_CLASS } from './filter-select'
  5 |   CRITICAL_MAX_DAYS_LEFT,
  6 |   EXPIRING_SOON_MAX_DAYS_LEFT,

Expected ',', got '{'

Import traces:
  Client Component Browser:
    ./src/components/portals/shared/stock-batch-health.tsx [Client Component Browser]
    ./src/components/portals/warehouse/sections/stocks/stocks-view.tsx [Client Component Browser]
    ./src/components/portals/warehouse/WarehousePortal.tsx [Client Component Browser]
    ./src/app/page.tsx [Client Component Browser]
    ./src/app/page.tsx [Server Component]
    ./src/app/admin/page.tsx [Server Component]

  Client Component SSR:
    ./src/components/portals/shared/stock-batch-health.tsx [Client Component SSR]
    ./src/components/portals/warehouse/sections/stocks/stocks-view.tsx [Client Component SSR]
    ./src/components/portals/warehouse/WarehousePortal.tsx [Client Component SSR]
    ./src/app/page.tsx [Client Component SSR]
    ./src/app/page.tsx [Server Component]
    ./src/app/admin/page.tsx [Server Component] @ https://localhost:3000/_next/static/chunks/node_modules_next_dist_f3530cac._.js:3127
[ 5714684ms] [ERROR] ./src/components/portals/shared/stock-batch-health.tsx:3:8
Parsing ecmascript source code failed
  1 | import { Badge } from '@/components/ui/badge'
  2 | import {
> 3 | import { cn } from '@/lib/utils'
    |        ^
  4 | import { FILTER_SELECT_CLASS } from './filter-select'
  5 |   CRITICAL_MAX_DAYS_LEFT,
  6 |   EXPIRING_SOON_MAX_DAYS_LEFT,

Expected ',', got '{'

Import traces:
  Client Component Browser:
    ./src/components/portals/shared/stock-batch-health.tsx [Client Component Browser]
    ./src/components/portals/warehouse/sections/stocks/stocks-view.tsx [Client Component Browser]
    ./src/components/portals/warehouse/WarehousePortal.tsx [Client Component Browser]
    ./src/app/page.tsx [Client Component Browser]
    ./src/app/page.tsx [Server Component]
    ./src/app/admin/page.tsx [Server Component]

  Client Component SSR:
    ./src/components/portals/shared/stock-batch-health.tsx [Client Component SSR]
    ./src/components/portals/warehouse/sections/stocks/stocks-view.tsx [Client Component SSR]
    ./src/components/portals/warehouse/WarehousePortal.tsx [Client Component SSR]
    ./src/app/page.tsx [Client Component SSR]
    ./src/app/page.tsx [Server Component]
    ./src/app/admin/page.tsx [Server Component] @ https://localhost:3000/_next/static/chunks/node_modules_next_dist_f3530cac._.js:3127
[ 5714793ms] [ERROR] ./src/components/portals/shared/stock-batch-health.tsx:3:8
Parsing ecmascript source code failed
  1 | import { Badge } from '@/components/ui/badge'
  2 | import {
> 3 | import { cn } from '@/lib/utils'
    |        ^
  4 | import { FILTER_SELECT_CLASS } from './filter-select'
  5 |   CRITICAL_MAX_DAYS_LEFT,
  6 |   EXPIRING_SOON_MAX_DAYS_LEFT,

Expected ',', got '{'

Import traces:
  Client Component Browser:
    ./src/components/portals/shared/stock-batch-health.tsx [Client Component Browser]
    ./src/components/portals/warehouse/sections/stocks/stocks-view.tsx [Client Component Browser]
    ./src/components/portals/warehouse/WarehousePortal.tsx [Client Component Browser]
    ./src/app/page.tsx [Client Component Browser]
    ./src/app/page.tsx [Server Component]
    ./src/app/admin/page.tsx [Server Component]

  Client Component SSR:
    ./src/components/portals/shared/stock-batch-health.tsx [Client Component SSR]
    ./src/components/portals/warehouse/sections/stocks/stocks-view.tsx [Client Component SSR]
    ./src/components/portals/warehouse/WarehousePortal.tsx [Client Component SSR]
    ./src/app/page.tsx [Client Component SSR]
    ./src/app/page.tsx [Server Component]
    ./src/app/admin/page.tsx [Server Component] @ https://localhost:3000/_next/static/chunks/node_modules_next_dist_f3530cac._.js:3127
[ 5714849ms] [ERROR] ./src/components/portals/shared/stock-batch-health.tsx:3:8
Parsing ecmascript source code failed
  1 | import { Badge } from '@/components/ui/badge'
  2 | import {
> 3 | import { cn } from '@/lib/utils'
    |        ^
  4 | import { FILTER_SELECT_CLASS } from './filter-select'
  5 |   CRITICAL_MAX_DAYS_LEFT,
  6 |   EXPIRING_SOON_MAX_DAYS_LEFT,

Expected ',', got '{'

Import traces:
  Client Component Browser:
    ./src/components/portals/shared/stock-batch-health.tsx [Client Component Browser]
    ./src/components/portals/warehouse/sections/stocks/stocks-view.tsx [Client Component Browser]
    ./src/components/portals/warehouse/WarehousePortal.tsx [Client Component Browser]
    ./src/app/page.tsx [Client Component Browser]
    ./src/app/page.tsx [Server Component]
    ./src/app/admin/page.tsx [Server Component]

  Client Component SSR:
    ./src/components/portals/shared/stock-batch-health.tsx [Client Component SSR]
    ./src/components/portals/warehouse/sections/stocks/stocks-view.tsx [Client Component SSR]
    ./src/components/portals/warehouse/WarehousePortal.tsx [Client Component SSR]
    ./src/app/page.tsx [Client Component SSR]
    ./src/app/page.tsx [Server Component]
    ./src/app/admin/page.tsx [Server Component] @ https://localhost:3000/_next/static/chunks/node_modules_next_dist_f3530cac._.js:3127
[ 5714911ms] [ERROR] ./src/components/portals/shared/stock-batch-health.tsx:3:8
Parsing ecmascript source code failed
  1 | import { Badge } from '@/components/ui/badge'
  2 | import {
> 3 | import { cn } from '@/lib/utils'
    |        ^
  4 | import { FILTER_SELECT_CLASS } from './filter-select'
  5 |   CRITICAL_MAX_DAYS_LEFT,
  6 |   EXPIRING_SOON_MAX_DAYS_LEFT,

Expected ',', got '{'

Import traces:
  Client Component Browser:
    ./src/components/portals/shared/stock-batch-health.tsx [Client Component Browser]
    ./src/components/portals/warehouse/sections/stocks/stocks-view.tsx [Client Component Browser]
    ./src/components/portals/warehouse/WarehousePortal.tsx [Client Component Browser]
    ./src/app/page.tsx [Client Component Browser]
    ./src/app/page.tsx [Server Component]
    ./src/app/admin/page.tsx [Server Component]

  Client Component SSR:
    ./src/components/portals/shared/stock-batch-health.tsx [Client Component SSR]
    ./src/components/portals/warehouse/sections/stocks/stocks-view.tsx [Client Component SSR]
    ./src/components/portals/warehouse/WarehousePortal.tsx [Client Component SSR]
    ./src/app/page.tsx [Client Component SSR]
    ./src/app/page.tsx [Server Component]
    ./src/app/admin/page.tsx [Server Component] @ https://localhost:3000/_next/static/chunks/node_modules_next_dist_f3530cac._.js:3127
[ 5714970ms] [ERROR] ./src/components/portals/shared/stock-batch-health.tsx:3:8
Parsing ecmascript source code failed
  1 | import { Badge } from '@/components/ui/badge'
  2 | import {
> 3 | import { cn } from '@/lib/utils'
    |        ^
  4 | import { FILTER_SELECT_CLASS } from './filter-select'
  5 |   CRITICAL_MAX_DAYS_LEFT,
  6 |   EXPIRING_SOON_MAX_DAYS_LEFT,

Expected ',', got '{'

Import traces:
  Client Component Browser:
    ./src/components/portals/shared/stock-batch-health.tsx [Client Component Browser]
    ./src/components/portals/warehouse/sections/stocks/stocks-view.tsx [Client Component Browser]
    ./src/components/portals/warehouse/WarehousePortal.tsx [Client Component Browser]
    ./src/app/page.tsx [Client Component Browser]
    ./src/app/page.tsx [Server Component]
    ./src/app/admin/page.tsx [Server Component]

  Client Component SSR:
    ./src/components/portals/shared/stock-batch-health.tsx [Client Component SSR]
    ./src/components/portals/warehouse/sections/stocks/stocks-view.tsx [Client Component SSR]
    ./src/components/portals/warehouse/WarehousePortal.tsx [Client Component SSR]
    ./src/app/page.tsx [Client Component SSR]
    ./src/app/page.tsx [Server Component]
    ./src/app/admin/page.tsx [Server Component] @ https://localhost:3000/_next/static/chunks/node_modules_next_dist_f3530cac._.js:3127
[ 5715030ms] [ERROR] ./src/components/portals/shared/stock-batch-health.tsx:3:8
Parsing ecmascript source code failed
  1 | import { Badge } from '@/components/ui/badge'
  2 | import {
> 3 | import { cn } from '@/lib/utils'
    |        ^
  4 | import { FILTER_SELECT_CLASS } from './filter-select'
  5 |   CRITICAL_MAX_DAYS_LEFT,
  6 |   EXPIRING_SOON_MAX_DAYS_LEFT,

Expected ',', got '{'

Import traces:
  Client Component Browser:
    ./src/components/portals/shared/stock-batch-health.tsx [Client Component Browser]
    ./src/components/portals/warehouse/sections/stocks/stocks-view.tsx [Client Component Browser]
    ./src/components/portals/warehouse/WarehousePortal.tsx [Client Component Browser]
    ./src/app/page.tsx [Client Component Browser]
    ./src/app/page.tsx [Server Component]
    ./src/app/admin/page.tsx [Server Component]

  Client Component SSR:
    ./src/components/portals/shared/stock-batch-health.tsx [Client Component SSR]
    ./src/components/portals/warehouse/sections/stocks/stocks-view.tsx [Client Component SSR]
    ./src/components/portals/warehouse/WarehousePortal.tsx [Client Component SSR]
    ./src/app/page.tsx [Client Component SSR]
    ./src/app/page.tsx [Server Component]
    ./src/app/admin/page.tsx [Server Component] @ https://localhost:3000/_next/static/chunks/node_modules_next_dist_f3530cac._.js:3127
[ 5715083ms] [ERROR] ./src/components/portals/shared/stock-batch-health.tsx:3:8
Parsing ecmascript source code failed
  1 | import { Badge } from '@/components/ui/badge'
  2 | import {
> 3 | import { cn } from '@/lib/utils'
    |        ^
  4 | import { FILTER_SELECT_CLASS } from './filter-select'
  5 |   CRITICAL_MAX_DAYS_LEFT,
  6 |   EXPIRING_SOON_MAX_DAYS_LEFT,

Expected ',', got '{'

Import traces:
  Client Component Browser:
    ./src/components/portals/shared/stock-batch-health.tsx [Client Component Browser]
    ./src/components/portals/warehouse/sections/stocks/stocks-view.tsx [Client Component Browser]
    ./src/components/portals/warehouse/WarehousePortal.tsx [Client Component Browser]
    ./src/app/page.tsx [Client Component Browser]
    ./src/app/page.tsx [Server Component]
    ./src/app/admin/page.tsx [Server Component]

  Client Component SSR:
    ./src/components/portals/shared/stock-batch-health.tsx [Client Component SSR]
    ./src/components/portals/warehouse/sections/stocks/stocks-view.tsx [Client Component SSR]
    ./src/components/portals/warehouse/WarehousePortal.tsx [Client Component SSR]
    ./src/app/page.tsx [Client Component SSR]
    ./src/app/page.tsx [Server Component]
    ./src/app/admin/page.tsx [Server Component] @ https://localhost:3000/_next/static/chunks/node_modules_next_dist_f3530cac._.js:3127
[ 5715191ms] [ERROR] ./src/components/portals/shared/stock-batch-health.tsx:3:8
Parsing ecmascript source code failed
  1 | import { Badge } from '@/components/ui/badge'
  2 | import {
> 3 | import { cn } from '@/lib/utils'
    |        ^
  4 | import { FILTER_SELECT_CLASS } from './filter-select'
  5 |   CRITICAL_MAX_DAYS_LEFT,
  6 |   EXPIRING_SOON_MAX_DAYS_LEFT,

Expected ',', got '{'

Import traces:
  Client Component Browser:
    ./src/components/portals/shared/stock-batch-health.tsx [Client Component Browser]
    ./src/components/portals/warehouse/sections/stocks/stocks-view.tsx [Client Component Browser]
    ./src/components/portals/warehouse/WarehousePortal.tsx [Client Component Browser]
    ./src/app/page.tsx [Client Component Browser]
    ./src/app/page.tsx [Server Component]
    ./src/app/admin/page.tsx [Server Component]

  Client Component SSR:
    ./src/components/portals/shared/stock-batch-health.tsx [Client Component SSR]
    ./src/components/portals/warehouse/sections/stocks/stocks-view.tsx [Client Component SSR]
    ./src/components/portals/warehouse/WarehousePortal.tsx [Client Component SSR]
    ./src/app/page.tsx [Client Component SSR]
    ./src/app/page.tsx [Server Component]
    ./src/app/admin/page.tsx [Server Component] @ https://localhost:3000/_next/static/chunks/node_modules_next_dist_f3530cac._.js:3127
[ 5715225ms] [LOG] [Fast Refresh] rebuilding @ https://localhost:3000/_next/static/chunks/node_modules_next_dist_f3530cac._.js:2297
[ 5715291ms] [ERROR] ./src/components/portals/shared/stock-batch-health.tsx:3:8
Parsing ecmascript source code failed
  1 | import { Badge } from '@/components/ui/badge'
  2 | import {
> 3 | import { cn } from '@/lib/utils'
    |        ^
  4 | import { FILTER_SELECT_CLASS } from './filter-select'
  5 |   CRITICAL_MAX_DAYS_LEFT,
  6 |   EXPIRING_SOON_MAX_DAYS_LEFT,

Expected ',', got '{'

Import traces:
  Client Component Browser:
    ./src/components/portals/shared/stock-batch-health.tsx [Client Component Browser]
    ./src/components/portals/warehouse/sections/stocks/stocks-view.tsx [Client Component Browser]
    ./src/components/portals/warehouse/WarehousePortal.tsx [Client Component Browser]
    ./src/app/page.tsx [Client Component Browser]
    ./src/app/page.tsx [Server Component]
    ./src/app/admin/page.tsx [Server Component]

  Client Component SSR:
    ./src/components/portals/shared/stock-batch-health.tsx [Client Component SSR]
    ./src/components/portals/warehouse/sections/stocks/stocks-view.tsx [Client Component SSR]
    ./src/components/portals/warehouse/WarehousePortal.tsx [Client Component SSR]
    ./src/app/page.tsx [Client Component SSR]
    ./src/app/page.tsx [Server Component]
    ./src/app/admin/page.tsx [Server Component] @ https://localhost:3000/_next/static/chunks/node_modules_next_dist_f3530cac._.js:3127
[ 5715354ms] [ERROR] ./src/components/portals/shared/stock-batch-health.tsx:3:8
Parsing ecmascript source code failed
  1 | import { Badge } from '@/components/ui/badge'
  2 | import {
> 3 | import { cn } from '@/lib/utils'
    |        ^
  4 | import { FILTER_SELECT_CLASS } from './filter-select'
  5 |   CRITICAL_MAX_DAYS_LEFT,
  6 |   EXPIRING_SOON_MAX_DAYS_LEFT,

Expected ',', got '{'

Import traces:
  Client Component Browser:
    ./src/components/portals/shared/stock-batch-health.tsx [Client Component Browser]
    ./src/components/portals/warehouse/sections/stocks/stocks-view.tsx [Client Component Browser]
    ./src/components/portals/warehouse/WarehousePortal.tsx [Client Component Browser]
    ./src/app/page.tsx [Client Component Browser]
    ./src/app/page.tsx [Server Component]
    ./src/app/admin/page.tsx [Server Component]

  Client Component SSR:
    ./src/components/portals/shared/stock-batch-health.tsx [Client Component SSR]
    ./src/components/portals/warehouse/sections/stocks/stocks-view.tsx [Client Component SSR]
    ./src/components/portals/warehouse/WarehousePortal.tsx [Client Component SSR]
    ./src/app/page.tsx [Client Component SSR]
    ./src/app/page.tsx [Server Component]
    ./src/app/admin/page.tsx [Server Component] @ https://localhost:3000/_next/static/chunks/node_modules_next_dist_f3530cac._.js:3127
[ 5715419ms] [ERROR] ./src/components/portals/shared/stock-batch-health.tsx:3:8
Parsing ecmascript source code failed
  1 | import { Badge } from '@/components/ui/badge'
  2 | import {
> 3 | import { cn } from '@/lib/utils'
    |        ^
  4 | import { FILTER_SELECT_CLASS } from './filter-select'
  5 |   CRITICAL_MAX_DAYS_LEFT,
  6 |   EXPIRING_SOON_MAX_DAYS_LEFT,

Expected ',', got '{'

Import traces:
  Client Component Browser:
    ./src/components/portals/shared/stock-batch-health.tsx [Client Component Browser]
    ./src/components/portals/warehouse/sections/stocks/stocks-view.tsx [Client Component Browser]
    ./src/components/portals/warehouse/WarehousePortal.tsx [Client Component Browser]
    ./src/app/page.tsx [Client Component Browser]
    ./src/app/page.tsx [Server Component]
    ./src/app/admin/page.tsx [Server Component]

  Client Component SSR:
    ./src/components/portals/shared/stock-batch-health.tsx [Client Component SSR]
    ./src/components/portals/warehouse/sections/stocks/stocks-view.tsx [Client Component SSR]
    ./src/components/portals/warehouse/WarehousePortal.tsx [Client Component SSR]
    ./src/app/page.tsx [Client Component SSR]
    ./src/app/page.tsx [Server Component]
    ./src/app/admin/page.tsx [Server Component] @ https://localhost:3000/_next/static/chunks/node_modules_next_dist_f3530cac._.js:3127
[ 5715472ms] [ERROR] ./src/components/portals/shared/stock-batch-health.tsx:3:8
Parsing ecmascript source code failed
  1 | import { Badge } from '@/components/ui/badge'
  2 | import {
> 3 | import { cn } from '@/lib/utils'
    |        ^
  4 | import { FILTER_SELECT_CLASS } from './filter-select'
  5 |   CRITICAL_MAX_DAYS_LEFT,
  6 |   EXPIRING_SOON_MAX_DAYS_LEFT,

Expected ',', got '{'

Import traces:
  Client Component Browser:
    ./src/components/portals/shared/stock-batch-health.tsx [Client Component Browser]
    ./src/components/portals/warehouse/sections/stocks/stocks-view.tsx [Client Component Browser]
    ./src/components/portals/warehouse/WarehousePortal.tsx [Client Component Browser]
    ./src/app/page.tsx [Client Component Browser]
    ./src/app/page.tsx [Server Component]
    ./src/app/admin/page.tsx [Server Component]

  Client Component SSR:
    ./src/components/portals/shared/stock-batch-health.tsx [Client Component SSR]
    ./src/components/portals/warehouse/sections/stocks/stocks-view.tsx [Client Component SSR]
    ./src/components/portals/warehouse/WarehousePortal.tsx [Client Component SSR]
    ./src/app/page.tsx [Client Component SSR]
    ./src/app/page.tsx [Server Component]
    ./src/app/admin/page.tsx [Server Component] @ https://localhost:3000/_next/static/chunks/node_modules_next_dist_f3530cac._.js:3127
[ 5715534ms] [ERROR] ./src/components/portals/shared/stock-batch-health.tsx:3:8
Parsing ecmascript source code failed
  1 | import { Badge } from '@/components/ui/badge'
  2 | import {
> 3 | import { cn } from '@/lib/utils'
    |        ^
  4 | import { FILTER_SELECT_CLASS } from './filter-select'
  5 |   CRITICAL_MAX_DAYS_LEFT,
  6 |   EXPIRING_SOON_MAX_DAYS_LEFT,

Expected ',', got '{'

Import traces:
  Client Component Browser:
    ./src/components/portals/shared/stock-batch-health.tsx [Client Component Browser]
    ./src/components/portals/warehouse/sections/stocks/stocks-view.tsx [Client Component Browser]
    ./src/components/portals/warehouse/WarehousePortal.tsx [Client Component Browser]
    ./src/app/page.tsx [Client Component Browser]
    ./src/app/page.tsx [Server Component]
    ./src/app/admin/page.tsx [Server Component]

  Client Component SSR:
    ./src/components/portals/shared/stock-batch-health.tsx [Client Component SSR]
    ./src/components/portals/warehouse/sections/stocks/stocks-view.tsx [Client Component SSR]
    ./src/components/portals/warehouse/WarehousePortal.tsx [Client Component SSR]
    ./src/app/page.tsx [Client Component SSR]
    ./src/app/page.tsx [Server Component]
    ./src/app/admin/page.tsx [Server Component] @ https://localhost:3000/_next/static/chunks/node_modules_next_dist_f3530cac._.js:3127
[ 5715589ms] [ERROR] ./src/components/portals/shared/stock-batch-health.tsx:3:8
Parsing ecmascript source code failed
  1 | import { Badge } from '@/components/ui/badge'
  2 | import {
> 3 | import { cn } from '@/lib/utils'
    |        ^
  4 | import { FILTER_SELECT_CLASS } from './filter-select'
  5 |   CRITICAL_MAX_DAYS_LEFT,
  6 |   EXPIRING_SOON_MAX_DAYS_LEFT,

Expected ',', got '{'

Import traces:
  Client Component Browser:
    ./src/components/portals/shared/stock-batch-health.tsx [Client Component Browser]
    ./src/components/portals/warehouse/sections/stocks/stocks-view.tsx [Client Component Browser]
    ./src/components/portals/warehouse/WarehousePortal.tsx [Client Component Browser]
    ./src/app/page.tsx [Client Component Browser]
    ./src/app/page.tsx [Server Component]
    ./src/app/admin/page.tsx [Server Component]

  Client Component SSR:
    ./src/components/portals/shared/stock-batch-health.tsx [Client Component SSR]
    ./src/components/portals/warehouse/sections/stocks/stocks-view.tsx [Client Component SSR]
    ./src/components/portals/warehouse/WarehousePortal.tsx [Client Component SSR]
    ./src/app/page.tsx [Client Component SSR]
    ./src/app/page.tsx [Server Component]
    ./src/app/admin/page.tsx [Server Component] @ https://localhost:3000/_next/static/chunks/node_modules_next_dist_f3530cac._.js:3127
[ 5715644ms] [ERROR] ./src/components/portals/shared/stock-batch-health.tsx:3:8
Parsing ecmascript source code failed
  1 | import { Badge } from '@/components/ui/badge'
  2 | import {
> 3 | import { cn } from '@/lib/utils'
    |        ^
  4 | import { FILTER_SELECT_CLASS } from './filter-select'
  5 |   CRITICAL_MAX_DAYS_LEFT,
  6 |   EXPIRING_SOON_MAX_DAYS_LEFT,

Expected ',', got '{'

Import traces:
  Client Component Browser:
    ./src/components/portals/shared/stock-batch-health.tsx [Client Component Browser]
    ./src/components/portals/warehouse/sections/stocks/stocks-view.tsx [Client Component Browser]
    ./src/components/portals/warehouse/WarehousePortal.tsx [Client Component Browser]
    ./src/app/page.tsx [Client Component Browser]
    ./src/app/page.tsx [Server Component]
    ./src/app/admin/page.tsx [Server Component]

  Client Component SSR:
    ./src/components/portals/shared/stock-batch-health.tsx [Client Component SSR]
    ./src/components/portals/warehouse/sections/stocks/stocks-view.tsx [Client Component SSR]
    ./src/components/portals/warehouse/WarehousePortal.tsx [Client Component SSR]
    ./src/app/page.tsx [Client Component SSR]
    ./src/app/page.tsx [Server Component]
    ./src/app/admin/page.tsx [Server Component] @ https://localhost:3000/_next/static/chunks/node_modules_next_dist_f3530cac._.js:3127
[ 5715707ms] [ERROR] ./src/components/portals/shared/stock-batch-health.tsx:3:8
Parsing ecmascript source code failed
  1 | import { Badge } from '@/components/ui/badge'
  2 | import {
> 3 | import { cn } from '@/lib/utils'
    |        ^
  4 | import { FILTER_SELECT_CLASS } from './filter-select'
  5 |   CRITICAL_MAX_DAYS_LEFT,
  6 |   EXPIRING_SOON_MAX_DAYS_LEFT,

Expected ',', got '{'

Import traces:
  Client Component Browser:
    ./src/components/portals/shared/stock-batch-health.tsx [Client Component Browser]
    ./src/components/portals/warehouse/sections/stocks/stocks-view.tsx [Client Component Browser]
    ./src/components/portals/warehouse/WarehousePortal.tsx [Client Component Browser]
    ./src/app/page.tsx [Client Component Browser]
    ./src/app/page.tsx [Server Component]
    ./src/app/admin/page.tsx [Server Component]

  Client Component SSR:
    ./src/components/portals/shared/stock-batch-health.tsx [Client Component SSR]
    ./src/components/portals/warehouse/sections/stocks/stocks-view.tsx [Client Component SSR]
    ./src/components/portals/warehouse/WarehousePortal.tsx [Client Component SSR]
    ./src/app/page.tsx [Client Component SSR]
    ./src/app/page.tsx [Server Component]
    ./src/app/admin/page.tsx [Server Component] @ https://localhost:3000/_next/static/chunks/node_modules_next_dist_f3530cac._.js:3127
[ 5715757ms] [ERROR] ./src/components/portals/shared/stock-batch-health.tsx:3:8
Parsing ecmascript source code failed
  1 | import { Badge } from '@/components/ui/badge'
  2 | import {
> 3 | import { cn } from '@/lib/utils'
    |        ^
  4 | import { FILTER_SELECT_CLASS } from './filter-select'
  5 |   CRITICAL_MAX_DAYS_LEFT,
  6 |   EXPIRING_SOON_MAX_DAYS_LEFT,

Expected ',', got '{'

Import traces:
  Client Component Browser:
    ./src/components/portals/shared/stock-batch-health.tsx [Client Component Browser]
    ./src/components/portals/warehouse/sections/stocks/stocks-view.tsx [Client Component Browser]
    ./src/components/portals/warehouse/WarehousePortal.tsx [Client Component Browser]
    ./src/app/page.tsx [Client Component Browser]
    ./src/app/page.tsx [Server Component]
    ./src/app/admin/page.tsx [Server Component]

  Client Component SSR:
    ./src/components/portals/shared/stock-batch-health.tsx [Client Component SSR]
    ./src/components/portals/warehouse/sections/stocks/stocks-view.tsx [Client Component SSR]
    ./src/components/portals/warehouse/WarehousePortal.tsx [Client Component SSR]
    ./src/app/page.tsx [Client Component SSR]
    ./src/app/page.tsx [Server Component]
    ./src/app/admin/page.tsx [Server Component] @ https://localhost:3000/_next/static/chunks/node_modules_next_dist_f3530cac._.js:3127
[ 5715809ms] [ERROR] ./src/components/portals/shared/stock-batch-health.tsx:3:8
Parsing ecmascript source code failed
  1 | import { Badge } from '@/components/ui/badge'
  2 | import {
> 3 | import { cn } from '@/lib/utils'
    |        ^
  4 | import { FILTER_SELECT_CLASS } from './filter-select'
  5 |   CRITICAL_MAX_DAYS_LEFT,
  6 |   EXPIRING_SOON_MAX_DAYS_LEFT,

Expected ',', got '{'

Import traces:
  Client Component Browser:
    ./src/components/portals/shared/stock-batch-health.tsx [Client Component Browser]
    ./src/components/portals/warehouse/sections/stocks/stocks-view.tsx [Client Component Browser]
    ./src/components/portals/warehouse/WarehousePortal.tsx [Client Component Browser]
    ./src/app/page.tsx [Client Component Browser]
    ./src/app/page.tsx [Server Component]
    ./src/app/admin/page.tsx [Server Component]

  Client Component SSR:
    ./src/components/portals/shared/stock-batch-health.tsx [Client Component SSR]
    ./src/components/portals/warehouse/sections/stocks/stocks-view.tsx [Client Component SSR]
    ./src/components/portals/warehouse/WarehousePortal.tsx [Client Component SSR]
    ./src/app/page.tsx [Client Component SSR]
    ./src/app/page.tsx [Server Component]
    ./src/app/admin/page.tsx [Server Component] @ https://localhost:3000/_next/static/chunks/node_modules_next_dist_f3530cac._.js:3127
[ 5715859ms] [ERROR] ./src/components/portals/shared/stock-batch-health.tsx:3:8
Parsing ecmascript source code failed
  1 | import { Badge } from '@/components/ui/badge'
  2 | import {
> 3 | import { cn } from '@/lib/utils'
    |        ^
  4 | import { FILTER_SELECT_CLASS } from './filter-select'
  5 |   CRITICAL_MAX_DAYS_LEFT,
  6 |   EXPIRING_SOON_MAX_DAYS_LEFT,

Expected ',', got '{'

Import traces:
  Client Component Browser:
    ./src/components/portals/shared/stock-batch-health.tsx [Client Component Browser]
    ./src/components/portals/warehouse/sections/stocks/stocks-view.tsx [Client Component Browser]
    ./src/components/portals/warehouse/WarehousePortal.tsx [Client Component Browser]
    ./src/app/page.tsx [Client Component Browser]
    ./src/app/page.tsx [Server Component]
    ./src/app/admin/page.tsx [Server Component]

  Client Component SSR:
    ./src/components/portals/shared/stock-batch-health.tsx [Client Component SSR]
    ./src/components/portals/warehouse/sections/stocks/stocks-view.tsx [Client Component SSR]
    ./src/components/portals/warehouse/WarehousePortal.tsx [Client Component SSR]
    ./src/app/page.tsx [Client Component SSR]
    ./src/app/page.tsx [Server Component]
    ./src/app/admin/page.tsx [Server Component] @ https://localhost:3000/_next/static/chunks/node_modules_next_dist_f3530cac._.js:3127
[ 5715906ms] [ERROR] ./src/components/portals/shared/stock-batch-health.tsx:3:8
Parsing ecmascript source code failed
  1 | import { Badge } from '@/components/ui/badge'
  2 | import {
> 3 | import { cn } from '@/lib/utils'
    |        ^
  4 | import { FILTER_SELECT_CLASS } from './filter-select'
  5 |   CRITICAL_MAX_DAYS_LEFT,
  6 |   EXPIRING_SOON_MAX_DAYS_LEFT,

Expected ',', got '{'

Import traces:
  Client Component Browser:
    ./src/components/portals/shared/stock-batch-health.tsx [Client Component Browser]
    ./src/components/portals/warehouse/sections/stocks/stocks-view.tsx [Client Component Browser]
    ./src/components/portals/warehouse/WarehousePortal.tsx [Client Component Browser]
    ./src/app/page.tsx [Client Component Browser]
    ./src/app/page.tsx [Server Component]
    ./src/app/admin/page.tsx [Server Component]

  Client Component SSR:
    ./src/components/portals/shared/stock-batch-health.tsx [Client Component SSR]
    ./src/components/portals/warehouse/sections/stocks/stocks-view.tsx [Client Component SSR]
    ./src/components/portals/warehouse/WarehousePortal.tsx [Client Component SSR]
    ./src/app/page.tsx [Client Component SSR]
    ./src/app/page.tsx [Server Component]
    ./src/app/admin/page.tsx [Server Component] @ https://localhost:3000/_next/static/chunks/node_modules_next_dist_f3530cac._.js:3127
[ 5715955ms] [ERROR] ./src/components/portals/shared/stock-batch-health.tsx:3:8
Parsing ecmascript source code failed
  1 | import { Badge } from '@/components/ui/badge'
  2 | import {
> 3 | import { cn } from '@/lib/utils'
    |        ^
  4 | import { FILTER_SELECT_CLASS } from './filter-select'
  5 |   CRITICAL_MAX_DAYS_LEFT,
  6 |   EXPIRING_SOON_MAX_DAYS_LEFT,

Expected ',', got '{'

Import traces:
  Client Component Browser:
    ./src/components/portals/shared/stock-batch-health.tsx [Client Component Browser]
    ./src/components/portals/warehouse/sections/stocks/stocks-view.tsx [Client Component Browser]
    ./src/components/portals/warehouse/WarehousePortal.tsx [Client Component Browser]
    ./src/app/page.tsx [Client Component Browser]
    ./src/app/page.tsx [Server Component]
    ./src/app/admin/page.tsx [Server Component]

  Client Component SSR:
    ./src/components/portals/shared/stock-batch-health.tsx [Client Component SSR]
    ./src/components/portals/warehouse/sections/stocks/stocks-view.tsx [Client Component SSR]
    ./src/components/portals/warehouse/WarehousePortal.tsx [Client Component SSR]
    ./src/app/page.tsx [Client Component SSR]
    ./src/app/page.tsx [Server Component]
    ./src/app/admin/page.tsx [Server Component] @ https://localhost:3000/_next/static/chunks/node_modules_next_dist_f3530cac._.js:3127
[ 5716011ms] [ERROR] ./src/components/portals/shared/stock-batch-health.tsx:3:8
Parsing ecmascript source code failed
  1 | import { Badge } from '@/components/ui/badge'
  2 | import {
> 3 | import { cn } from '@/lib/utils'
    |        ^
  4 | import { FILTER_SELECT_CLASS } from './filter-select'
  5 |   CRITICAL_MAX_DAYS_LEFT,
  6 |   EXPIRING_SOON_MAX_DAYS_LEFT,

Expected ',', got '{'

Import traces:
  Client Component Browser:
    ./src/components/portals/shared/stock-batch-health.tsx [Client Component Browser]
    ./src/components/portals/warehouse/sections/stocks/stocks-view.tsx [Client Component Browser]
    ./src/components/portals/warehouse/WarehousePortal.tsx [Client Component Browser]
    ./src/app/page.tsx [Client Component Browser]
    ./src/app/page.tsx [Server Component]
    ./src/app/admin/page.tsx [Server Component]

  Client Component SSR:
    ./src/components/portals/shared/stock-batch-health.tsx [Client Component SSR]
    ./src/components/portals/warehouse/sections/stocks/stocks-view.tsx [Client Component SSR]
    ./src/components/portals/warehouse/WarehousePortal.tsx [Client Component SSR]
    ./src/app/page.tsx [Client Component SSR]
    ./src/app/page.tsx [Server Component]
    ./src/app/admin/page.tsx [Server Component] @ https://localhost:3000/_next/static/chunks/node_modules_next_dist_f3530cac._.js:3127
[ 5716061ms] [ERROR] ./src/components/portals/shared/stock-batch-health.tsx:3:8
Parsing ecmascript source code failed
  1 | import { Badge } from '@/components/ui/badge'
  2 | import {
> 3 | import { cn } from '@/lib/utils'
    |        ^
  4 | import { FILTER_SELECT_CLASS } from './filter-select'
  5 |   CRITICAL_MAX_DAYS_LEFT,
  6 |   EXPIRING_SOON_MAX_DAYS_LEFT,

Expected ',', got '{'

Import traces:
  Client Component Browser:
    ./src/components/portals/shared/stock-batch-health.tsx [Client Component Browser]
    ./src/components/portals/warehouse/sections/stocks/stocks-view.tsx [Client Component Browser]
    ./src/components/portals/warehouse/WarehousePortal.tsx [Client Component Browser]
    ./src/app/page.tsx [Client Component Browser]
    ./src/app/page.tsx [Server Component]
    ./src/app/admin/page.tsx [Server Component]

  Client Component SSR:
    ./src/components/portals/shared/stock-batch-health.tsx [Client Component SSR]
    ./src/components/portals/warehouse/sections/stocks/stocks-view.tsx [Client Component SSR]
    ./src/components/portals/warehouse/WarehousePortal.tsx [Client Component SSR]
    ./src/app/page.tsx [Client Component SSR]
    ./src/app/page.tsx [Server Component]
    ./src/app/admin/page.tsx [Server Component] @ https://localhost:3000/_next/static/chunks/node_modules_next_dist_f3530cac._.js:3127
[ 5716110ms] [ERROR] ./src/components/portals/shared/stock-batch-health.tsx:3:8
Parsing ecmascript source code failed
  1 | import { Badge } from '@/components/ui/badge'
  2 | import {
> 3 | import { cn } from '@/lib/utils'
    |        ^
  4 | import { FILTER_SELECT_CLASS } from './filter-select'
  5 |   CRITICAL_MAX_DAYS_LEFT,
  6 |   EXPIRING_SOON_MAX_DAYS_LEFT,

Expected ',', got '{'

Import traces:
  Client Component Browser:
    ./src/components/portals/shared/stock-batch-health.tsx [Client Component Browser]
    ./src/components/portals/warehouse/sections/stocks/stocks-view.tsx [Client Component Browser]
    ./src/components/portals/warehouse/WarehousePortal.tsx [Client Component Browser]
    ./src/app/page.tsx [Client Component Browser]
    ./src/app/page.tsx [Server Component]
    ./src/app/admin/page.tsx [Server Component]

  Client Component SSR:
    ./src/components/portals/shared/stock-batch-health.tsx [Client Component SSR]
    ./src/components/portals/warehouse/sections/stocks/stocks-view.tsx [Client Component SSR]
    ./src/components/portals/warehouse/WarehousePortal.tsx [Client Component SSR]
    ./src/app/page.tsx [Client Component SSR]
    ./src/app/page.tsx [Server Component]
    ./src/app/admin/page.tsx [Server Component] @ https://localhost:3000/_next/static/chunks/node_modules_next_dist_f3530cac._.js:3127
[ 5716157ms] [ERROR] ./src/components/portals/shared/stock-batch-health.tsx:3:8
Parsing ecmascript source code failed
  1 | import { Badge } from '@/components/ui/badge'
  2 | import {
> 3 | import { cn } from '@/lib/utils'
    |        ^
  4 | import { FILTER_SELECT_CLASS } from './filter-select'
  5 |   CRITICAL_MAX_DAYS_LEFT,
  6 |   EXPIRING_SOON_MAX_DAYS_LEFT,

Expected ',', got '{'

Import traces:
  Client Component Browser:
    ./src/components/portals/shared/stock-batch-health.tsx [Client Component Browser]
    ./src/components/portals/warehouse/sections/stocks/stocks-view.tsx [Client Component Browser]
    ./src/components/portals/warehouse/WarehousePortal.tsx [Client Component Browser]
    ./src/app/page.tsx [Client Component Browser]
    ./src/app/page.tsx [Server Component]
    ./src/app/admin/page.tsx [Server Component]

  Client Component SSR:
    ./src/components/portals/shared/stock-batch-health.tsx [Client Component SSR]
    ./src/components/portals/warehouse/sections/stocks/stocks-view.tsx [Client Component SSR]
    ./src/components/portals/warehouse/WarehousePortal.tsx [Client Component SSR]
    ./src/app/page.tsx [Client Component SSR]
    ./src/app/page.tsx [Server Component]
    ./src/app/admin/page.tsx [Server Component] @ https://localhost:3000/_next/static/chunks/node_modules_next_dist_f3530cac._.js:3127
[ 5716209ms] [ERROR] ./src/components/portals/shared/stock-batch-health.tsx:3:8
Parsing ecmascript source code failed
  1 | import { Badge } from '@/components/ui/badge'
  2 | import {
> 3 | import { cn } from '@/lib/utils'
    |        ^
  4 | import { FILTER_SELECT_CLASS } from './filter-select'
  5 |   CRITICAL_MAX_DAYS_LEFT,
  6 |   EXPIRING_SOON_MAX_DAYS_LEFT,

Expected ',', got '{'

Import traces:
  Client Component Browser:
    ./src/components/portals/shared/stock-batch-health.tsx [Client Component Browser]
    ./src/components/portals/warehouse/sections/stocks/stocks-view.tsx [Client Component Browser]
    ./src/components/portals/warehouse/WarehousePortal.tsx [Client Component Browser]
    ./src/app/page.tsx [Client Component Browser]
    ./src/app/page.tsx [Server Component]
    ./src/app/admin/page.tsx [Server Component]

  Client Component SSR:
    ./src/components/portals/shared/stock-batch-health.tsx [Client Component SSR]
    ./src/components/portals/warehouse/sections/stocks/stocks-view.tsx [Client Component SSR]
    ./src/components/portals/warehouse/WarehousePortal.tsx [Client Component SSR]
    ./src/app/page.tsx [Client Component SSR]
    ./src/app/page.tsx [Server Component]
    ./src/app/admin/page.tsx [Server Component] @ https://localhost:3000/_next/static/chunks/node_modules_next_dist_f3530cac._.js:3127
[ 5716265ms] [ERROR] ./src/components/portals/shared/stock-batch-health.tsx:3:8
Parsing ecmascript source code failed
  1 | import { Badge } from '@/components/ui/badge'
  2 | import {
> 3 | import { cn } from '@/lib/utils'
    |        ^
  4 | import { FILTER_SELECT_CLASS } from './filter-select'
  5 |   CRITICAL_MAX_DAYS_LEFT,
  6 |   EXPIRING_SOON_MAX_DAYS_LEFT,

Expected ',', got '{'

Import traces:
  Client Component Browser:
    ./src/components/portals/shared/stock-batch-health.tsx [Client Component Browser]
    ./src/components/portals/warehouse/sections/stocks/stocks-view.tsx [Client Component Browser]
    ./src/components/portals/warehouse/WarehousePortal.tsx [Client Component Browser]
    ./src/app/page.tsx [Client Component Browser]
    ./src/app/page.tsx [Server Component]
    ./src/app/admin/page.tsx [Server Component]

  Client Component SSR:
    ./src/components/portals/shared/stock-batch-health.tsx [Client Component SSR]
    ./src/components/portals/warehouse/sections/stocks/stocks-view.tsx [Client Component SSR]
    ./src/components/portals/warehouse/WarehousePortal.tsx [Client Component SSR]
    ./src/app/page.tsx [Client Component SSR]
    ./src/app/page.tsx [Server Component]
    ./src/app/admin/page.tsx [Server Component] @ https://localhost:3000/_next/static/chunks/node_modules_next_dist_f3530cac._.js:3127
[ 5716315ms] [ERROR] ./src/components/portals/shared/stock-batch-health.tsx:3:8
Parsing ecmascript source code failed
  1 | import { Badge } from '@/components/ui/badge'
  2 | import {
> 3 | import { cn } from '@/lib/utils'
    |        ^
  4 | import { FILTER_SELECT_CLASS } from './filter-select'
  5 |   CRITICAL_MAX_DAYS_LEFT,
  6 |   EXPIRING_SOON_MAX_DAYS_LEFT,

Expected ',', got '{'

Import traces:
  Client Component Browser:
    ./src/components/portals/shared/stock-batch-health.tsx [Client Component Browser]
    ./src/components/portals/warehouse/sections/stocks/stocks-view.tsx [Client Component Browser]
    ./src/components/portals/warehouse/WarehousePortal.tsx [Client Component Browser]
    ./src/app/page.tsx [Client Component Browser]
    ./src/app/page.tsx [Server Component]
    ./src/app/admin/page.tsx [Server Component]

  Client Component SSR:
    ./src/components/portals/shared/stock-batch-health.tsx [Client Component SSR]
    ./src/components/portals/warehouse/sections/stocks/stocks-view.tsx [Client Component SSR]
    ./src/components/portals/warehouse/WarehousePortal.tsx [Client Component SSR]
    ./src/app/page.tsx [Client Component SSR]
    ./src/app/page.tsx [Server Component]
    ./src/app/admin/page.tsx [Server Component] @ https://localhost:3000/_next/static/chunks/node_modules_next_dist_f3530cac._.js:3127
[ 5716376ms] [ERROR] ./src/components/portals/shared/stock-batch-health.tsx:3:8
Parsing ecmascript source code failed
  1 | import { Badge } from '@/components/ui/badge'
  2 | import {
> 3 | import { cn } from '@/lib/utils'
    |        ^
  4 | import { FILTER_SELECT_CLASS } from './filter-select'
  5 |   CRITICAL_MAX_DAYS_LEFT,
  6 |   EXPIRING_SOON_MAX_DAYS_LEFT,

Expected ',', got '{'

Import traces:
  Client Component Browser:
    ./src/components/portals/shared/stock-batch-health.tsx [Client Component Browser]
    ./src/components/portals/warehouse/sections/stocks/stocks-view.tsx [Client Component Browser]
    ./src/components/portals/warehouse/WarehousePortal.tsx [Client Component Browser]
    ./src/app/page.tsx [Client Component Browser]
    ./src/app/page.tsx [Server Component]
    ./src/app/admin/page.tsx [Server Component]

  Client Component SSR:
    ./src/components/portals/shared/stock-batch-health.tsx [Client Component SSR]
    ./src/components/portals/warehouse/sections/stocks/stocks-view.tsx [Client Component SSR]
    ./src/components/portals/warehouse/WarehousePortal.tsx [Client Component SSR]
    ./src/app/page.tsx [Client Component SSR]
    ./src/app/page.tsx [Server Component]
    ./src/app/admin/page.tsx [Server Component] @ https://localhost:3000/_next/static/chunks/node_modules_next_dist_f3530cac._.js:3127
[ 5716436ms] [ERROR] ./src/components/portals/shared/stock-batch-health.tsx:3:8
Parsing ecmascript source code failed
  1 | import { Badge } from '@/components/ui/badge'
  2 | import {
> 3 | import { cn } from '@/lib/utils'
    |        ^
  4 | import { FILTER_SELECT_CLASS } from './filter-select'
  5 |   CRITICAL_MAX_DAYS_LEFT,
  6 |   EXPIRING_SOON_MAX_DAYS_LEFT,

Expected ',', got '{'

Import traces:
  Client Component Browser:
    ./src/components/portals/shared/stock-batch-health.tsx [Client Component Browser]
    ./src/components/portals/warehouse/sections/stocks/stocks-view.tsx [Client Component Browser]
    ./src/components/portals/warehouse/WarehousePortal.tsx [Client Component Browser]
    ./src/app/page.tsx [Client Component Browser]
    ./src/app/page.tsx [Server Component]
    ./src/app/admin/page.tsx [Server Component]

  Client Component SSR:
    ./src/components/portals/shared/stock-batch-health.tsx [Client Component SSR]
    ./src/components/portals/warehouse/sections/stocks/stocks-view.tsx [Client Component SSR]
    ./src/components/portals/warehouse/WarehousePortal.tsx [Client Component SSR]
    ./src/app/page.tsx [Client Component SSR]
    ./src/app/page.tsx [Server Component]
    ./src/app/admin/page.tsx [Server Component] @ https://localhost:3000/_next/static/chunks/node_modules_next_dist_f3530cac._.js:3127
[ 5716491ms] [ERROR] ./src/components/portals/shared/stock-batch-health.tsx:3:8
Parsing ecmascript source code failed
  1 | import { Badge } from '@/components/ui/badge'
  2 | import {
> 3 | import { cn } from '@/lib/utils'
    |        ^
  4 | import { FILTER_SELECT_CLASS } from './filter-select'
  5 |   CRITICAL_MAX_DAYS_LEFT,
  6 |   EXPIRING_SOON_MAX_DAYS_LEFT,

Expected ',', got '{'

Import traces:
  Client Component Browser:
    ./src/components/portals/shared/stock-batch-health.tsx [Client Component Browser]
    ./src/components/portals/warehouse/sections/stocks/stocks-view.tsx [Client Component Browser]
    ./src/components/portals/warehouse/WarehousePortal.tsx [Client Component Browser]
    ./src/app/page.tsx [Client Component Browser]
    ./src/app/page.tsx [Server Component]
    ./src/app/admin/page.tsx [Server Component]

  Client Component SSR:
    ./src/components/portals/shared/stock-batch-health.tsx [Client Component SSR]
    ./src/components/portals/warehouse/sections/stocks/stocks-view.tsx [Client Component SSR]
    ./src/components/portals/warehouse/WarehousePortal.tsx [Client Component SSR]
    ./src/app/page.tsx [Client Component SSR]
    ./src/app/page.tsx [Server Component]
    ./src/app/admin/page.tsx [Server Component] @ https://localhost:3000/_next/static/chunks/node_modules_next_dist_f3530cac._.js:3127
[ 5716552ms] [ERROR] ./src/components/portals/shared/stock-batch-health.tsx:3:8
Parsing ecmascript source code failed
  1 | import { Badge } from '@/components/ui/badge'
  2 | import {
> 3 | import { cn } from '@/lib/utils'
    |        ^
  4 | import { FILTER_SELECT_CLASS } from './filter-select'
  5 |   CRITICAL_MAX_DAYS_LEFT,
  6 |   EXPIRING_SOON_MAX_DAYS_LEFT,

Expected ',', got '{'

Import traces:
  Client Component Browser:
    ./src/components/portals/shared/stock-batch-health.tsx [Client Component Browser]
    ./src/components/portals/warehouse/sections/stocks/stocks-view.tsx [Client Component Browser]
    ./src/components/portals/warehouse/WarehousePortal.tsx [Client Component Browser]
    ./src/app/page.tsx [Client Component Browser]
    ./src/app/page.tsx [Server Component]
    ./src/app/admin/page.tsx [Server Component]

  Client Component SSR:
    ./src/components/portals/shared/stock-batch-health.tsx [Client Component SSR]
    ./src/components/portals/warehouse/sections/stocks/stocks-view.tsx [Client Component SSR]
    ./src/components/portals/warehouse/WarehousePortal.tsx [Client Component SSR]
    ./src/app/page.tsx [Client Component SSR]
    ./src/app/page.tsx [Server Component]
    ./src/app/admin/page.tsx [Server Component] @ https://localhost:3000/_next/static/chunks/node_modules_next_dist_f3530cac._.js:3127
[ 5716599ms] [ERROR] ./src/components/portals/shared/stock-batch-health.tsx:3:8
Parsing ecmascript source code failed
  1 | import { Badge } from '@/components/ui/badge'
  2 | import {
> 3 | import { cn } from '@/lib/utils'
    |        ^
  4 | import { FILTER_SELECT_CLASS } from './filter-select'
  5 |   CRITICAL_MAX_DAYS_LEFT,
  6 |   EXPIRING_SOON_MAX_DAYS_LEFT,

Expected ',', got '{'

Import traces:
  Client Component Browser:
    ./src/components/portals/shared/stock-batch-health.tsx [Client Component Browser]
    ./src/components/portals/warehouse/sections/stocks/stocks-view.tsx [Client Component Browser]
    ./src/components/portals/warehouse/WarehousePortal.tsx [Client Component Browser]
    ./src/app/page.tsx [Client Component Browser]
    ./src/app/page.tsx [Server Component]
    ./src/app/admin/page.tsx [Server Component]

  Client Component SSR:
    ./src/components/portals/shared/stock-batch-health.tsx [Client Component SSR]
    ./src/components/portals/warehouse/sections/stocks/stocks-view.tsx [Client Component SSR]
    ./src/components/portals/warehouse/WarehousePortal.tsx [Client Component SSR]
    ./src/app/page.tsx [Client Component SSR]
    ./src/app/page.tsx [Server Component]
    ./src/app/admin/page.tsx [Server Component] @ https://localhost:3000/_next/static/chunks/node_modules_next_dist_f3530cac._.js:3127
[ 5716654ms] [ERROR] ./src/components/portals/shared/stock-batch-health.tsx:3:8
Parsing ecmascript source code failed
  1 | import { Badge } from '@/components/ui/badge'
  2 | import {
> 3 | import { cn } from '@/lib/utils'
    |        ^
  4 | import { FILTER_SELECT_CLASS } from './filter-select'
  5 |   CRITICAL_MAX_DAYS_LEFT,
  6 |   EXPIRING_SOON_MAX_DAYS_LEFT,

Expected ',', got '{'

Import traces:
  Client Component Browser:
    ./src/components/portals/shared/stock-batch-health.tsx [Client Component Browser]
    ./src/components/portals/warehouse/sections/stocks/stocks-view.tsx [Client Component Browser]
    ./src/components/portals/warehouse/WarehousePortal.tsx [Client Component Browser]
    ./src/app/page.tsx [Client Component Browser]
    ./src/app/page.tsx [Server Component]
    ./src/app/admin/page.tsx [Server Component]

  Client Component SSR:
    ./src/components/portals/shared/stock-batch-health.tsx [Client Component SSR]
    ./src/components/portals/warehouse/sections/stocks/stocks-view.tsx [Client Component SSR]
    ./src/components/portals/warehouse/WarehousePortal.tsx [Client Component SSR]
    ./src/app/page.tsx [Client Component SSR]
    ./src/app/page.tsx [Server Component]
    ./src/app/admin/page.tsx [Server Component] @ https://localhost:3000/_next/static/chunks/node_modules_next_dist_f3530cac._.js:3127
[ 5716702ms] [ERROR] ./src/components/portals/shared/stock-batch-health.tsx:3:8
Parsing ecmascript source code failed
  1 | import { Badge } from '@/components/ui/badge'
  2 | import {
> 3 | import { cn } from '@/lib/utils'
    |        ^
  4 | import { FILTER_SELECT_CLASS } from './filter-select'
  5 |   CRITICAL_MAX_DAYS_LEFT,
  6 |   EXPIRING_SOON_MAX_DAYS_LEFT,

Expected ',', got '{'

Import traces:
  Client Component Browser:
    ./src/components/portals/shared/stock-batch-health.tsx [Client Component Browser]
    ./src/components/portals/warehouse/sections/stocks/stocks-view.tsx [Client Component Browser]
    ./src/components/portals/warehouse/WarehousePortal.tsx [Client Component Browser]
    ./src/app/page.tsx [Client Component Browser]
    ./src/app/page.tsx [Server Component]
    ./src/app/admin/page.tsx [Server Component]

  Client Component SSR:
    ./src/components/portals/shared/stock-batch-health.tsx [Client Component SSR]
    ./src/components/portals/warehouse/sections/stocks/stocks-view.tsx [Client Component SSR]
    ./src/components/portals/warehouse/WarehousePortal.tsx [Client Component SSR]
    ./src/app/page.tsx [Client Component SSR]
    ./src/app/page.tsx [Server Component]
    ./src/app/admin/page.tsx [Server Component] @ https://localhost:3000/_next/static/chunks/node_modules_next_dist_f3530cac._.js:3127
[ 5716753ms] [ERROR] ./src/components/portals/shared/stock-batch-health.tsx:3:8
Parsing ecmascript source code failed
  1 | import { Badge } from '@/components/ui/badge'
  2 | import {
> 3 | import { cn } from '@/lib/utils'
    |        ^
  4 | import { FILTER_SELECT_CLASS } from './filter-select'
  5 |   CRITICAL_MAX_DAYS_LEFT,
  6 |   EXPIRING_SOON_MAX_DAYS_LEFT,

Expected ',', got '{'

Import traces:
  Client Component Browser:
    ./src/components/portals/shared/stock-batch-health.tsx [Client Component Browser]
    ./src/components/portals/warehouse/sections/stocks/stocks-view.tsx [Client Component Browser]
    ./src/components/portals/warehouse/WarehousePortal.tsx [Client Component Browser]
    ./src/app/page.tsx [Client Component Browser]
    ./src/app/page.tsx [Server Component]
    ./src/app/admin/page.tsx [Server Component]

  Client Component SSR:
    ./src/components/portals/shared/stock-batch-health.tsx [Client Component SSR]
    ./src/components/portals/warehouse/sections/stocks/stocks-view.tsx [Client Component SSR]
    ./src/components/portals/warehouse/WarehousePortal.tsx [Client Component SSR]
    ./src/app/page.tsx [Client Component SSR]
    ./src/app/page.tsx [Server Component]
    ./src/app/admin/page.tsx [Server Component] @ https://localhost:3000/_next/static/chunks/node_modules_next_dist_f3530cac._.js:3127
[ 5716807ms] [ERROR] ./src/components/portals/shared/stock-batch-health.tsx:3:8
Parsing ecmascript source code failed
  1 | import { Badge } from '@/components/ui/badge'
  2 | import {
> 3 | import { cn } from '@/lib/utils'
    |        ^
  4 | import { FILTER_SELECT_CLASS } from './filter-select'
  5 |   CRITICAL_MAX_DAYS_LEFT,
  6 |   EXPIRING_SOON_MAX_DAYS_LEFT,

Expected ',', got '{'

Import traces:
  Client Component Browser:
    ./src/components/portals/shared/stock-batch-health.tsx [Client Component Browser]
    ./src/components/portals/warehouse/sections/stocks/stocks-view.tsx [Client Component Browser]
    ./src/components/portals/warehouse/WarehousePortal.tsx [Client Component Browser]
    ./src/app/page.tsx [Client Component Browser]
    ./src/app/page.tsx [Server Component]
    ./src/app/admin/page.tsx [Server Component]

  Client Component SSR:
    ./src/components/portals/shared/stock-batch-health.tsx [Client Component SSR]
    ./src/components/portals/warehouse/sections/stocks/stocks-view.tsx [Client Component SSR]
    ./src/components/portals/warehouse/WarehousePortal.tsx [Client Component SSR]
    ./src/app/page.tsx [Client Component SSR]
    ./src/app/page.tsx [Server Component]
    ./src/app/admin/page.tsx [Server Component] @ https://localhost:3000/_next/static/chunks/node_modules_next_dist_f3530cac._.js:3127
[ 5716863ms] [ERROR] ./src/components/portals/shared/stock-batch-health.tsx:3:8
Parsing ecmascript source code failed
  1 | import { Badge } from '@/components/ui/badge'
  2 | import {
> 3 | import { cn } from '@/lib/utils'
    |        ^
  4 | import { FILTER_SELECT_CLASS } from './filter-select'
  5 |   CRITICAL_MAX_DAYS_LEFT,
  6 |   EXPIRING_SOON_MAX_DAYS_LEFT,

Expected ',', got '{'

Import traces:
  Client Component Browser:
    ./src/components/portals/shared/stock-batch-health.tsx [Client Component Browser]
    ./src/components/portals/warehouse/sections/stocks/stocks-view.tsx [Client Component Browser]
    ./src/components/portals/warehouse/WarehousePortal.tsx [Client Component Browser]
    ./src/app/page.tsx [Client Component Browser]
    ./src/app/page.tsx [Server Component]
    ./src/app/admin/page.tsx [Server Component]

  Client Component SSR:
    ./src/components/portals/shared/stock-batch-health.tsx [Client Component SSR]
    ./src/components/portals/warehouse/sections/stocks/stocks-view.tsx [Client Component SSR]
    ./src/components/portals/warehouse/WarehousePortal.tsx [Client Component SSR]
    ./src/app/page.tsx [Client Component SSR]
    ./src/app/page.tsx [Server Component]
    ./src/app/admin/page.tsx [Server Component] @ https://localhost:3000/_next/static/chunks/node_modules_next_dist_f3530cac._.js:3127
[ 5716916ms] [ERROR] ./src/components/portals/shared/stock-batch-health.tsx:3:8
Parsing ecmascript source code failed
  1 | import { Badge } from '@/components/ui/badge'
  2 | import {
> 3 | import { cn } from '@/lib/utils'
    |        ^
  4 | import { FILTER_SELECT_CLASS } from './filter-select'
  5 |   CRITICAL_MAX_DAYS_LEFT,
  6 |   EXPIRING_SOON_MAX_DAYS_LEFT,

Expected ',', got '{'

Import traces:
  Client Component Browser:
    ./src/components/portals/shared/stock-batch-health.tsx [Client Component Browser]
    ./src/components/portals/warehouse/sections/stocks/stocks-view.tsx [Client Component Browser]
    ./src/components/portals/warehouse/WarehousePortal.tsx [Client Component Browser]
    ./src/app/page.tsx [Client Component Browser]
    ./src/app/page.tsx [Server Component]
    ./src/app/admin/page.tsx [Server Component]

  Client Component SSR:
    ./src/components/portals/shared/stock-batch-health.tsx [Client Component SSR]
    ./src/components/portals/warehouse/sections/stocks/stocks-view.tsx [Client Component SSR]
    ./src/components/portals/warehouse/WarehousePortal.tsx [Client Component SSR]
    ./src/app/page.tsx [Client Component SSR]
    ./src/app/page.tsx [Server Component]
    ./src/app/admin/page.tsx [Server Component] @ https://localhost:3000/_next/static/chunks/node_modules_next_dist_f3530cac._.js:3127
[ 5716969ms] [ERROR] ./src/components/portals/shared/stock-batch-health.tsx:3:8
Parsing ecmascript source code failed
  1 | import { Badge } from '@/components/ui/badge'
  2 | import {
> 3 | import { cn } from '@/lib/utils'
    |        ^
  4 | import { FILTER_SELECT_CLASS } from './filter-select'
  5 |   CRITICAL_MAX_DAYS_LEFT,
  6 |   EXPIRING_SOON_MAX_DAYS_LEFT,

Expected ',', got '{'

Import traces:
  Client Component Browser:
    ./src/components/portals/shared/stock-batch-health.tsx [Client Component Browser]
    ./src/components/portals/warehouse/sections/stocks/stocks-view.tsx [Client Component Browser]
    ./src/components/portals/warehouse/WarehousePortal.tsx [Client Component Browser]
    ./src/app/page.tsx [Client Component Browser]
    ./src/app/page.tsx [Server Component]
    ./src/app/admin/page.tsx [Server Component]

  Client Component SSR:
    ./src/components/portals/shared/stock-batch-health.tsx [Client Component SSR]
    ./src/components/portals/warehouse/sections/stocks/stocks-view.tsx [Client Component SSR]
    ./src/components/portals/warehouse/WarehousePortal.tsx [Client Component SSR]
    ./src/app/page.tsx [Client Component SSR]
    ./src/app/page.tsx [Server Component]
    ./src/app/admin/page.tsx [Server Component] @ https://localhost:3000/_next/static/chunks/node_modules_next_dist_f3530cac._.js:3127
[ 5717020ms] [ERROR] ./src/components/portals/shared/stock-batch-health.tsx:3:8
Parsing ecmascript source code failed
  1 | import { Badge } from '@/components/ui/badge'
  2 | import {
> 3 | import { cn } from '@/lib/utils'
    |        ^
  4 | import { FILTER_SELECT_CLASS } from './filter-select'
  5 |   CRITICAL_MAX_DAYS_LEFT,
  6 |   EXPIRING_SOON_MAX_DAYS_LEFT,

Expected ',', got '{'

Import traces:
  Client Component Browser:
    ./src/components/portals/shared/stock-batch-health.tsx [Client Component Browser]
    ./src/components/portals/warehouse/sections/stocks/stocks-view.tsx [Client Component Browser]
    ./src/components/portals/warehouse/WarehousePortal.tsx [Client Component Browser]
    ./src/app/page.tsx [Client Component Browser]
    ./src/app/page.tsx [Server Component]
    ./src/app/admin/page.tsx [Server Component]

  Client Component SSR:
    ./src/components/portals/shared/stock-batch-health.tsx [Client Component SSR]
    ./src/components/portals/warehouse/sections/stocks/stocks-view.tsx [Client Component SSR]
    ./src/components/portals/warehouse/WarehousePortal.tsx [Client Component SSR]
    ./src/app/page.tsx [Client Component SSR]
    ./src/app/page.tsx [Server Component]
    ./src/app/admin/page.tsx [Server Component] @ https://localhost:3000/_next/static/chunks/node_modules_next_dist_f3530cac._.js:3127
[ 5717074ms] [ERROR] ./src/components/portals/shared/stock-batch-health.tsx:3:8
Parsing ecmascript source code failed
  1 | import { Badge } from '@/components/ui/badge'
  2 | import {
> 3 | import { cn } from '@/lib/utils'
    |        ^
  4 | import { FILTER_SELECT_CLASS } from './filter-select'
  5 |   CRITICAL_MAX_DAYS_LEFT,
  6 |   EXPIRING_SOON_MAX_DAYS_LEFT,

Expected ',', got '{'

Import traces:
  Client Component Browser:
    ./src/components/portals/shared/stock-batch-health.tsx [Client Component Browser]
    ./src/components/portals/warehouse/sections/stocks/stocks-view.tsx [Client Component Browser]
    ./src/components/portals/warehouse/WarehousePortal.tsx [Client Component Browser]
    ./src/app/page.tsx [Client Component Browser]
    ./src/app/page.tsx [Server Component]
    ./src/app/admin/page.tsx [Server Component]

  Client Component SSR:
    ./src/components/portals/shared/stock-batch-health.tsx [Client Component SSR]
    ./src/components/portals/warehouse/sections/stocks/stocks-view.tsx [Client Component SSR]
    ./src/components/portals/warehouse/WarehousePortal.tsx [Client Component SSR]
    ./src/app/page.tsx [Client Component SSR]
    ./src/app/page.tsx [Server Component]
    ./src/app/admin/page.tsx [Server Component] @ https://localhost:3000/_next/static/chunks/node_modules_next_dist_f3530cac._.js:3127
[ 5717139ms] [ERROR] ./src/components/portals/shared/stock-batch-health.tsx:3:8
Parsing ecmascript source code failed
  1 | import { Badge } from '@/components/ui/badge'
  2 | import {
> 3 | import { cn } from '@/lib/utils'
    |        ^
  4 | import { FILTER_SELECT_CLASS } from './filter-select'
  5 |   CRITICAL_MAX_DAYS_LEFT,
  6 |   EXPIRING_SOON_MAX_DAYS_LEFT,

Expected ',', got '{'

Import traces:
  Client Component Browser:
    ./src/components/portals/shared/stock-batch-health.tsx [Client Component Browser]
    ./src/components/portals/warehouse/sections/stocks/stocks-view.tsx [Client Component Browser]
    ./src/components/portals/warehouse/WarehousePortal.tsx [Client Component Browser]
    ./src/app/page.tsx [Client Component Browser]
    ./src/app/page.tsx [Server Component]
    ./src/app/admin/page.tsx [Server Component]

  Client Component SSR:
    ./src/components/portals/shared/stock-batch-health.tsx [Client Component SSR]
    ./src/components/portals/warehouse/sections/stocks/stocks-view.tsx [Client Component SSR]
    ./src/components/portals/warehouse/WarehousePortal.tsx [Client Component SSR]
    ./src/app/page.tsx [Client Component SSR]
    ./src/app/page.tsx [Server Component]
    ./src/app/admin/page.tsx [Server Component] @ https://localhost:3000/_next/static/chunks/node_modules_next_dist_f3530cac._.js:3127
[ 5717206ms] [ERROR] ./src/components/portals/shared/stock-batch-health.tsx:3:8
Parsing ecmascript source code failed
  1 | import { Badge } from '@/components/ui/badge'
  2 | import {
> 3 | import { cn } from '@/lib/utils'
    |        ^
  4 | import { FILTER_SELECT_CLASS } from './filter-select'
  5 |   CRITICAL_MAX_DAYS_LEFT,
  6 |   EXPIRING_SOON_MAX_DAYS_LEFT,

Expected ',', got '{'

Import traces:
  Client Component Browser:
    ./src/components/portals/shared/stock-batch-health.tsx [Client Component Browser]
    ./src/components/portals/warehouse/sections/stocks/stocks-view.tsx [Client Component Browser]
    ./src/components/portals/warehouse/WarehousePortal.tsx [Client Component Browser]
    ./src/app/page.tsx [Client Component Browser]
    ./src/app/page.tsx [Server Component]
    ./src/app/admin/page.tsx [Server Component]

  Client Component SSR:
    ./src/components/portals/shared/stock-batch-health.tsx [Client Component SSR]
    ./src/components/portals/warehouse/sections/stocks/stocks-view.tsx [Client Component SSR]
    ./src/components/portals/warehouse/WarehousePortal.tsx [Client Component SSR]
    ./src/app/page.tsx [Client Component SSR]
    ./src/app/page.tsx [Server Component]
    ./src/app/admin/page.tsx [Server Component] @ https://localhost:3000/_next/static/chunks/node_modules_next_dist_f3530cac._.js:3127
[ 5717272ms] [ERROR] ./src/components/portals/shared/stock-batch-health.tsx:3:8
Parsing ecmascript source code failed
  1 | import { Badge } from '@/components/ui/badge'
  2 | import {
> 3 | import { cn } from '@/lib/utils'
    |        ^
  4 | import { FILTER_SELECT_CLASS } from './filter-select'
  5 |   CRITICAL_MAX_DAYS_LEFT,
  6 |   EXPIRING_SOON_MAX_DAYS_LEFT,

Expected ',', got '{'

Import traces:
  Client Component Browser:
    ./src/components/portals/shared/stock-batch-health.tsx [Client Component Browser]
    ./src/components/portals/warehouse/sections/stocks/stocks-view.tsx [Client Component Browser]
    ./src/components/portals/warehouse/WarehousePortal.tsx [Client Component Browser]
    ./src/app/page.tsx [Client Component Browser]
    ./src/app/page.tsx [Server Component]
    ./src/app/admin/page.tsx [Server Component]

  Client Component SSR:
    ./src/components/portals/shared/stock-batch-health.tsx [Client Component SSR]
    ./src/components/portals/warehouse/sections/stocks/stocks-view.tsx [Client Component SSR]
    ./src/components/portals/warehouse/WarehousePortal.tsx [Client Component SSR]
    ./src/app/page.tsx [Client Component SSR]
    ./src/app/page.tsx [Server Component]
    ./src/app/admin/page.tsx [Server Component] @ https://localhost:3000/_next/static/chunks/node_modules_next_dist_f3530cac._.js:3127
[ 5717323ms] [ERROR] ./src/components/portals/shared/stock-batch-health.tsx:3:8
Parsing ecmascript source code failed
  1 | import { Badge } from '@/components/ui/badge'
  2 | import {
> 3 | import { cn } from '@/lib/utils'
    |        ^
  4 | import { FILTER_SELECT_CLASS } from './filter-select'
  5 |   CRITICAL_MAX_DAYS_LEFT,
  6 |   EXPIRING_SOON_MAX_DAYS_LEFT,

Expected ',', got '{'

Import traces:
  Client Component Browser:
    ./src/components/portals/shared/stock-batch-health.tsx [Client Component Browser]
    ./src/components/portals/warehouse/sections/stocks/stocks-view.tsx [Client Component Browser]
    ./src/components/portals/warehouse/WarehousePortal.tsx [Client Component Browser]
    ./src/app/page.tsx [Client Component Browser]
    ./src/app/page.tsx [Server Component]
    ./src/app/admin/page.tsx [Server Component]

  Client Component SSR:
    ./src/components/portals/shared/stock-batch-health.tsx [Client Component SSR]
    ./src/components/portals/warehouse/sections/stocks/stocks-view.tsx [Client Component SSR]
    ./src/components/portals/warehouse/WarehousePortal.tsx [Client Component SSR]
    ./src/app/page.tsx [Client Component SSR]
    ./src/app/page.tsx [Server Component]
    ./src/app/admin/page.tsx [Server Component] @ https://localhost:3000/_next/static/chunks/node_modules_next_dist_f3530cac._.js:3127
[ 5717386ms] [ERROR] ./src/components/portals/shared/stock-batch-health.tsx:3:8
Parsing ecmascript source code failed
  1 | import { Badge } from '@/components/ui/badge'
  2 | import {
> 3 | import { cn } from '@/lib/utils'
    |        ^
  4 | import { FILTER_SELECT_CLASS } from './filter-select'
  5 |   CRITICAL_MAX_DAYS_LEFT,
  6 |   EXPIRING_SOON_MAX_DAYS_LEFT,

Expected ',', got '{'

Import traces:
  Client Component Browser:
    ./src/components/portals/shared/stock-batch-health.tsx [Client Component Browser]
    ./src/components/portals/warehouse/sections/stocks/stocks-view.tsx [Client Component Browser]
    ./src/components/portals/warehouse/WarehousePortal.tsx [Client Component Browser]
    ./src/app/page.tsx [Client Component Browser]
    ./src/app/page.tsx [Server Component]
    ./src/app/admin/page.tsx [Server Component]

  Client Component SSR:
    ./src/components/portals/shared/stock-batch-health.tsx [Client Component SSR]
    ./src/components/portals/warehouse/sections/stocks/stocks-view.tsx [Client Component SSR]
    ./src/components/portals/warehouse/WarehousePortal.tsx [Client Component SSR]
    ./src/app/page.tsx [Client Component SSR]
    ./src/app/page.tsx [Server Component]
    ./src/app/admin/page.tsx [Server Component] @ https://localhost:3000/_next/static/chunks/node_modules_next_dist_f3530cac._.js:3127
[ 5717441ms] [ERROR] ./src/components/portals/shared/stock-batch-health.tsx:3:8
Parsing ecmascript source code failed
  1 | import { Badge } from '@/components/ui/badge'
  2 | import {
> 3 | import { cn } from '@/lib/utils'
    |        ^
  4 | import { FILTER_SELECT_CLASS } from './filter-select'
  5 |   CRITICAL_MAX_DAYS_LEFT,
  6 |   EXPIRING_SOON_MAX_DAYS_LEFT,

Expected ',', got '{'

Import traces:
  Client Component Browser:
    ./src/components/portals/shared/stock-batch-health.tsx [Client Component Browser]
    ./src/components/portals/warehouse/sections/stocks/stocks-view.tsx [Client Component Browser]
    ./src/components/portals/warehouse/WarehousePortal.tsx [Client Component Browser]
    ./src/app/page.tsx [Client Component Browser]
    ./src/app/page.tsx [Server Component]
    ./src/app/admin/page.tsx [Server Component]

  Client Component SSR:
    ./src/components/portals/shared/stock-batch-health.tsx [Client Component SSR]
    ./src/components/portals/warehouse/sections/stocks/stocks-view.tsx [Client Component SSR]
    ./src/components/portals/warehouse/WarehousePortal.tsx [Client Component SSR]
    ./src/app/page.tsx [Client Component SSR]
    ./src/app/page.tsx [Server Component]
    ./src/app/admin/page.tsx [Server Component] @ https://localhost:3000/_next/static/chunks/node_modules_next_dist_f3530cac._.js:3127
[ 5717501ms] [ERROR] ./src/components/portals/shared/stock-batch-health.tsx:3:8
Parsing ecmascript source code failed
  1 | import { Badge } from '@/components/ui/badge'
  2 | import {
> 3 | import { cn } from '@/lib/utils'
    |        ^
  4 | import { FILTER_SELECT_CLASS } from './filter-select'
  5 |   CRITICAL_MAX_DAYS_LEFT,
  6 |   EXPIRING_SOON_MAX_DAYS_LEFT,

Expected ',', got '{'

Import traces:
  Client Component Browser:
    ./src/components/portals/shared/stock-batch-health.tsx [Client Component Browser]
    ./src/components/portals/warehouse/sections/stocks/stocks-view.tsx [Client Component Browser]
    ./src/components/portals/warehouse/WarehousePortal.tsx [Client Component Browser]
    ./src/app/page.tsx [Client Component Browser]
    ./src/app/page.tsx [Server Component]
    ./src/app/admin/page.tsx [Server Component]

  Client Component SSR:
    ./src/components/portals/shared/stock-batch-health.tsx [Client Component SSR]
    ./src/components/portals/warehouse/sections/stocks/stocks-view.tsx [Client Component SSR]
    ./src/components/portals/warehouse/WarehousePortal.tsx [Client Component SSR]
    ./src/app/page.tsx [Client Component SSR]
    ./src/app/page.tsx [Server Component]
    ./src/app/admin/page.tsx [Server Component] @ https://localhost:3000/_next/static/chunks/node_modules_next_dist_f3530cac._.js:3127
[ 5717554ms] [ERROR] ./src/components/portals/shared/stock-batch-health.tsx:3:8
Parsing ecmascript source code failed
  1 | import { Badge } from '@/components/ui/badge'
  2 | import {
> 3 | import { cn } from '@/lib/utils'
    |        ^
  4 | import { FILTER_SELECT_CLASS } from './filter-select'
  5 |   CRITICAL_MAX_DAYS_LEFT,
  6 |   EXPIRING_SOON_MAX_DAYS_LEFT,

Expected ',', got '{'

Import traces:
  Client Component Browser:
    ./src/components/portals/shared/stock-batch-health.tsx [Client Component Browser]
    ./src/components/portals/warehouse/sections/stocks/stocks-view.tsx [Client Component Browser]
    ./src/components/portals/warehouse/WarehousePortal.tsx [Client Component Browser]
    ./src/app/page.tsx [Client Component Browser]
    ./src/app/page.tsx [Server Component]
    ./src/app/admin/page.tsx [Server Component]

  Client Component SSR:
    ./src/components/portals/shared/stock-batch-health.tsx [Client Component SSR]
    ./src/components/portals/warehouse/sections/stocks/stocks-view.tsx [Client Component SSR]
    ./src/components/portals/warehouse/WarehousePortal.tsx [Client Component SSR]
    ./src/app/page.tsx [Client Component SSR]
    ./src/app/page.tsx [Server Component]
    ./src/app/admin/page.tsx [Server Component] @ https://localhost:3000/_next/static/chunks/node_modules_next_dist_f3530cac._.js:3127
[ 5717616ms] [ERROR] ./src/components/portals/shared/stock-batch-health.tsx:3:8
Parsing ecmascript source code failed
  1 | import { Badge } from '@/components/ui/badge'
  2 | import {
> 3 | import { cn } from '@/lib/utils'
    |        ^
  4 | import { FILTER_SELECT_CLASS } from './filter-select'
  5 |   CRITICAL_MAX_DAYS_LEFT,
  6 |   EXPIRING_SOON_MAX_DAYS_LEFT,

Expected ',', got '{'

Import traces:
  Client Component Browser:
    ./src/components/portals/shared/stock-batch-health.tsx [Client Component Browser]
    ./src/components/portals/warehouse/sections/stocks/stocks-view.tsx [Client Component Browser]
    ./src/components/portals/warehouse/WarehousePortal.tsx [Client Component Browser]
    ./src/app/page.tsx [Client Component Browser]
    ./src/app/page.tsx [Server Component]
    ./src/app/admin/page.tsx [Server Component]

  Client Component SSR:
    ./src/components/portals/shared/stock-batch-health.tsx [Client Component SSR]
    ./src/components/portals/warehouse/sections/stocks/stocks-view.tsx [Client Component SSR]
    ./src/components/portals/warehouse/WarehousePortal.tsx [Client Component SSR]
    ./src/app/page.tsx [Client Component SSR]
    ./src/app/page.tsx [Server Component]
    ./src/app/admin/page.tsx [Server Component] @ https://localhost:3000/_next/static/chunks/node_modules_next_dist_f3530cac._.js:3127
[ 5717677ms] [ERROR] ./src/components/portals/shared/stock-batch-health.tsx:3:8
Parsing ecmascript source code failed
  1 | import { Badge } from '@/components/ui/badge'
  2 | import {
> 3 | import { cn } from '@/lib/utils'
    |        ^
  4 | import { FILTER_SELECT_CLASS } from './filter-select'
  5 |   CRITICAL_MAX_DAYS_LEFT,
  6 |   EXPIRING_SOON_MAX_DAYS_LEFT,

Expected ',', got '{'

Import traces:
  Client Component Browser:
    ./src/components/portals/shared/stock-batch-health.tsx [Client Component Browser]
    ./src/components/portals/warehouse/sections/stocks/stocks-view.tsx [Client Component Browser]
    ./src/components/portals/warehouse/WarehousePortal.tsx [Client Component Browser]
    ./src/app/page.tsx [Client Component Browser]
    ./src/app/page.tsx [Server Component]
    ./src/app/admin/page.tsx [Server Component]

  Client Component SSR:
    ./src/components/portals/shared/stock-batch-health.tsx [Client Component SSR]
    ./src/components/portals/warehouse/sections/stocks/stocks-view.tsx [Client Component SSR]
    ./src/components/portals/warehouse/WarehousePortal.tsx [Client Component SSR]
    ./src/app/page.tsx [Client Component SSR]
    ./src/app/page.tsx [Server Component]
    ./src/app/admin/page.tsx [Server Component] @ https://localhost:3000/_next/static/chunks/node_modules_next_dist_f3530cac._.js:3127
[ 5717729ms] [ERROR] ./src/components/portals/shared/stock-batch-health.tsx:3:8
Parsing ecmascript source code failed
  1 | import { Badge } from '@/components/ui/badge'
  2 | import {
> 3 | import { cn } from '@/lib/utils'
    |        ^
  4 | import { FILTER_SELECT_CLASS } from './filter-select'
  5 |   CRITICAL_MAX_DAYS_LEFT,
  6 |   EXPIRING_SOON_MAX_DAYS_LEFT,

Expected ',', got '{'

Import traces:
  Client Component Browser:
    ./src/components/portals/shared/stock-batch-health.tsx [Client Component Browser]
    ./src/components/portals/warehouse/sections/stocks/stocks-view.tsx [Client Component Browser]
    ./src/components/portals/warehouse/WarehousePortal.tsx [Client Component Browser]
    ./src/app/page.tsx [Client Component Browser]
    ./src/app/page.tsx [Server Component]
    ./src/app/admin/page.tsx [Server Component]

  Client Component SSR:
    ./src/components/portals/shared/stock-batch-health.tsx [Client Component SSR]
    ./src/components/portals/warehouse/sections/stocks/stocks-view.tsx [Client Component SSR]
    ./src/components/portals/warehouse/WarehousePortal.tsx [Client Component SSR]
    ./src/app/page.tsx [Client Component SSR]
    ./src/app/page.tsx [Server Component]
    ./src/app/admin/page.tsx [Server Component] @ https://localhost:3000/_next/static/chunks/node_modules_next_dist_f3530cac._.js:3127
[ 5717779ms] [ERROR] ./src/components/portals/shared/stock-batch-health.tsx:3:8
Parsing ecmascript source code failed
  1 | import { Badge } from '@/components/ui/badge'
  2 | import {
> 3 | import { cn } from '@/lib/utils'
    |        ^
  4 | import { FILTER_SELECT_CLASS } from './filter-select'
  5 |   CRITICAL_MAX_DAYS_LEFT,
  6 |   EXPIRING_SOON_MAX_DAYS_LEFT,

Expected ',', got '{'

Import traces:
  Client Component Browser:
    ./src/components/portals/shared/stock-batch-health.tsx [Client Component Browser]
    ./src/components/portals/warehouse/sections/stocks/stocks-view.tsx [Client Component Browser]
    ./src/components/portals/warehouse/WarehousePortal.tsx [Client Component Browser]
    ./src/app/page.tsx [Client Component Browser]
    ./src/app/page.tsx [Server Component]
    ./src/app/admin/page.tsx [Server Component]

  Client Component SSR:
    ./src/components/portals/shared/stock-batch-health.tsx [Client Component SSR]
    ./src/components/portals/warehouse/sections/stocks/stocks-view.tsx [Client Component SSR]
    ./src/components/portals/warehouse/WarehousePortal.tsx [Client Component SSR]
    ./src/app/page.tsx [Client Component SSR]
    ./src/app/page.tsx [Server Component]
    ./src/app/admin/page.tsx [Server Component] @ https://localhost:3000/_next/static/chunks/node_modules_next_dist_f3530cac._.js:3127
[ 5717836ms] [ERROR] ./src/components/portals/shared/stock-batch-health.tsx:3:8
Parsing ecmascript source code failed
  1 | import { Badge } from '@/components/ui/badge'
  2 | import {
> 3 | import { cn } from '@/lib/utils'
    |        ^
  4 | import { FILTER_SELECT_CLASS } from './filter-select'
  5 |   CRITICAL_MAX_DAYS_LEFT,
  6 |   EXPIRING_SOON_MAX_DAYS_LEFT,

Expected ',', got '{'

Import traces:
  Client Component Browser:
    ./src/components/portals/shared/stock-batch-health.tsx [Client Component Browser]
    ./src/components/portals/warehouse/sections/stocks/stocks-view.tsx [Client Component Browser]
    ./src/components/portals/warehouse/WarehousePortal.tsx [Client Component Browser]
    ./src/app/page.tsx [Client Component Browser]
    ./src/app/page.tsx [Server Component]
    ./src/app/admin/page.tsx [Server Component]

  Client Component SSR:
    ./src/components/portals/shared/stock-batch-health.tsx [Client Component SSR]
    ./src/components/portals/warehouse/sections/stocks/stocks-view.tsx [Client Component SSR]
    ./src/components/portals/warehouse/WarehousePortal.tsx [Client Component SSR]
    ./src/app/page.tsx [Client Component SSR]
    ./src/app/page.tsx [Server Component]
    ./src/app/admin/page.tsx [Server Component] @ https://localhost:3000/_next/static/chunks/node_modules_next_dist_f3530cac._.js:3127
[ 5717902ms] [ERROR] ./src/components/portals/shared/stock-batch-health.tsx:3:8
Parsing ecmascript source code failed
  1 | import { Badge } from '@/components/ui/badge'
  2 | import {
> 3 | import { cn } from '@/lib/utils'
    |        ^
  4 | import { FILTER_SELECT_CLASS } from './filter-select'
  5 |   CRITICAL_MAX_DAYS_LEFT,
  6 |   EXPIRING_SOON_MAX_DAYS_LEFT,

Expected ',', got '{'

Import traces:
  Client Component Browser:
    ./src/components/portals/shared/stock-batch-health.tsx [Client Component Browser]
    ./src/components/portals/warehouse/sections/stocks/stocks-view.tsx [Client Component Browser]
    ./src/components/portals/warehouse/WarehousePortal.tsx [Client Component Browser]
    ./src/app/page.tsx [Client Component Browser]
    ./src/app/page.tsx [Server Component]
    ./src/app/admin/page.tsx [Server Component]

  Client Component SSR:
    ./src/components/portals/shared/stock-batch-health.tsx [Client Component SSR]
    ./src/components/portals/warehouse/sections/stocks/stocks-view.tsx [Client Component SSR]
    ./src/components/portals/warehouse/WarehousePortal.tsx [Client Component SSR]
    ./src/app/page.tsx [Client Component SSR]
    ./src/app/page.tsx [Server Component]
    ./src/app/admin/page.tsx [Server Component] @ https://localhost:3000/_next/static/chunks/node_modules_next_dist_f3530cac._.js:3127
[ 5717968ms] [ERROR] ./src/components/portals/shared/stock-batch-health.tsx:3:8
Parsing ecmascript source code failed
  1 | import { Badge } from '@/components/ui/badge'
  2 | import {
> 3 | import { cn } from '@/lib/utils'
    |        ^
  4 | import { FILTER_SELECT_CLASS } from './filter-select'
  5 |   CRITICAL_MAX_DAYS_LEFT,
  6 |   EXPIRING_SOON_MAX_DAYS_LEFT,

Expected ',', got '{'

Import traces:
  Client Component Browser:
    ./src/components/portals/shared/stock-batch-health.tsx [Client Component Browser]
    ./src/components/portals/warehouse/sections/stocks/stocks-view.tsx [Client Component Browser]
    ./src/components/portals/warehouse/WarehousePortal.tsx [Client Component Browser]
    ./src/app/page.tsx [Client Component Browser]
    ./src/app/page.tsx [Server Component]
    ./src/app/admin/page.tsx [Server Component]

  Client Component SSR:
    ./src/components/portals/shared/stock-batch-health.tsx [Client Component SSR]
    ./src/components/portals/warehouse/sections/stocks/stocks-view.tsx [Client Component SSR]
    ./src/components/portals/warehouse/WarehousePortal.tsx [Client Component SSR]
    ./src/app/page.tsx [Client Component SSR]
    ./src/app/page.tsx [Server Component]
    ./src/app/admin/page.tsx [Server Component] @ https://localhost:3000/_next/static/chunks/node_modules_next_dist_f3530cac._.js:3127
[ 5718024ms] [ERROR] ./src/components/portals/shared/stock-batch-health.tsx:3:8
Parsing ecmascript source code failed
  1 | import { Badge } from '@/components/ui/badge'
  2 | import {
> 3 | import { cn } from '@/lib/utils'
    |        ^
  4 | import { FILTER_SELECT_CLASS } from './filter-select'
  5 |   CRITICAL_MAX_DAYS_LEFT,
  6 |   EXPIRING_SOON_MAX_DAYS_LEFT,

Expected ',', got '{'

Import traces:
  Client Component Browser:
    ./src/components/portals/shared/stock-batch-health.tsx [Client Component Browser]
    ./src/components/portals/warehouse/sections/stocks/stocks-view.tsx [Client Component Browser]
    ./src/components/portals/warehouse/WarehousePortal.tsx [Client Component Browser]
    ./src/app/page.tsx [Client Component Browser]
    ./src/app/page.tsx [Server Component]
    ./src/app/admin/page.tsx [Server Component]

  Client Component SSR:
    ./src/components/portals/shared/stock-batch-health.tsx [Client Component SSR]
    ./src/components/portals/warehouse/sections/stocks/stocks-view.tsx [Client Component SSR]
    ./src/components/portals/warehouse/WarehousePortal.tsx [Client Component SSR]
    ./src/app/page.tsx [Client Component SSR]
    ./src/app/page.tsx [Server Component]
    ./src/app/admin/page.tsx [Server Component] @ https://localhost:3000/_next/static/chunks/node_modules_next_dist_f3530cac._.js:3127
[ 5718074ms] [ERROR] ./src/components/portals/shared/stock-batch-health.tsx:3:8
Parsing ecmascript source code failed
  1 | import { Badge } from '@/components/ui/badge'
  2 | import {
> 3 | import { cn } from '@/lib/utils'
    |        ^
  4 | import { FILTER_SELECT_CLASS } from './filter-select'
  5 |   CRITICAL_MAX_DAYS_LEFT,
  6 |   EXPIRING_SOON_MAX_DAYS_LEFT,

Expected ',', got '{'

Import traces:
  Client Component Browser:
    ./src/components/portals/shared/stock-batch-health.tsx [Client Component Browser]
    ./src/components/portals/warehouse/sections/stocks/stocks-view.tsx [Client Component Browser]
    ./src/components/portals/warehouse/WarehousePortal.tsx [Client Component Browser]
    ./src/app/page.tsx [Client Component Browser]
    ./src/app/page.tsx [Server Component]
    ./src/app/admin/page.tsx [Server Component]

  Client Component SSR:
    ./src/components/portals/shared/stock-batch-health.tsx [Client Component SSR]
    ./src/components/portals/warehouse/sections/stocks/stocks-view.tsx [Client Component SSR]
    ./src/components/portals/warehouse/WarehousePortal.tsx [Client Component SSR]
    ./src/app/page.tsx [Client Component SSR]
    ./src/app/page.tsx [Server Component]
    ./src/app/admin/page.tsx [Server Component] @ https://localhost:3000/_next/static/chunks/node_modules_next_dist_f3530cac._.js:3127
[ 5718134ms] [ERROR] ./src/components/portals/shared/stock-batch-health.tsx:3:8
Parsing ecmascript source code failed
  1 | import { Badge } from '@/components/ui/badge'
  2 | import {
> 3 | import { cn } from '@/lib/utils'
    |        ^
  4 | import { FILTER_SELECT_CLASS } from './filter-select'
  5 |   CRITICAL_MAX_DAYS_LEFT,
  6 |   EXPIRING_SOON_MAX_DAYS_LEFT,

Expected ',', got '{'

Import traces:
  Client Component Browser:
    ./src/components/portals/shared/stock-batch-health.tsx [Client Component Browser]
    ./src/components/portals/warehouse/sections/stocks/stocks-view.tsx [Client Component Browser]
    ./src/components/portals/warehouse/WarehousePortal.tsx [Client Component Browser]
    ./src/app/page.tsx [Client Component Browser]
    ./src/app/page.tsx [Server Component]
    ./src/app/admin/page.tsx [Server Component]

  Client Component SSR:
    ./src/components/portals/shared/stock-batch-health.tsx [Client Component SSR]
    ./src/components/portals/warehouse/sections/stocks/stocks-view.tsx [Client Component SSR]
    ./src/components/portals/warehouse/WarehousePortal.tsx [Client Component SSR]
    ./src/app/page.tsx [Client Component SSR]
    ./src/app/page.tsx [Server Component]
    ./src/app/admin/page.tsx [Server Component] @ https://localhost:3000/_next/static/chunks/node_modules_next_dist_f3530cac._.js:3127
[ 5718189ms] [ERROR] ./src/components/portals/shared/stock-batch-health.tsx:3:8
Parsing ecmascript source code failed
  1 | import { Badge } from '@/components/ui/badge'
  2 | import {
> 3 | import { cn } from '@/lib/utils'
    |        ^
  4 | import { FILTER_SELECT_CLASS } from './filter-select'
  5 |   CRITICAL_MAX_DAYS_LEFT,
  6 |   EXPIRING_SOON_MAX_DAYS_LEFT,

Expected ',', got '{'

Import traces:
  Client Component Browser:
    ./src/components/portals/shared/stock-batch-health.tsx [Client Component Browser]
    ./src/components/portals/warehouse/sections/stocks/stocks-view.tsx [Client Component Browser]
    ./src/components/portals/warehouse/WarehousePortal.tsx [Client Component Browser]
    ./src/app/page.tsx [Client Component Browser]
    ./src/app/page.tsx [Server Component]
    ./src/app/admin/page.tsx [Server Component]

  Client Component SSR:
    ./src/components/portals/shared/stock-batch-health.tsx [Client Component SSR]
    ./src/components/portals/warehouse/sections/stocks/stocks-view.tsx [Client Component SSR]
    ./src/components/portals/warehouse/WarehousePortal.tsx [Client Component SSR]
    ./src/app/page.tsx [Client Component SSR]
    ./src/app/page.tsx [Server Component]
    ./src/app/admin/page.tsx [Server Component] @ https://localhost:3000/_next/static/chunks/node_modules_next_dist_f3530cac._.js:3127
[ 5718241ms] [ERROR] ./src/components/portals/shared/stock-batch-health.tsx:3:8
Parsing ecmascript source code failed
  1 | import { Badge } from '@/components/ui/badge'
  2 | import {
> 3 | import { cn } from '@/lib/utils'
    |        ^
  4 | import { FILTER_SELECT_CLASS } from './filter-select'
  5 |   CRITICAL_MAX_DAYS_LEFT,
  6 |   EXPIRING_SOON_MAX_DAYS_LEFT,

Expected ',', got '{'

Import traces:
  Client Component Browser:
    ./src/components/portals/shared/stock-batch-health.tsx [Client Component Browser]
    ./src/components/portals/warehouse/sections/stocks/stocks-view.tsx [Client Component Browser]
    ./src/components/portals/warehouse/WarehousePortal.tsx [Client Component Browser]
    ./src/app/page.tsx [Client Component Browser]
    ./src/app/page.tsx [Server Component]
    ./src/app/admin/page.tsx [Server Component]

  Client Component SSR:
    ./src/components/portals/shared/stock-batch-health.tsx [Client Component SSR]
    ./src/components/portals/warehouse/sections/stocks/stocks-view.tsx [Client Component SSR]
    ./src/components/portals/warehouse/WarehousePortal.tsx [Client Component SSR]
    ./src/app/page.tsx [Client Component SSR]
    ./src/app/page.tsx [Server Component]
    ./src/app/admin/page.tsx [Server Component] @ https://localhost:3000/_next/static/chunks/node_modules_next_dist_f3530cac._.js:3127
[ 5718289ms] [ERROR] ./src/components/portals/shared/stock-batch-health.tsx:3:8
Parsing ecmascript source code failed
  1 | import { Badge } from '@/components/ui/badge'
  2 | import {
> 3 | import { cn } from '@/lib/utils'
    |        ^
  4 | import { FILTER_SELECT_CLASS } from './filter-select'
  5 |   CRITICAL_MAX_DAYS_LEFT,
  6 |   EXPIRING_SOON_MAX_DAYS_LEFT,

Expected ',', got '{'

Import traces:
  Client Component Browser:
    ./src/components/portals/shared/stock-batch-health.tsx [Client Component Browser]
    ./src/components/portals/warehouse/sections/stocks/stocks-view.tsx [Client Component Browser]
    ./src/components/portals/warehouse/WarehousePortal.tsx [Client Component Browser]
    ./src/app/page.tsx [Client Component Browser]
    ./src/app/page.tsx [Server Component]
    ./src/app/admin/page.tsx [Server Component]

  Client Component SSR:
    ./src/components/portals/shared/stock-batch-health.tsx [Client Component SSR]
    ./src/components/portals/warehouse/sections/stocks/stocks-view.tsx [Client Component SSR]
    ./src/components/portals/warehouse/WarehousePortal.tsx [Client Component SSR]
    ./src/app/page.tsx [Client Component SSR]
    ./src/app/page.tsx [Server Component]
    ./src/app/admin/page.tsx [Server Component] @ https://localhost:3000/_next/static/chunks/node_modules_next_dist_f3530cac._.js:3127
[ 5718349ms] [ERROR] ./src/components/portals/shared/stock-batch-health.tsx:3:8
Parsing ecmascript source code failed
  1 | import { Badge } from '@/components/ui/badge'
  2 | import {
> 3 | import { cn } from '@/lib/utils'
    |        ^
  4 | import { FILTER_SELECT_CLASS } from './filter-select'
  5 |   CRITICAL_MAX_DAYS_LEFT,
  6 |   EXPIRING_SOON_MAX_DAYS_LEFT,

Expected ',', got '{'

Import traces:
  Client Component Browser:
    ./src/components/portals/shared/stock-batch-health.tsx [Client Component Browser]
    ./src/components/portals/warehouse/sections/stocks/stocks-view.tsx [Client Component Browser]
    ./src/components/portals/warehouse/WarehousePortal.tsx [Client Component Browser]
    ./src/app/page.tsx [Client Component Browser]
    ./src/app/page.tsx [Server Component]
    ./src/app/admin/page.tsx [Server Component]

  Client Component SSR:
    ./src/components/portals/shared/stock-batch-health.tsx [Client Component SSR]
    ./src/components/portals/warehouse/sections/stocks/stocks-view.tsx [Client Component SSR]
    ./src/components/portals/warehouse/WarehousePortal.tsx [Client Component SSR]
    ./src/app/page.tsx [Client Component SSR]
    ./src/app/page.tsx [Server Component]
    ./src/app/admin/page.tsx [Server Component] @ https://localhost:3000/_next/static/chunks/node_modules_next_dist_f3530cac._.js:3127
[ 5718408ms] [ERROR] ./src/components/portals/shared/stock-batch-health.tsx:3:8
Parsing ecmascript source code failed
  1 | import { Badge } from '@/components/ui/badge'
  2 | import {
> 3 | import { cn } from '@/lib/utils'
    |        ^
  4 | import { FILTER_SELECT_CLASS } from './filter-select'
  5 |   CRITICAL_MAX_DAYS_LEFT,
  6 |   EXPIRING_SOON_MAX_DAYS_LEFT,

Expected ',', got '{'

Import traces:
  Client Component Browser:
    ./src/components/portals/shared/stock-batch-health.tsx [Client Component Browser]
    ./src/components/portals/warehouse/sections/stocks/stocks-view.tsx [Client Component Browser]
    ./src/components/portals/warehouse/WarehousePortal.tsx [Client Component Browser]
    ./src/app/page.tsx [Client Component Browser]
    ./src/app/page.tsx [Server Component]
    ./src/app/admin/page.tsx [Server Component]

  Client Component SSR:
    ./src/components/portals/shared/stock-batch-health.tsx [Client Component SSR]
    ./src/components/portals/warehouse/sections/stocks/stocks-view.tsx [Client Component SSR]
    ./src/components/portals/warehouse/WarehousePortal.tsx [Client Component SSR]
    ./src/app/page.tsx [Client Component SSR]
    ./src/app/page.tsx [Server Component]
    ./src/app/admin/page.tsx [Server Component] @ https://localhost:3000/_next/static/chunks/node_modules_next_dist_f3530cac._.js:3127
[ 5718478ms] [ERROR] ./src/components/portals/shared/stock-batch-health.tsx:3:8
Parsing ecmascript source code failed
  1 | import { Badge } from '@/components/ui/badge'
  2 | import {
> 3 | import { cn } from '@/lib/utils'
    |        ^
  4 | import { FILTER_SELECT_CLASS } from './filter-select'
  5 |   CRITICAL_MAX_DAYS_LEFT,
  6 |   EXPIRING_SOON_MAX_DAYS_LEFT,

Expected ',', got '{'

Import traces:
  Client Component Browser:
    ./src/components/portals/shared/stock-batch-health.tsx [Client Component Browser]
    ./src/components/portals/warehouse/sections/stocks/stocks-view.tsx [Client Component Browser]
    ./src/components/portals/warehouse/WarehousePortal.tsx [Client Component Browser]
    ./src/app/page.tsx [Client Component Browser]
    ./src/app/page.tsx [Server Component]
    ./src/app/admin/page.tsx [Server Component]

  Client Component SSR:
    ./src/components/portals/shared/stock-batch-health.tsx [Client Component SSR]
    ./src/components/portals/warehouse/sections/stocks/stocks-view.tsx [Client Component SSR]
    ./src/components/portals/warehouse/WarehousePortal.tsx [Client Component SSR]
    ./src/app/page.tsx [Client Component SSR]
    ./src/app/page.tsx [Server Component]
    ./src/app/admin/page.tsx [Server Component] @ https://localhost:3000/_next/static/chunks/node_modules_next_dist_f3530cac._.js:3127
[ 5718529ms] [ERROR] ./src/components/portals/shared/stock-batch-health.tsx:3:8
Parsing ecmascript source code failed
  1 | import { Badge } from '@/components/ui/badge'
  2 | import {
> 3 | import { cn } from '@/lib/utils'
    |        ^
  4 | import { FILTER_SELECT_CLASS } from './filter-select'
  5 |   CRITICAL_MAX_DAYS_LEFT,
  6 |   EXPIRING_SOON_MAX_DAYS_LEFT,

Expected ',', got '{'

Import traces:
  Client Component Browser:
    ./src/components/portals/shared/stock-batch-health.tsx [Client Component Browser]
    ./src/components/portals/warehouse/sections/stocks/stocks-view.tsx [Client Component Browser]
    ./src/components/portals/warehouse/WarehousePortal.tsx [Client Component Browser]
    ./src/app/page.tsx [Client Component Browser]
    ./src/app/page.tsx [Server Component]
    ./src/app/admin/page.tsx [Server Component]

  Client Component SSR:
    ./src/components/portals/shared/stock-batch-health.tsx [Client Component SSR]
    ./src/components/portals/warehouse/sections/stocks/stocks-view.tsx [Client Component SSR]
    ./src/components/portals/warehouse/WarehousePortal.tsx [Client Component SSR]
    ./src/app/page.tsx [Client Component SSR]
    ./src/app/page.tsx [Server Component]
    ./src/app/admin/page.tsx [Server Component] @ https://localhost:3000/_next/static/chunks/node_modules_next_dist_f3530cac._.js:3127
[ 5718591ms] [ERROR] ./src/components/portals/shared/stock-batch-health.tsx:3:8
Parsing ecmascript source code failed
  1 | import { Badge } from '@/components/ui/badge'
  2 | import {
> 3 | import { cn } from '@/lib/utils'
    |        ^
  4 | import { FILTER_SELECT_CLASS } from './filter-select'
  5 |   CRITICAL_MAX_DAYS_LEFT,
  6 |   EXPIRING_SOON_MAX_DAYS_LEFT,

Expected ',', got '{'

Import traces:
  Client Component Browser:
    ./src/components/portals/shared/stock-batch-health.tsx [Client Component Browser]
    ./src/components/portals/warehouse/sections/stocks/stocks-view.tsx [Client Component Browser]
    ./src/components/portals/warehouse/WarehousePortal.tsx [Client Component Browser]
    ./src/app/page.tsx [Client Component Browser]
    ./src/app/page.tsx [Server Component]
    ./src/app/admin/page.tsx [Server Component]

  Client Component SSR:
    ./src/components/portals/shared/stock-batch-health.tsx [Client Component SSR]
    ./src/components/portals/warehouse/sections/stocks/stocks-view.tsx [Client Component SSR]
    ./src/components/portals/warehouse/WarehousePortal.tsx [Client Component SSR]
    ./src/app/page.tsx [Client Component SSR]
    ./src/app/page.tsx [Server Component]
    ./src/app/admin/page.tsx [Server Component] @ https://localhost:3000/_next/static/chunks/node_modules_next_dist_f3530cac._.js:3127
[ 5718657ms] [ERROR] ./src/components/portals/shared/stock-batch-health.tsx:3:8
Parsing ecmascript source code failed
  1 | import { Badge } from '@/components/ui/badge'
  2 | import {
> 3 | import { cn } from '@/lib/utils'
    |        ^
  4 | import { FILTER_SELECT_CLASS } from './filter-select'
  5 |   CRITICAL_MAX_DAYS_LEFT,
  6 |   EXPIRING_SOON_MAX_DAYS_LEFT,

Expected ',', got '{'

Import traces:
  Client Component Browser:
    ./src/components/portals/shared/stock-batch-health.tsx [Client Component Browser]
    ./src/components/portals/warehouse/sections/stocks/stocks-view.tsx [Client Component Browser]
    ./src/components/portals/warehouse/WarehousePortal.tsx [Client Component Browser]
    ./src/app/page.tsx [Client Component Browser]
    ./src/app/page.tsx [Server Component]
    ./src/app/admin/page.tsx [Server Component]

  Client Component SSR:
    ./src/components/portals/shared/stock-batch-health.tsx [Client Component SSR]
    ./src/components/portals/warehouse/sections/stocks/stocks-view.tsx [Client Component SSR]
    ./src/components/portals/warehouse/WarehousePortal.tsx [Client Component SSR]
    ./src/app/page.tsx [Client Component SSR]
    ./src/app/page.tsx [Server Component]
    ./src/app/admin/page.tsx [Server Component] @ https://localhost:3000/_next/static/chunks/node_modules_next_dist_f3530cac._.js:3127
[ 5718722ms] [ERROR] ./src/components/portals/shared/stock-batch-health.tsx:3:8
Parsing ecmascript source code failed
  1 | import { Badge } from '@/components/ui/badge'
  2 | import {
> 3 | import { cn } from '@/lib/utils'
    |        ^
  4 | import { FILTER_SELECT_CLASS } from './filter-select'
  5 |   CRITICAL_MAX_DAYS_LEFT,
  6 |   EXPIRING_SOON_MAX_DAYS_LEFT,

Expected ',', got '{'

Import traces:
  Client Component Browser:
    ./src/components/portals/shared/stock-batch-health.tsx [Client Component Browser]
    ./src/components/portals/warehouse/sections/stocks/stocks-view.tsx [Client Component Browser]
    ./src/components/portals/warehouse/WarehousePortal.tsx [Client Component Browser]
    ./src/app/page.tsx [Client Component Browser]
    ./src/app/page.tsx [Server Component]
    ./src/app/admin/page.tsx [Server Component]

  Client Component SSR:
    ./src/components/portals/shared/stock-batch-health.tsx [Client Component SSR]
    ./src/components/portals/warehouse/sections/stocks/stocks-view.tsx [Client Component SSR]
    ./src/components/portals/warehouse/WarehousePortal.tsx [Client Component SSR]
    ./src/app/page.tsx [Client Component SSR]
    ./src/app/page.tsx [Server Component]
    ./src/app/admin/page.tsx [Server Component] @ https://localhost:3000/_next/static/chunks/node_modules_next_dist_f3530cac._.js:3127
[ 5718785ms] [ERROR] ./src/components/portals/shared/stock-batch-health.tsx:3:8
Parsing ecmascript source code failed
  1 | import { Badge } from '@/components/ui/badge'
  2 | import {
> 3 | import { cn } from '@/lib/utils'
    |        ^
  4 | import { FILTER_SELECT_CLASS } from './filter-select'
  5 |   CRITICAL_MAX_DAYS_LEFT,
  6 |   EXPIRING_SOON_MAX_DAYS_LEFT,

Expected ',', got '{'

Import traces:
  Client Component Browser:
    ./src/components/portals/shared/stock-batch-health.tsx [Client Component Browser]
    ./src/components/portals/warehouse/sections/stocks/stocks-view.tsx [Client Component Browser]
    ./src/components/portals/warehouse/WarehousePortal.tsx [Client Component Browser]
    ./src/app/page.tsx [Client Component Browser]
    ./src/app/page.tsx [Server Component]
    ./src/app/admin/page.tsx [Server Component]

  Client Component SSR:
    ./src/components/portals/shared/stock-batch-health.tsx [Client Component SSR]
    ./src/components/portals/warehouse/sections/stocks/stocks-view.tsx [Client Component SSR]
    ./src/components/portals/warehouse/WarehousePortal.tsx [Client Component SSR]
    ./src/app/page.tsx [Client Component SSR]
    ./src/app/page.tsx [Server Component]
    ./src/app/admin/page.tsx [Server Component] @ https://localhost:3000/_next/static/chunks/node_modules_next_dist_f3530cac._.js:3127
[ 5718836ms] [ERROR] ./src/components/portals/shared/stock-batch-health.tsx:3:8
Parsing ecmascript source code failed
  1 | import { Badge } from '@/components/ui/badge'
  2 | import {
> 3 | import { cn } from '@/lib/utils'
    |        ^
  4 | import { FILTER_SELECT_CLASS } from './filter-select'
  5 |   CRITICAL_MAX_DAYS_LEFT,
  6 |   EXPIRING_SOON_MAX_DAYS_LEFT,

Expected ',', got '{'

Import traces:
  Client Component Browser:
    ./src/components/portals/shared/stock-batch-health.tsx [Client Component Browser]
    ./src/components/portals/warehouse/sections/stocks/stocks-view.tsx [Client Component Browser]
    ./src/components/portals/warehouse/WarehousePortal.tsx [Client Component Browser]
    ./src/app/page.tsx [Client Component Browser]
    ./src/app/page.tsx [Server Component]
    ./src/app/admin/page.tsx [Server Component]

  Client Component SSR:
    ./src/components/portals/shared/stock-batch-health.tsx [Client Component SSR]
    ./src/components/portals/warehouse/sections/stocks/stocks-view.tsx [Client Component SSR]
    ./src/components/portals/warehouse/WarehousePortal.tsx [Client Component SSR]
    ./src/app/page.tsx [Client Component SSR]
    ./src/app/page.tsx [Server Component]
    ./src/app/admin/page.tsx [Server Component] @ https://localhost:3000/_next/static/chunks/node_modules_next_dist_f3530cac._.js:3127
[ 5718888ms] [ERROR] ./src/components/portals/shared/stock-batch-health.tsx:3:8
Parsing ecmascript source code failed
  1 | import { Badge } from '@/components/ui/badge'
  2 | import {
> 3 | import { cn } from '@/lib/utils'
    |        ^
  4 | import { FILTER_SELECT_CLASS } from './filter-select'
  5 |   CRITICAL_MAX_DAYS_LEFT,
  6 |   EXPIRING_SOON_MAX_DAYS_LEFT,

Expected ',', got '{'

Import traces:
  Client Component Browser:
    ./src/components/portals/shared/stock-batch-health.tsx [Client Component Browser]
    ./src/components/portals/warehouse/sections/stocks/stocks-view.tsx [Client Component Browser]
    ./src/components/portals/warehouse/WarehousePortal.tsx [Client Component Browser]
    ./src/app/page.tsx [Client Component Browser]
    ./src/app/page.tsx [Server Component]
    ./src/app/admin/page.tsx [Server Component]

  Client Component SSR:
    ./src/components/portals/shared/stock-batch-health.tsx [Client Component SSR]
    ./src/components/portals/warehouse/sections/stocks/stocks-view.tsx [Client Component SSR]
    ./src/components/portals/warehouse/WarehousePortal.tsx [Client Component SSR]
    ./src/app/page.tsx [Client Component SSR]
    ./src/app/page.tsx [Server Component]
    ./src/app/admin/page.tsx [Server Component] @ https://localhost:3000/_next/static/chunks/node_modules_next_dist_f3530cac._.js:3127
[ 5718942ms] [ERROR] ./src/components/portals/shared/stock-batch-health.tsx:3:8
Parsing ecmascript source code failed
  1 | import { Badge } from '@/components/ui/badge'
  2 | import {
> 3 | import { cn } from '@/lib/utils'
    |        ^
  4 | import { FILTER_SELECT_CLASS } from './filter-select'
  5 |   CRITICAL_MAX_DAYS_LEFT,
  6 |   EXPIRING_SOON_MAX_DAYS_LEFT,

Expected ',', got '{'

Import traces:
  Client Component Browser:
    ./src/components/portals/shared/stock-batch-health.tsx [Client Component Browser]
    ./src/components/portals/warehouse/sections/stocks/stocks-view.tsx [Client Component Browser]
    ./src/components/portals/warehouse/WarehousePortal.tsx [Client Component Browser]
    ./src/app/page.tsx [Client Component Browser]
    ./src/app/page.tsx [Server Component]
    ./src/app/admin/page.tsx [Server Component]

  Client Component SSR:
    ./src/components/portals/shared/stock-batch-health.tsx [Client Component SSR]
    ./src/components/portals/warehouse/sections/stocks/stocks-view.tsx [Client Component SSR]
    ./src/components/portals/warehouse/WarehousePortal.tsx [Client Component SSR]
    ./src/app/page.tsx [Client Component SSR]
    ./src/app/page.tsx [Server Component]
    ./src/app/admin/page.tsx [Server Component] @ https://localhost:3000/_next/static/chunks/node_modules_next_dist_f3530cac._.js:3127
[ 5718986ms] [ERROR] ./src/components/portals/shared/stock-batch-health.tsx:3:8
Parsing ecmascript source code failed
  1 | import { Badge } from '@/components/ui/badge'
  2 | import {
> 3 | import { cn } from '@/lib/utils'
    |        ^
  4 | import { FILTER_SELECT_CLASS } from './filter-select'
  5 |   CRITICAL_MAX_DAYS_LEFT,
  6 |   EXPIRING_SOON_MAX_DAYS_LEFT,

Expected ',', got '{'

Import traces:
  Client Component Browser:
    ./src/components/portals/shared/stock-batch-health.tsx [Client Component Browser]
    ./src/components/portals/warehouse/sections/stocks/stocks-view.tsx [Client Component Browser]
    ./src/components/portals/warehouse/WarehousePortal.tsx [Client Component Browser]
    ./src/app/page.tsx [Client Component Browser]
    ./src/app/page.tsx [Server Component]
    ./src/app/admin/page.tsx [Server Component]

  Client Component SSR:
    ./src/components/portals/shared/stock-batch-health.tsx [Client Component SSR]
    ./src/components/portals/warehouse/sections/stocks/stocks-view.tsx [Client Component SSR]
    ./src/components/portals/warehouse/WarehousePortal.tsx [Client Component SSR]
    ./src/app/page.tsx [Client Component SSR]
    ./src/app/page.tsx [Server Component]
    ./src/app/admin/page.tsx [Server Component] @ https://localhost:3000/_next/static/chunks/node_modules_next_dist_f3530cac._.js:3127
[ 5719037ms] [ERROR] ./src/components/portals/shared/stock-batch-health.tsx:3:8
Parsing ecmascript source code failed
  1 | import { Badge } from '@/components/ui/badge'
  2 | import {
> 3 | import { cn } from '@/lib/utils'
    |        ^
  4 | import { FILTER_SELECT_CLASS } from './filter-select'
  5 |   CRITICAL_MAX_DAYS_LEFT,
  6 |   EXPIRING_SOON_MAX_DAYS_LEFT,

Expected ',', got '{'

Import traces:
  Client Component Browser:
    ./src/components/portals/shared/stock-batch-health.tsx [Client Component Browser]
    ./src/components/portals/warehouse/sections/stocks/stocks-view.tsx [Client Component Browser]
    ./src/components/portals/warehouse/WarehousePortal.tsx [Client Component Browser]
    ./src/app/page.tsx [Client Component Browser]
    ./src/app/page.tsx [Server Component]
    ./src/app/admin/page.tsx [Server Component]

  Client Component SSR:
    ./src/components/portals/shared/stock-batch-health.tsx [Client Component SSR]
    ./src/components/portals/warehouse/sections/stocks/stocks-view.tsx [Client Component SSR]
    ./src/components/portals/warehouse/WarehousePortal.tsx [Client Component SSR]
    ./src/app/page.tsx [Client Component SSR]
    ./src/app/page.tsx [Server Component]
    ./src/app/admin/page.tsx [Server Component] @ https://localhost:3000/_next/static/chunks/node_modules_next_dist_f3530cac._.js:3127
[ 5719086ms] [ERROR] ./src/components/portals/shared/stock-batch-health.tsx:3:8
Parsing ecmascript source code failed
  1 | import { Badge } from '@/components/ui/badge'
  2 | import {
> 3 | import { cn } from '@/lib/utils'
    |        ^
  4 | import { FILTER_SELECT_CLASS } from './filter-select'
  5 |   CRITICAL_MAX_DAYS_LEFT,
  6 |   EXPIRING_SOON_MAX_DAYS_LEFT,

Expected ',', got '{'

Import traces:
  Client Component Browser:
    ./src/components/portals/shared/stock-batch-health.tsx [Client Component Browser]
    ./src/components/portals/warehouse/sections/stocks/stocks-view.tsx [Client Component Browser]
    ./src/components/portals/warehouse/WarehousePortal.tsx [Client Component Browser]
    ./src/app/page.tsx [Client Component Browser]
    ./src/app/page.tsx [Server Component]
    ./src/app/admin/page.tsx [Server Component]

  Client Component SSR:
    ./src/components/portals/shared/stock-batch-health.tsx [Client Component SSR]
    ./src/components/portals/warehouse/sections/stocks/stocks-view.tsx [Client Component SSR]
    ./src/components/portals/warehouse/WarehousePortal.tsx [Client Component SSR]
    ./src/app/page.tsx [Client Component SSR]
    ./src/app/page.tsx [Server Component]
    ./src/app/admin/page.tsx [Server Component] @ https://localhost:3000/_next/static/chunks/node_modules_next_dist_f3530cac._.js:3127
[ 5719135ms] [ERROR] ./src/components/portals/shared/stock-batch-health.tsx:3:8
Parsing ecmascript source code failed
  1 | import { Badge } from '@/components/ui/badge'
  2 | import {
> 3 | import { cn } from '@/lib/utils'
    |        ^
  4 | import { FILTER_SELECT_CLASS } from './filter-select'
  5 |   CRITICAL_MAX_DAYS_LEFT,
  6 |   EXPIRING_SOON_MAX_DAYS_LEFT,

Expected ',', got '{'

Import traces:
  Client Component Browser:
    ./src/components/portals/shared/stock-batch-health.tsx [Client Component Browser]
    ./src/components/portals/warehouse/sections/stocks/stocks-view.tsx [Client Component Browser]
    ./src/components/portals/warehouse/WarehousePortal.tsx [Client Component Browser]
    ./src/app/page.tsx [Client Component Browser]
    ./src/app/page.tsx [Server Component]
    ./src/app/admin/page.tsx [Server Component]

  Client Component SSR:
    ./src/components/portals/shared/stock-batch-health.tsx [Client Component SSR]
    ./src/components/portals/warehouse/sections/stocks/stocks-view.tsx [Client Component SSR]
    ./src/components/portals/warehouse/WarehousePortal.tsx [Client Component SSR]
    ./src/app/page.tsx [Client Component SSR]
    ./src/app/page.tsx [Server Component]
    ./src/app/admin/page.tsx [Server Component] @ https://localhost:3000/_next/static/chunks/node_modules_next_dist_f3530cac._.js:3127
[ 5719203ms] [ERROR] ./src/components/portals/shared/stock-batch-health.tsx:3:8
Parsing ecmascript source code failed
  1 | import { Badge } from '@/components/ui/badge'
  2 | import {
> 3 | import { cn } from '@/lib/utils'
    |        ^
  4 | import { FILTER_SELECT_CLASS } from './filter-select'
  5 |   CRITICAL_MAX_DAYS_LEFT,
  6 |   EXPIRING_SOON_MAX_DAYS_LEFT,

Expected ',', got '{'

Import traces:
  Client Component Browser:
    ./src/components/portals/shared/stock-batch-health.tsx [Client Component Browser]
    ./src/components/portals/warehouse/sections/stocks/stocks-view.tsx [Client Component Browser]
    ./src/components/portals/warehouse/WarehousePortal.tsx [Client Component Browser]
    ./src/app/page.tsx [Client Component Browser]
    ./src/app/page.tsx [Server Component]
    ./src/app/admin/page.tsx [Server Component]

  Client Component SSR:
    ./src/components/portals/shared/stock-batch-health.tsx [Client Component SSR]
    ./src/components/portals/warehouse/sections/stocks/stocks-view.tsx [Client Component SSR]
    ./src/components/portals/warehouse/WarehousePortal.tsx [Client Component SSR]
    ./src/app/page.tsx [Client Component SSR]
    ./src/app/page.tsx [Server Component]
    ./src/app/admin/page.tsx [Server Component] @ https://localhost:3000/_next/static/chunks/node_modules_next_dist_f3530cac._.js:3127
[ 5719263ms] [ERROR] ./src/components/portals/shared/stock-batch-health.tsx:3:8
Parsing ecmascript source code failed
  1 | import { Badge } from '@/components/ui/badge'
  2 | import {
> 3 | import { cn } from '@/lib/utils'
    |        ^
  4 | import { FILTER_SELECT_CLASS } from './filter-select'
  5 |   CRITICAL_MAX_DAYS_LEFT,
  6 |   EXPIRING_SOON_MAX_DAYS_LEFT,

Expected ',', got '{'

Import traces:
  Client Component Browser:
    ./src/components/portals/shared/stock-batch-health.tsx [Client Component Browser]
    ./src/components/portals/warehouse/sections/stocks/stocks-view.tsx [Client Component Browser]
    ./src/components/portals/warehouse/WarehousePortal.tsx [Client Component Browser]
    ./src/app/page.tsx [Client Component Browser]
    ./src/app/page.tsx [Server Component]
    ./src/app/admin/page.tsx [Server Component]

  Client Component SSR:
    ./src/components/portals/shared/stock-batch-health.tsx [Client Component SSR]
    ./src/components/portals/warehouse/sections/stocks/stocks-view.tsx [Client Component SSR]
    ./src/components/portals/warehouse/WarehousePortal.tsx [Client Component SSR]
    ./src/app/page.tsx [Client Component SSR]
    ./src/app/page.tsx [Server Component]
    ./src/app/admin/page.tsx [Server Component] @ https://localhost:3000/_next/static/chunks/node_modules_next_dist_f3530cac._.js:3127
[ 5719313ms] [ERROR] ./src/components/portals/shared/stock-batch-health.tsx:3:8
Parsing ecmascript source code failed
  1 | import { Badge } from '@/components/ui/badge'
  2 | import {
> 3 | import { cn } from '@/lib/utils'
    |        ^
  4 | import { FILTER_SELECT_CLASS } from './filter-select'
  5 |   CRITICAL_MAX_DAYS_LEFT,
  6 |   EXPIRING_SOON_MAX_DAYS_LEFT,

Expected ',', got '{'

Import traces:
  Client Component Browser:
    ./src/components/portals/shared/stock-batch-health.tsx [Client Component Browser]
    ./src/components/portals/warehouse/sections/stocks/stocks-view.tsx [Client Component Browser]
    ./src/components/portals/warehouse/WarehousePortal.tsx [Client Component Browser]
    ./src/app/page.tsx [Client Component Browser]
    ./src/app/page.tsx [Server Component]
    ./src/app/admin/page.tsx [Server Component]

  Client Component SSR:
    ./src/components/portals/shared/stock-batch-health.tsx [Client Component SSR]
    ./src/components/portals/warehouse/sections/stocks/stocks-view.tsx [Client Component SSR]
    ./src/components/portals/warehouse/WarehousePortal.tsx [Client Component SSR]
    ./src/app/page.tsx [Client Component SSR]
    ./src/app/page.tsx [Server Component]
    ./src/app/admin/page.tsx [Server Component] @ https://localhost:3000/_next/static/chunks/node_modules_next_dist_f3530cac._.js:3127
[ 5719357ms] [ERROR] ./src/components/portals/shared/stock-batch-health.tsx:3:8
Parsing ecmascript source code failed
  1 | import { Badge } from '@/components/ui/badge'
  2 | import {
> 3 | import { cn } from '@/lib/utils'
    |        ^
  4 | import { FILTER_SELECT_CLASS } from './filter-select'
  5 |   CRITICAL_MAX_DAYS_LEFT,
  6 |   EXPIRING_SOON_MAX_DAYS_LEFT,

Expected ',', got '{'

Import traces:
  Client Component Browser:
    ./src/components/portals/shared/stock-batch-health.tsx [Client Component Browser]
    ./src/components/portals/warehouse/sections/stocks/stocks-view.tsx [Client Component Browser]
    ./src/components/portals/warehouse/WarehousePortal.tsx [Client Component Browser]
    ./src/app/page.tsx [Client Component Browser]
    ./src/app/page.tsx [Server Component]
    ./src/app/admin/page.tsx [Server Component]

  Client Component SSR:
    ./src/components/portals/shared/stock-batch-health.tsx [Client Component SSR]
    ./src/components/portals/warehouse/sections/stocks/stocks-view.tsx [Client Component SSR]
    ./src/components/portals/warehouse/WarehousePortal.tsx [Client Component SSR]
    ./src/app/page.tsx [Client Component SSR]
    ./src/app/page.tsx [Server Component]
    ./src/app/admin/page.tsx [Server Component] @ https://localhost:3000/_next/static/chunks/node_modules_next_dist_f3530cac._.js:3127
[ 5719420ms] [ERROR] ./src/components/portals/shared/stock-batch-health.tsx:3:8
Parsing ecmascript source code failed
  1 | import { Badge } from '@/components/ui/badge'
  2 | import {
> 3 | import { cn } from '@/lib/utils'
    |        ^
  4 | import { FILTER_SELECT_CLASS } from './filter-select'
  5 |   CRITICAL_MAX_DAYS_LEFT,
  6 |   EXPIRING_SOON_MAX_DAYS_LEFT,

Expected ',', got '{'

Import traces:
  Client Component Browser:
    ./src/components/portals/shared/stock-batch-health.tsx [Client Component Browser]
    ./src/components/portals/warehouse/sections/stocks/stocks-view.tsx [Client Component Browser]
    ./src/components/portals/warehouse/WarehousePortal.tsx [Client Component Browser]
    ./src/app/page.tsx [Client Component Browser]
    ./src/app/page.tsx [Server Component]
    ./src/app/admin/page.tsx [Server Component]

  Client Component SSR:
    ./src/components/portals/shared/stock-batch-health.tsx [Client Component SSR]
    ./src/components/portals/warehouse/sections/stocks/stocks-view.tsx [Client Component SSR]
    ./src/components/portals/warehouse/WarehousePortal.tsx [Client Component SSR]
    ./src/app/page.tsx [Client Component SSR]
    ./src/app/page.tsx [Server Component]
    ./src/app/admin/page.tsx [Server Component] @ https://localhost:3000/_next/static/chunks/node_modules_next_dist_f3530cac._.js:3127
[ 5719468ms] [ERROR] ./src/components/portals/shared/stock-batch-health.tsx:3:8
Parsing ecmascript source code failed
  1 | import { Badge } from '@/components/ui/badge'
  2 | import {
> 3 | import { cn } from '@/lib/utils'
    |        ^
  4 | import { FILTER_SELECT_CLASS } from './filter-select'
  5 |   CRITICAL_MAX_DAYS_LEFT,
  6 |   EXPIRING_SOON_MAX_DAYS_LEFT,

Expected ',', got '{'

Import traces:
  Client Component Browser:
    ./src/components/portals/shared/stock-batch-health.tsx [Client Component Browser]
    ./src/components/portals/warehouse/sections/stocks/stocks-view.tsx [Client Component Browser]
    ./src/components/portals/warehouse/WarehousePortal.tsx [Client Component Browser]
    ./src/app/page.tsx [Client Component Browser]
    ./src/app/page.tsx [Server Component]
    ./src/app/admin/page.tsx [Server Component]

  Client Component SSR:
    ./src/components/portals/shared/stock-batch-health.tsx [Client Component SSR]
    ./src/components/portals/warehouse/sections/stocks/stocks-view.tsx [Client Component SSR]
    ./src/components/portals/warehouse/WarehousePortal.tsx [Client Component SSR]
    ./src/app/page.tsx [Client Component SSR]
    ./src/app/page.tsx [Server Component]
    ./src/app/admin/page.tsx [Server Component] @ https://localhost:3000/_next/static/chunks/node_modules_next_dist_f3530cac._.js:3127
[ 5719536ms] [ERROR] ./src/components/portals/shared/stock-batch-health.tsx:3:8
Parsing ecmascript source code failed
  1 | import { Badge } from '@/components/ui/badge'
  2 | import {
> 3 | import { cn } from '@/lib/utils'
    |        ^
  4 | import { FILTER_SELECT_CLASS } from './filter-select'
  5 |   CRITICAL_MAX_DAYS_LEFT,
  6 |   EXPIRING_SOON_MAX_DAYS_LEFT,

Expected ',', got '{'

Import traces:
  Client Component Browser:
    ./src/components/portals/shared/stock-batch-health.tsx [Client Component Browser]
    ./src/components/portals/warehouse/sections/stocks/stocks-view.tsx [Client Component Browser]
    ./src/components/portals/warehouse/WarehousePortal.tsx [Client Component Browser]
    ./src/app/page.tsx [Client Component Browser]
    ./src/app/page.tsx [Server Component]
    ./src/app/admin/page.tsx [Server Component]

  Client Component SSR:
    ./src/components/portals/shared/stock-batch-health.tsx [Client Component SSR]
    ./src/components/portals/warehouse/sections/stocks/stocks-view.tsx [Client Component SSR]
    ./src/components/portals/warehouse/WarehousePortal.tsx [Client Component SSR]
    ./src/app/page.tsx [Client Component SSR]
    ./src/app/page.tsx [Server Component]
    ./src/app/admin/page.tsx [Server Component] @ https://localhost:3000/_next/static/chunks/node_modules_next_dist_f3530cac._.js:3127
[ 5719588ms] [ERROR] ./src/components/portals/shared/stock-batch-health.tsx:3:8
Parsing ecmascript source code failed
  1 | import { Badge } from '@/components/ui/badge'
  2 | import {
> 3 | import { cn } from '@/lib/utils'
    |        ^
  4 | import { FILTER_SELECT_CLASS } from './filter-select'
  5 |   CRITICAL_MAX_DAYS_LEFT,
  6 |   EXPIRING_SOON_MAX_DAYS_LEFT,

Expected ',', got '{'

Import traces:
  Client Component Browser:
    ./src/components/portals/shared/stock-batch-health.tsx [Client Component Browser]
    ./src/components/portals/warehouse/sections/stocks/stocks-view.tsx [Client Component Browser]
    ./src/components/portals/warehouse/WarehousePortal.tsx [Client Component Browser]
    ./src/app/page.tsx [Client Component Browser]
    ./src/app/page.tsx [Server Component]
    ./src/app/admin/page.tsx [Server Component]

  Client Component SSR:
    ./src/components/portals/shared/stock-batch-health.tsx [Client Component SSR]
    ./src/components/portals/warehouse/sections/stocks/stocks-view.tsx [Client Component SSR]
    ./src/components/portals/warehouse/WarehousePortal.tsx [Client Component SSR]
    ./src/app/page.tsx [Client Component SSR]
    ./src/app/page.tsx [Server Component]
    ./src/app/admin/page.tsx [Server Component] @ https://localhost:3000/_next/static/chunks/node_modules_next_dist_f3530cac._.js:3127
[ 5719646ms] [ERROR] ./src/components/portals/shared/stock-batch-health.tsx:3:8
Parsing ecmascript source code failed
  1 | import { Badge } from '@/components/ui/badge'
  2 | import {
> 3 | import { cn } from '@/lib/utils'
    |        ^
  4 | import { FILTER_SELECT_CLASS } from './filter-select'
  5 |   CRITICAL_MAX_DAYS_LEFT,
  6 |   EXPIRING_SOON_MAX_DAYS_LEFT,

Expected ',', got '{'

Import traces:
  Client Component Browser:
    ./src/components/portals/shared/stock-batch-health.tsx [Client Component Browser]
    ./src/components/portals/warehouse/sections/stocks/stocks-view.tsx [Client Component Browser]
    ./src/components/portals/warehouse/WarehousePortal.tsx [Client Component Browser]
    ./src/app/page.tsx [Client Component Browser]
    ./src/app/page.tsx [Server Component]
    ./src/app/admin/page.tsx [Server Component]

  Client Component SSR:
    ./src/components/portals/shared/stock-batch-health.tsx [Client Component SSR]
    ./src/components/portals/warehouse/sections/stocks/stocks-view.tsx [Client Component SSR]
    ./src/components/portals/warehouse/WarehousePortal.tsx [Client Component SSR]
    ./src/app/page.tsx [Client Component SSR]
    ./src/app/page.tsx [Server Component]
    ./src/app/admin/page.tsx [Server Component] @ https://localhost:3000/_next/static/chunks/node_modules_next_dist_f3530cac._.js:3127
[ 5719694ms] [ERROR] ./src/components/portals/shared/stock-batch-health.tsx:3:8
Parsing ecmascript source code failed
  1 | import { Badge } from '@/components/ui/badge'
  2 | import {
> 3 | import { cn } from '@/lib/utils'
    |        ^
  4 | import { FILTER_SELECT_CLASS } from './filter-select'
  5 |   CRITICAL_MAX_DAYS_LEFT,
  6 |   EXPIRING_SOON_MAX_DAYS_LEFT,

Expected ',', got '{'

Import traces:
  Client Component Browser:
    ./src/components/portals/shared/stock-batch-health.tsx [Client Component Browser]
    ./src/components/portals/warehouse/sections/stocks/stocks-view.tsx [Client Component Browser]
    ./src/components/portals/warehouse/WarehousePortal.tsx [Client Component Browser]
    ./src/app/page.tsx [Client Component Browser]
    ./src/app/page.tsx [Server Component]
    ./src/app/admin/page.tsx [Server Component]

  Client Component SSR:
    ./src/components/portals/shared/stock-batch-health.tsx [Client Component SSR]
    ./src/components/portals/warehouse/sections/stocks/stocks-view.tsx [Client Component SSR]
    ./src/components/portals/warehouse/WarehousePortal.tsx [Client Component SSR]
    ./src/app/page.tsx [Client Component SSR]
    ./src/app/page.tsx [Server Component]
    ./src/app/admin/page.tsx [Server Component] @ https://localhost:3000/_next/static/chunks/node_modules_next_dist_f3530cac._.js:3127
[ 5719738ms] [ERROR] ./src/components/portals/shared/stock-batch-health.tsx:3:8
Parsing ecmascript source code failed
  1 | import { Badge } from '@/components/ui/badge'
  2 | import {
> 3 | import { cn } from '@/lib/utils'
    |        ^
  4 | import { FILTER_SELECT_CLASS } from './filter-select'
  5 |   CRITICAL_MAX_DAYS_LEFT,
  6 |   EXPIRING_SOON_MAX_DAYS_LEFT,

Expected ',', got '{'

Import traces:
  Client Component Browser:
    ./src/components/portals/shared/stock-batch-health.tsx [Client Component Browser]
    ./src/components/portals/warehouse/sections/stocks/stocks-view.tsx [Client Component Browser]
    ./src/components/portals/warehouse/WarehousePortal.tsx [Client Component Browser]
    ./src/app/page.tsx [Client Component Browser]
    ./src/app/page.tsx [Server Component]
    ./src/app/admin/page.tsx [Server Component]

  Client Component SSR:
    ./src/components/portals/shared/stock-batch-health.tsx [Client Component SSR]
    ./src/components/portals/warehouse/sections/stocks/stocks-view.tsx [Client Component SSR]
    ./src/components/portals/warehouse/WarehousePortal.tsx [Client Component SSR]
    ./src/app/page.tsx [Client Component SSR]
    ./src/app/page.tsx [Server Component]
    ./src/app/admin/page.tsx [Server Component] @ https://localhost:3000/_next/static/chunks/node_modules_next_dist_f3530cac._.js:3127
[ 5719790ms] [ERROR] ./src/components/portals/shared/stock-batch-health.tsx:3:8
Parsing ecmascript source code failed
  1 | import { Badge } from '@/components/ui/badge'
  2 | import {
> 3 | import { cn } from '@/lib/utils'
    |        ^
  4 | import { FILTER_SELECT_CLASS } from './filter-select'
  5 |   CRITICAL_MAX_DAYS_LEFT,
  6 |   EXPIRING_SOON_MAX_DAYS_LEFT,

Expected ',', got '{'

Import traces:
  Client Component Browser:
    ./src/components/portals/shared/stock-batch-health.tsx [Client Component Browser]
    ./src/components/portals/warehouse/sections/stocks/stocks-view.tsx [Client Component Browser]
    ./src/components/portals/warehouse/WarehousePortal.tsx [Client Component Browser]
    ./src/app/page.tsx [Client Component Browser]
    ./src/app/page.tsx [Server Component]
    ./src/app/admin/page.tsx [Server Component]

  Client Component SSR:
    ./src/components/portals/shared/stock-batch-health.tsx [Client Component SSR]
    ./src/components/portals/warehouse/sections/stocks/stocks-view.tsx [Client Component SSR]
    ./src/components/portals/warehouse/WarehousePortal.tsx [Client Component SSR]
    ./src/app/page.tsx [Client Component SSR]
    ./src/app/page.tsx [Server Component]
    ./src/app/admin/page.tsx [Server Component] @ https://localhost:3000/_next/static/chunks/node_modules_next_dist_f3530cac._.js:3127
[ 5719840ms] [ERROR] ./src/components/portals/shared/stock-batch-health.tsx:3:8
Parsing ecmascript source code failed
  1 | import { Badge } from '@/components/ui/badge'
  2 | import {
> 3 | import { cn } from '@/lib/utils'
    |        ^
  4 | import { FILTER_SELECT_CLASS } from './filter-select'
  5 |   CRITICAL_MAX_DAYS_LEFT,
  6 |   EXPIRING_SOON_MAX_DAYS_LEFT,

Expected ',', got '{'

Import traces:
  Client Component Browser:
    ./src/components/portals/shared/stock-batch-health.tsx [Client Component Browser]
    ./src/components/portals/warehouse/sections/stocks/stocks-view.tsx [Client Component Browser]
    ./src/components/portals/warehouse/WarehousePortal.tsx [Client Component Browser]
    ./src/app/page.tsx [Client Component Browser]
    ./src/app/page.tsx [Server Component]
    ./src/app/admin/page.tsx [Server Component]

  Client Component SSR:
    ./src/components/portals/shared/stock-batch-health.tsx [Client Component SSR]
    ./src/components/portals/warehouse/sections/stocks/stocks-view.tsx [Client Component SSR]
    ./src/components/portals/warehouse/WarehousePortal.tsx [Client Component SSR]
    ./src/app/page.tsx [Client Component SSR]
    ./src/app/page.tsx [Server Component]
    ./src/app/admin/page.tsx [Server Component] @ https://localhost:3000/_next/static/chunks/node_modules_next_dist_f3530cac._.js:3127
[ 5719905ms] [ERROR] ./src/components/portals/shared/stock-batch-health.tsx:3:8
Parsing ecmascript source code failed
  1 | import { Badge } from '@/components/ui/badge'
  2 | import {
> 3 | import { cn } from '@/lib/utils'
    |        ^
  4 | import { FILTER_SELECT_CLASS } from './filter-select'
  5 |   CRITICAL_MAX_DAYS_LEFT,
  6 |   EXPIRING_SOON_MAX_DAYS_LEFT,

Expected ',', got '{'

Import traces:
  Client Component Browser:
    ./src/components/portals/shared/stock-batch-health.tsx [Client Component Browser]
    ./src/components/portals/warehouse/sections/stocks/stocks-view.tsx [Client Component Browser]
    ./src/components/portals/warehouse/WarehousePortal.tsx [Client Component Browser]
    ./src/app/page.tsx [Client Component Browser]
    ./src/app/page.tsx [Server Component]
    ./src/app/admin/page.tsx [Server Component]

  Client Component SSR:
    ./src/components/portals/shared/stock-batch-health.tsx [Client Component SSR]
    ./src/components/portals/warehouse/sections/stocks/stocks-view.tsx [Client Component SSR]
    ./src/components/portals/warehouse/WarehousePortal.tsx [Client Component SSR]
    ./src/app/page.tsx [Client Component SSR]
    ./src/app/page.tsx [Server Component]
    ./src/app/admin/page.tsx [Server Component] @ https://localhost:3000/_next/static/chunks/node_modules_next_dist_f3530cac._.js:3127
[ 5719957ms] [ERROR] ./src/components/portals/shared/stock-batch-health.tsx:3:8
Parsing ecmascript source code failed
  1 | import { Badge } from '@/components/ui/badge'
  2 | import {
> 3 | import { cn } from '@/lib/utils'
    |        ^
  4 | import { FILTER_SELECT_CLASS } from './filter-select'
  5 |   CRITICAL_MAX_DAYS_LEFT,
  6 |   EXPIRING_SOON_MAX_DAYS_LEFT,

Expected ',', got '{'

Import traces:
  Client Component Browser:
    ./src/components/portals/shared/stock-batch-health.tsx [Client Component Browser]
    ./src/components/portals/warehouse/sections/stocks/stocks-view.tsx [Client Component Browser]
    ./src/components/portals/warehouse/WarehousePortal.tsx [Client Component Browser]
    ./src/app/page.tsx [Client Component Browser]
    ./src/app/page.tsx [Server Component]
    ./src/app/admin/page.tsx [Server Component]

  Client Component SSR:
    ./src/components/portals/shared/stock-batch-health.tsx [Client Component SSR]
    ./src/components/portals/warehouse/sections/stocks/stocks-view.tsx [Client Component SSR]
    ./src/components/portals/warehouse/WarehousePortal.tsx [Client Component SSR]
    ./src/app/page.tsx [Client Component SSR]
    ./src/app/page.tsx [Server Component]
    ./src/app/admin/page.tsx [Server Component] @ https://localhost:3000/_next/static/chunks/node_modules_next_dist_f3530cac._.js:3127
[ 5720025ms] [ERROR] ./src/components/portals/shared/stock-batch-health.tsx:3:8
Parsing ecmascript source code failed
  1 | import { Badge } from '@/components/ui/badge'
  2 | import {
> 3 | import { cn } from '@/lib/utils'
    |        ^
  4 | import { FILTER_SELECT_CLASS } from './filter-select'
  5 |   CRITICAL_MAX_DAYS_LEFT,
  6 |   EXPIRING_SOON_MAX_DAYS_LEFT,

Expected ',', got '{'

Import traces:
  Client Component Browser:
    ./src/components/portals/shared/stock-batch-health.tsx [Client Component Browser]
    ./src/components/portals/warehouse/sections/stocks/stocks-view.tsx [Client Component Browser]
    ./src/components/portals/warehouse/WarehousePortal.tsx [Client Component Browser]
    ./src/app/page.tsx [Client Component Browser]
    ./src/app/page.tsx [Server Component]
    ./src/app/admin/page.tsx [Server Component]

  Client Component SSR:
    ./src/components/portals/shared/stock-batch-health.tsx [Client Component SSR]
    ./src/components/portals/warehouse/sections/stocks/stocks-view.tsx [Client Component SSR]
    ./src/components/portals/warehouse/WarehousePortal.tsx [Client Component SSR]
    ./src/app/page.tsx [Client Component SSR]
    ./src/app/page.tsx [Server Component]
    ./src/app/admin/page.tsx [Server Component] @ https://localhost:3000/_next/static/chunks/node_modules_next_dist_f3530cac._.js:3127
[ 5720087ms] [ERROR] ./src/components/portals/shared/stock-batch-health.tsx:3:8
Parsing ecmascript source code failed
  1 | import { Badge } from '@/components/ui/badge'
  2 | import {
> 3 | import { cn } from '@/lib/utils'
    |        ^
  4 | import { FILTER_SELECT_CLASS } from './filter-select'
  5 |   CRITICAL_MAX_DAYS_LEFT,
  6 |   EXPIRING_SOON_MAX_DAYS_LEFT,

Expected ',', got '{'

Import traces:
  Client Component Browser:
    ./src/components/portals/shared/stock-batch-health.tsx [Client Component Browser]
    ./src/components/portals/warehouse/sections/stocks/stocks-view.tsx [Client Component Browser]
    ./src/components/portals/warehouse/WarehousePortal.tsx [Client Component Browser]
    ./src/app/page.tsx [Client Component Browser]
    ./src/app/page.tsx [Server Component]
    ./src/app/admin/page.tsx [Server Component]

  Client Component SSR:
    ./src/components/portals/shared/stock-batch-health.tsx [Client Component SSR]
    ./src/components/portals/warehouse/sections/stocks/stocks-view.tsx [Client Component SSR]
    ./src/components/portals/warehouse/WarehousePortal.tsx [Client Component SSR]
    ./src/app/page.tsx [Client Component SSR]
    ./src/app/page.tsx [Server Component]
    ./src/app/admin/page.tsx [Server Component] @ https://localhost:3000/_next/static/chunks/node_modules_next_dist_f3530cac._.js:3127
[ 5720153ms] [ERROR] ./src/components/portals/shared/stock-batch-health.tsx:3:8
Parsing ecmascript source code failed
  1 | import { Badge } from '@/components/ui/badge'
  2 | import {
> 3 | import { cn } from '@/lib/utils'
    |        ^
  4 | import { FILTER_SELECT_CLASS } from './filter-select'
  5 |   CRITICAL_MAX_DAYS_LEFT,
  6 |   EXPIRING_SOON_MAX_DAYS_LEFT,

Expected ',', got '{'

Import traces:
  Client Component Browser:
    ./src/components/portals/shared/stock-batch-health.tsx [Client Component Browser]
    ./src/components/portals/warehouse/sections/stocks/stocks-view.tsx [Client Component Browser]
    ./src/components/portals/warehouse/WarehousePortal.tsx [Client Component Browser]
    ./src/app/page.tsx [Client Component Browser]
    ./src/app/page.tsx [Server Component]
    ./src/app/admin/page.tsx [Server Component]

  Client Component SSR:
    ./src/components/portals/shared/stock-batch-health.tsx [Client Component SSR]
    ./src/components/portals/warehouse/sections/stocks/stocks-view.tsx [Client Component SSR]
    ./src/components/portals/warehouse/WarehousePortal.tsx [Client Component SSR]
    ./src/app/page.tsx [Client Component SSR]
    ./src/app/page.tsx [Server Component]
    ./src/app/admin/page.tsx [Server Component] @ https://localhost:3000/_next/static/chunks/node_modules_next_dist_f3530cac._.js:3127
[ 5720218ms] [ERROR] ./src/components/portals/shared/stock-batch-health.tsx:3:8
Parsing ecmascript source code failed
  1 | import { Badge } from '@/components/ui/badge'
  2 | import {
> 3 | import { cn } from '@/lib/utils'
    |        ^
  4 | import { FILTER_SELECT_CLASS } from './filter-select'
  5 |   CRITICAL_MAX_DAYS_LEFT,
  6 |   EXPIRING_SOON_MAX_DAYS_LEFT,

Expected ',', got '{'

Import traces:
  Client Component Browser:
    ./src/components/portals/shared/stock-batch-health.tsx [Client Component Browser]
    ./src/components/portals/warehouse/sections/stocks/stocks-view.tsx [Client Component Browser]
    ./src/components/portals/warehouse/WarehousePortal.tsx [Client Component Browser]
    ./src/app/page.tsx [Client Component Browser]
    ./src/app/page.tsx [Server Component]
    ./src/app/admin/page.tsx [Server Component]

  Client Component SSR:
    ./src/components/portals/shared/stock-batch-health.tsx [Client Component SSR]
    ./src/components/portals/warehouse/sections/stocks/stocks-view.tsx [Client Component SSR]
    ./src/components/portals/warehouse/WarehousePortal.tsx [Client Component SSR]
    ./src/app/page.tsx [Client Component SSR]
    ./src/app/page.tsx [Server Component]
    ./src/app/admin/page.tsx [Server Component] @ https://localhost:3000/_next/static/chunks/node_modules_next_dist_f3530cac._.js:3127
[ 5720270ms] [ERROR] ./src/components/portals/shared/stock-batch-health.tsx:3:8
Parsing ecmascript source code failed
  1 | import { Badge } from '@/components/ui/badge'
  2 | import {
> 3 | import { cn } from '@/lib/utils'
    |        ^
  4 | import { FILTER_SELECT_CLASS } from './filter-select'
  5 |   CRITICAL_MAX_DAYS_LEFT,
  6 |   EXPIRING_SOON_MAX_DAYS_LEFT,

Expected ',', got '{'

Import traces:
  Client Component Browser:
    ./src/components/portals/shared/stock-batch-health.tsx [Client Component Browser]
    ./src/components/portals/warehouse/sections/stocks/stocks-view.tsx [Client Component Browser]
    ./src/components/portals/warehouse/WarehousePortal.tsx [Client Component Browser]
    ./src/app/page.tsx [Client Component Browser]
    ./src/app/page.tsx [Server Component]
    ./src/app/admin/page.tsx [Server Component]

  Client Component SSR:
    ./src/components/portals/shared/stock-batch-health.tsx [Client Component SSR]
    ./src/components/portals/warehouse/sections/stocks/stocks-view.tsx [Client Component SSR]
    ./src/components/portals/warehouse/WarehousePortal.tsx [Client Component SSR]
    ./src/app/page.tsx [Client Component SSR]
    ./src/app/page.tsx [Server Component]
    ./src/app/admin/page.tsx [Server Component] @ https://localhost:3000/_next/static/chunks/node_modules_next_dist_f3530cac._.js:3127
[ 5720325ms] [ERROR] ./src/components/portals/shared/stock-batch-health.tsx:3:8
Parsing ecmascript source code failed
  1 | import { Badge } from '@/components/ui/badge'
  2 | import {
> 3 | import { cn } from '@/lib/utils'
    |        ^
  4 | import { FILTER_SELECT_CLASS } from './filter-select'
  5 |   CRITICAL_MAX_DAYS_LEFT,
  6 |   EXPIRING_SOON_MAX_DAYS_LEFT,

Expected ',', got '{'

Import traces:
  Client Component Browser:
    ./src/components/portals/shared/stock-batch-health.tsx [Client Component Browser]
    ./src/components/portals/warehouse/sections/stocks/stocks-view.tsx [Client Component Browser]
    ./src/components/portals/warehouse/WarehousePortal.tsx [Client Component Browser]
    ./src/app/page.tsx [Client Component Browser]
    ./src/app/page.tsx [Server Component]
    ./src/app/admin/page.tsx [Server Component]

  Client Component SSR:
    ./src/components/portals/shared/stock-batch-health.tsx [Client Component SSR]
    ./src/components/portals/warehouse/sections/stocks/stocks-view.tsx [Client Component SSR]
    ./src/components/portals/warehouse/WarehousePortal.tsx [Client Component SSR]
    ./src/app/page.tsx [Client Component SSR]
    ./src/app/page.tsx [Server Component]
    ./src/app/admin/page.tsx [Server Component] @ https://localhost:3000/_next/static/chunks/node_modules_next_dist_f3530cac._.js:3127
[ 5720387ms] [ERROR] ./src/components/portals/shared/stock-batch-health.tsx:3:8
Parsing ecmascript source code failed
  1 | import { Badge } from '@/components/ui/badge'
  2 | import {
> 3 | import { cn } from '@/lib/utils'
    |        ^
  4 | import { FILTER_SELECT_CLASS } from './filter-select'
  5 |   CRITICAL_MAX_DAYS_LEFT,
  6 |   EXPIRING_SOON_MAX_DAYS_LEFT,

Expected ',', got '{'

Import traces:
  Client Component Browser:
    ./src/components/portals/shared/stock-batch-health.tsx [Client Component Browser]
    ./src/components/portals/warehouse/sections/stocks/stocks-view.tsx [Client Component Browser]
    ./src/components/portals/warehouse/WarehousePortal.tsx [Client Component Browser]
    ./src/app/page.tsx [Client Component Browser]
    ./src/app/page.tsx [Server Component]
    ./src/app/admin/page.tsx [Server Component]

  Client Component SSR:
    ./src/components/portals/shared/stock-batch-health.tsx [Client Component SSR]
    ./src/components/portals/warehouse/sections/stocks/stocks-view.tsx [Client Component SSR]
    ./src/components/portals/warehouse/WarehousePortal.tsx [Client Component SSR]
    ./src/app/page.tsx [Client Component SSR]
    ./src/app/page.tsx [Server Component]
    ./src/app/admin/page.tsx [Server Component] @ https://localhost:3000/_next/static/chunks/node_modules_next_dist_f3530cac._.js:3127
[ 5720441ms] [ERROR] ./src/components/portals/shared/stock-batch-health.tsx:3:8
Parsing ecmascript source code failed
  1 | import { Badge } from '@/components/ui/badge'
  2 | import {
> 3 | import { cn } from '@/lib/utils'
    |        ^
  4 | import { FILTER_SELECT_CLASS } from './filter-select'
  5 |   CRITICAL_MAX_DAYS_LEFT,
  6 |   EXPIRING_SOON_MAX_DAYS_LEFT,

Expected ',', got '{'

Import traces:
  Client Component Browser:
    ./src/components/portals/shared/stock-batch-health.tsx [Client Component Browser]
    ./src/components/portals/warehouse/sections/stocks/stocks-view.tsx [Client Component Browser]
    ./src/components/portals/warehouse/WarehousePortal.tsx [Client Component Browser]
    ./src/app/page.tsx [Client Component Browser]
    ./src/app/page.tsx [Server Component]
    ./src/app/admin/page.tsx [Server Component]

  Client Component SSR:
    ./src/components/portals/shared/stock-batch-health.tsx [Client Component SSR]
    ./src/components/portals/warehouse/sections/stocks/stocks-view.tsx [Client Component SSR]
    ./src/components/portals/warehouse/WarehousePortal.tsx [Client Component SSR]
    ./src/app/page.tsx [Client Component SSR]
    ./src/app/page.tsx [Server Component]
    ./src/app/admin/page.tsx [Server Component] @ https://localhost:3000/_next/static/chunks/node_modules_next_dist_f3530cac._.js:3127
[ 5720503ms] [ERROR] ./src/components/portals/shared/stock-batch-health.tsx:3:8
Parsing ecmascript source code failed
  1 | import { Badge } from '@/components/ui/badge'
  2 | import {
> 3 | import { cn } from '@/lib/utils'
    |        ^
  4 | import { FILTER_SELECT_CLASS } from './filter-select'
  5 |   CRITICAL_MAX_DAYS_LEFT,
  6 |   EXPIRING_SOON_MAX_DAYS_LEFT,

Expected ',', got '{'

Import traces:
  Client Component Browser:
    ./src/components/portals/shared/stock-batch-health.tsx [Client Component Browser]
    ./src/components/portals/warehouse/sections/stocks/stocks-view.tsx [Client Component Browser]
    ./src/components/portals/warehouse/WarehousePortal.tsx [Client Component Browser]
    ./src/app/page.tsx [Client Component Browser]
    ./src/app/page.tsx [Server Component]
    ./src/app/admin/page.tsx [Server Component]

  Client Component SSR:
    ./src/components/portals/shared/stock-batch-health.tsx [Client Component SSR]
    ./src/components/portals/warehouse/sections/stocks/stocks-view.tsx [Client Component SSR]
    ./src/components/portals/warehouse/WarehousePortal.tsx [Client Component SSR]
    ./src/app/page.tsx [Client Component SSR]
    ./src/app/page.tsx [Server Component]
    ./src/app/admin/page.tsx [Server Component] @ https://localhost:3000/_next/static/chunks/node_modules_next_dist_f3530cac._.js:3127
[ 5720553ms] [ERROR] ./src/components/portals/shared/stock-batch-health.tsx:3:8
Parsing ecmascript source code failed
  1 | import { Badge } from '@/components/ui/badge'
  2 | import {
> 3 | import { cn } from '@/lib/utils'
    |        ^
  4 | import { FILTER_SELECT_CLASS } from './filter-select'
  5 |   CRITICAL_MAX_DAYS_LEFT,
  6 |   EXPIRING_SOON_MAX_DAYS_LEFT,

Expected ',', got '{'

Import traces:
  Client Component Browser:
    ./src/components/portals/shared/stock-batch-health.tsx [Client Component Browser]
    ./src/components/portals/warehouse/sections/stocks/stocks-view.tsx [Client Component Browser]
    ./src/components/portals/warehouse/WarehousePortal.tsx [Client Component Browser]
    ./src/app/page.tsx [Client Component Browser]
    ./src/app/page.tsx [Server Component]
    ./src/app/admin/page.tsx [Server Component]

  Client Component SSR:
    ./src/components/portals/shared/stock-batch-health.tsx [Client Component SSR]
    ./src/components/portals/warehouse/sections/stocks/stocks-view.tsx [Client Component SSR]
    ./src/components/portals/warehouse/WarehousePortal.tsx [Client Component SSR]
    ./src/app/page.tsx [Client Component SSR]
    ./src/app/page.tsx [Server Component]
    ./src/app/admin/page.tsx [Server Component] @ https://localhost:3000/_next/static/chunks/node_modules_next_dist_f3530cac._.js:3127
[ 5720616ms] [ERROR] ./src/components/portals/shared/stock-batch-health.tsx:3:8
Parsing ecmascript source code failed
  1 | import { Badge } from '@/components/ui/badge'
  2 | import {
> 3 | import { cn } from '@/lib/utils'
    |        ^
  4 | import { FILTER_SELECT_CLASS } from './filter-select'
  5 |   CRITICAL_MAX_DAYS_LEFT,
  6 |   EXPIRING_SOON_MAX_DAYS_LEFT,

Expected ',', got '{'

Import traces:
  Client Component Browser:
    ./src/components/portals/shared/stock-batch-health.tsx [Client Component Browser]
    ./src/components/portals/warehouse/sections/stocks/stocks-view.tsx [Client Component Browser]
    ./src/components/portals/warehouse/WarehousePortal.tsx [Client Component Browser]
    ./src/app/page.tsx [Client Component Browser]
    ./src/app/page.tsx [Server Component]
    ./src/app/admin/page.tsx [Server Component]

  Client Component SSR:
    ./src/components/portals/shared/stock-batch-health.tsx [Client Component SSR]
    ./src/components/portals/warehouse/sections/stocks/stocks-view.tsx [Client Component SSR]
    ./src/components/portals/warehouse/WarehousePortal.tsx [Client Component SSR]
    ./src/app/page.tsx [Client Component SSR]
    ./src/app/page.tsx [Server Component]
    ./src/app/admin/page.tsx [Server Component] @ https://localhost:3000/_next/static/chunks/node_modules_next_dist_f3530cac._.js:3127
[ 5720674ms] [ERROR] ./src/components/portals/shared/stock-batch-health.tsx:3:8
Parsing ecmascript source code failed
  1 | import { Badge } from '@/components/ui/badge'
  2 | import {
> 3 | import { cn } from '@/lib/utils'
    |        ^
  4 | import { FILTER_SELECT_CLASS } from './filter-select'
  5 |   CRITICAL_MAX_DAYS_LEFT,
  6 |   EXPIRING_SOON_MAX_DAYS_LEFT,

Expected ',', got '{'

Import traces:
  Client Component Browser:
    ./src/components/portals/shared/stock-batch-health.tsx [Client Component Browser]
    ./src/components/portals/warehouse/sections/stocks/stocks-view.tsx [Client Component Browser]
    ./src/components/portals/warehouse/WarehousePortal.tsx [Client Component Browser]
    ./src/app/page.tsx [Client Component Browser]
    ./src/app/page.tsx [Server Component]
    ./src/app/admin/page.tsx [Server Component]

  Client Component SSR:
    ./src/components/portals/shared/stock-batch-health.tsx [Client Component SSR]
    ./src/components/portals/warehouse/sections/stocks/stocks-view.tsx [Client Component SSR]
    ./src/components/portals/warehouse/WarehousePortal.tsx [Client Component SSR]
    ./src/app/page.tsx [Client Component SSR]
    ./src/app/page.tsx [Server Component]
    ./src/app/admin/page.tsx [Server Component] @ https://localhost:3000/_next/static/chunks/node_modules_next_dist_f3530cac._.js:3127
[ 5720731ms] [ERROR] ./src/components/portals/shared/stock-batch-health.tsx:3:8
Parsing ecmascript source code failed
  1 | import { Badge } from '@/components/ui/badge'
  2 | import {
> 3 | import { cn } from '@/lib/utils'
    |        ^
  4 | import { FILTER_SELECT_CLASS } from './filter-select'
  5 |   CRITICAL_MAX_DAYS_LEFT,
  6 |   EXPIRING_SOON_MAX_DAYS_LEFT,

Expected ',', got '{'

Import traces:
  Client Component Browser:
    ./src/components/portals/shared/stock-batch-health.tsx [Client Component Browser]
    ./src/components/portals/warehouse/sections/stocks/stocks-view.tsx [Client Component Browser]
    ./src/components/portals/warehouse/WarehousePortal.tsx [Client Component Browser]
    ./src/app/page.tsx [Client Component Browser]
    ./src/app/page.tsx [Server Component]
    ./src/app/admin/page.tsx [Server Component]

  Client Component SSR:
    ./src/components/portals/shared/stock-batch-health.tsx [Client Component SSR]
    ./src/components/portals/warehouse/sections/stocks/stocks-view.tsx [Client Component SSR]
    ./src/components/portals/warehouse/WarehousePortal.tsx [Client Component SSR]
    ./src/app/page.tsx [Client Component SSR]
    ./src/app/page.tsx [Server Component]
    ./src/app/admin/page.tsx [Server Component] @ https://localhost:3000/_next/static/chunks/node_modules_next_dist_f3530cac._.js:3127
[ 5720779ms] [ERROR] ./src/components/portals/shared/stock-batch-health.tsx:3:8
Parsing ecmascript source code failed
  1 | import { Badge } from '@/components/ui/badge'
  2 | import {
> 3 | import { cn } from '@/lib/utils'
    |        ^
  4 | import { FILTER_SELECT_CLASS } from './filter-select'
  5 |   CRITICAL_MAX_DAYS_LEFT,
  6 |   EXPIRING_SOON_MAX_DAYS_LEFT,

Expected ',', got '{'

Import traces:
  Client Component Browser:
    ./src/components/portals/shared/stock-batch-health.tsx [Client Component Browser]
    ./src/components/portals/warehouse/sections/stocks/stocks-view.tsx [Client Component Browser]
    ./src/components/portals/warehouse/WarehousePortal.tsx [Client Component Browser]
    ./src/app/page.tsx [Client Component Browser]
    ./src/app/page.tsx [Server Component]
    ./src/app/admin/page.tsx [Server Component]

  Client Component SSR:
    ./src/components/portals/shared/stock-batch-health.tsx [Client Component SSR]
    ./src/components/portals/warehouse/sections/stocks/stocks-view.tsx [Client Component SSR]
    ./src/components/portals/warehouse/WarehousePortal.tsx [Client Component SSR]
    ./src/app/page.tsx [Client Component SSR]
    ./src/app/page.tsx [Server Component]
    ./src/app/admin/page.tsx [Server Component] @ https://localhost:3000/_next/static/chunks/node_modules_next_dist_f3530cac._.js:3127
[ 5720839ms] [ERROR] ./src/components/portals/shared/stock-batch-health.tsx:3:8
Parsing ecmascript source code failed
  1 | import { Badge } from '@/components/ui/badge'
  2 | import {
> 3 | import { cn } from '@/lib/utils'
    |        ^
  4 | import { FILTER_SELECT_CLASS } from './filter-select'
  5 |   CRITICAL_MAX_DAYS_LEFT,
  6 |   EXPIRING_SOON_MAX_DAYS_LEFT,

Expected ',', got '{'

Import traces:
  Client Component Browser:
    ./src/components/portals/shared/stock-batch-health.tsx [Client Component Browser]
    ./src/components/portals/warehouse/sections/stocks/stocks-view.tsx [Client Component Browser]
    ./src/components/portals/warehouse/WarehousePortal.tsx [Client Component Browser]
    ./src/app/page.tsx [Client Component Browser]
    ./src/app/page.tsx [Server Component]
    ./src/app/admin/page.tsx [Server Component]

  Client Component SSR:
    ./src/components/portals/shared/stock-batch-health.tsx [Client Component SSR]
    ./src/components/portals/warehouse/sections/stocks/stocks-view.tsx [Client Component SSR]
    ./src/components/portals/warehouse/WarehousePortal.tsx [Client Component SSR]
    ./src/app/page.tsx [Client Component SSR]
    ./src/app/page.tsx [Server Component]
    ./src/app/admin/page.tsx [Server Component] @ https://localhost:3000/_next/static/chunks/node_modules_next_dist_f3530cac._.js:3127
[ 5720888ms] [ERROR] ./src/components/portals/shared/stock-batch-health.tsx:3:8
Parsing ecmascript source code failed
  1 | import { Badge } from '@/components/ui/badge'
  2 | import {
> 3 | import { cn } from '@/lib/utils'
    |        ^
  4 | import { FILTER_SELECT_CLASS } from './filter-select'
  5 |   CRITICAL_MAX_DAYS_LEFT,
  6 |   EXPIRING_SOON_MAX_DAYS_LEFT,

Expected ',', got '{'

Import traces:
  Client Component Browser:
    ./src/components/portals/shared/stock-batch-health.tsx [Client Component Browser]
    ./src/components/portals/warehouse/sections/stocks/stocks-view.tsx [Client Component Browser]
    ./src/components/portals/warehouse/WarehousePortal.tsx [Client Component Browser]
    ./src/app/page.tsx [Client Component Browser]
    ./src/app/page.tsx [Server Component]
    ./src/app/admin/page.tsx [Server Component]

  Client Component SSR:
    ./src/components/portals/shared/stock-batch-health.tsx [Client Component SSR]
    ./src/components/portals/warehouse/sections/stocks/stocks-view.tsx [Client Component SSR]
    ./src/components/portals/warehouse/WarehousePortal.tsx [Client Component SSR]
    ./src/app/page.tsx [Client Component SSR]
    ./src/app/page.tsx [Server Component]
    ./src/app/admin/page.tsx [Server Component] @ https://localhost:3000/_next/static/chunks/node_modules_next_dist_f3530cac._.js:3127
[ 5720953ms] [ERROR] ./src/components/portals/shared/stock-batch-health.tsx:3:8
Parsing ecmascript source code failed
  1 | import { Badge } from '@/components/ui/badge'
  2 | import {
> 3 | import { cn } from '@/lib/utils'
    |        ^
  4 | import { FILTER_SELECT_CLASS } from './filter-select'
  5 |   CRITICAL_MAX_DAYS_LEFT,
  6 |   EXPIRING_SOON_MAX_DAYS_LEFT,

Expected ',', got '{'

Import traces:
  Client Component Browser:
    ./src/components/portals/shared/stock-batch-health.tsx [Client Component Browser]
    ./src/components/portals/warehouse/sections/stocks/stocks-view.tsx [Client Component Browser]
    ./src/components/portals/warehouse/WarehousePortal.tsx [Client Component Browser]
    ./src/app/page.tsx [Client Component Browser]
    ./src/app/page.tsx [Server Component]
    ./src/app/admin/page.tsx [Server Component]

  Client Component SSR:
    ./src/components/portals/shared/stock-batch-health.tsx [Client Component SSR]
    ./src/components/portals/warehouse/sections/stocks/stocks-view.tsx [Client Component SSR]
    ./src/components/portals/warehouse/WarehousePortal.tsx [Client Component SSR]
    ./src/app/page.tsx [Client Component SSR]
    ./src/app/page.tsx [Server Component]
    ./src/app/admin/page.tsx [Server Component] @ https://localhost:3000/_next/static/chunks/node_modules_next_dist_f3530cac._.js:3127
[ 5721004ms] [ERROR] ./src/components/portals/shared/stock-batch-health.tsx:3:8
Parsing ecmascript source code failed
  1 | import { Badge } from '@/components/ui/badge'
  2 | import {
> 3 | import { cn } from '@/lib/utils'
    |        ^
  4 | import { FILTER_SELECT_CLASS } from './filter-select'
  5 |   CRITICAL_MAX_DAYS_LEFT,
  6 |   EXPIRING_SOON_MAX_DAYS_LEFT,

Expected ',', got '{'

Import traces:
  Client Component Browser:
    ./src/components/portals/shared/stock-batch-health.tsx [Client Component Browser]
    ./src/components/portals/warehouse/sections/stocks/stocks-view.tsx [Client Component Browser]
    ./src/components/portals/warehouse/WarehousePortal.tsx [Client Component Browser]
    ./src/app/page.tsx [Client Component Browser]
    ./src/app/page.tsx [Server Component]
    ./src/app/admin/page.tsx [Server Component]

  Client Component SSR:
    ./src/components/portals/shared/stock-batch-health.tsx [Client Component SSR]
    ./src/components/portals/warehouse/sections/stocks/stocks-view.tsx [Client Component SSR]
    ./src/components/portals/warehouse/WarehousePortal.tsx [Client Component SSR]
    ./src/app/page.tsx [Client Component SSR]
    ./src/app/page.tsx [Server Component]
    ./src/app/admin/page.tsx [Server Component] @ https://localhost:3000/_next/static/chunks/node_modules_next_dist_f3530cac._.js:3127
[ 5721054ms] [ERROR] ./src/components/portals/shared/stock-batch-health.tsx:3:8
Parsing ecmascript source code failed
  1 | import { Badge } from '@/components/ui/badge'
  2 | import {
> 3 | import { cn } from '@/lib/utils'
    |        ^
  4 | import { FILTER_SELECT_CLASS } from './filter-select'
  5 |   CRITICAL_MAX_DAYS_LEFT,
  6 |   EXPIRING_SOON_MAX_DAYS_LEFT,

Expected ',', got '{'

Import traces:
  Client Component Browser:
    ./src/components/portals/shared/stock-batch-health.tsx [Client Component Browser]
    ./src/components/portals/warehouse/sections/stocks/stocks-view.tsx [Client Component Browser]
    ./src/components/portals/warehouse/WarehousePortal.tsx [Client Component Browser]
    ./src/app/page.tsx [Client Component Browser]
    ./src/app/page.tsx [Server Component]
    ./src/app/admin/page.tsx [Server Component]

  Client Component SSR:
    ./src/components/portals/shared/stock-batch-health.tsx [Client Component SSR]
    ./src/components/portals/warehouse/sections/stocks/stocks-view.tsx [Client Component SSR]
    ./src/components/portals/warehouse/WarehousePortal.tsx [Client Component SSR]
    ./src/app/page.tsx [Client Component SSR]
    ./src/app/page.tsx [Server Component]
    ./src/app/admin/page.tsx [Server Component] @ https://localhost:3000/_next/static/chunks/node_modules_next_dist_f3530cac._.js:3127
[ 5721121ms] [ERROR] ./src/components/portals/shared/stock-batch-health.tsx:3:8
Parsing ecmascript source code failed
  1 | import { Badge } from '@/components/ui/badge'
  2 | import {
> 3 | import { cn } from '@/lib/utils'
    |        ^
  4 | import { FILTER_SELECT_CLASS } from './filter-select'
  5 |   CRITICAL_MAX_DAYS_LEFT,
  6 |   EXPIRING_SOON_MAX_DAYS_LEFT,

Expected ',', got '{'

Import traces:
  Client Component Browser:
    ./src/components/portals/shared/stock-batch-health.tsx [Client Component Browser]
    ./src/components/portals/warehouse/sections/stocks/stocks-view.tsx [Client Component Browser]
    ./src/components/portals/warehouse/WarehousePortal.tsx [Client Component Browser]
    ./src/app/page.tsx [Client Component Browser]
    ./src/app/page.tsx [Server Component]
    ./src/app/admin/page.tsx [Server Component]

  Client Component SSR:
    ./src/components/portals/shared/stock-batch-health.tsx [Client Component SSR]
    ./src/components/portals/warehouse/sections/stocks/stocks-view.tsx [Client Component SSR]
    ./src/components/portals/warehouse/WarehousePortal.tsx [Client Component SSR]
    ./src/app/page.tsx [Client Component SSR]
    ./src/app/page.tsx [Server Component]
    ./src/app/admin/page.tsx [Server Component] @ https://localhost:3000/_next/static/chunks/node_modules_next_dist_f3530cac._.js:3127
[ 5721187ms] [ERROR] ./src/components/portals/shared/stock-batch-health.tsx:3:8
Parsing ecmascript source code failed
  1 | import { Badge } from '@/components/ui/badge'
  2 | import {
> 3 | import { cn } from '@/lib/utils'
    |        ^
  4 | import { FILTER_SELECT_CLASS } from './filter-select'
  5 |   CRITICAL_MAX_DAYS_LEFT,
  6 |   EXPIRING_SOON_MAX_DAYS_LEFT,

Expected ',', got '{'

Import traces:
  Client Component Browser:
    ./src/components/portals/shared/stock-batch-health.tsx [Client Component Browser]
    ./src/components/portals/warehouse/sections/stocks/stocks-view.tsx [Client Component Browser]
    ./src/components/portals/warehouse/WarehousePortal.tsx [Client Component Browser]
    ./src/app/page.tsx [Client Component Browser]
    ./src/app/page.tsx [Server Component]
    ./src/app/admin/page.tsx [Server Component]

  Client Component SSR:
    ./src/components/portals/shared/stock-batch-health.tsx [Client Component SSR]
    ./src/components/portals/warehouse/sections/stocks/stocks-view.tsx [Client Component SSR]
    ./src/components/portals/warehouse/WarehousePortal.tsx [Client Component SSR]
    ./src/app/page.tsx [Client Component SSR]
    ./src/app/page.tsx [Server Component]
    ./src/app/admin/page.tsx [Server Component] @ https://localhost:3000/_next/static/chunks/node_modules_next_dist_f3530cac._.js:3127
[ 5721255ms] [ERROR] ./src/components/portals/shared/stock-batch-health.tsx:3:8
Parsing ecmascript source code failed
  1 | import { Badge } from '@/components/ui/badge'
  2 | import {
> 3 | import { cn } from '@/lib/utils'
    |        ^
  4 | import { FILTER_SELECT_CLASS } from './filter-select'
  5 |   CRITICAL_MAX_DAYS_LEFT,
  6 |   EXPIRING_SOON_MAX_DAYS_LEFT,

Expected ',', got '{'

Import traces:
  Client Component Browser:
    ./src/components/portals/shared/stock-batch-health.tsx [Client Component Browser]
    ./src/components/portals/warehouse/sections/stocks/stocks-view.tsx [Client Component Browser]
    ./src/components/portals/warehouse/WarehousePortal.tsx [Client Component Browser]
    ./src/app/page.tsx [Client Component Browser]
    ./src/app/page.tsx [Server Component]
    ./src/app/admin/page.tsx [Server Component]

  Client Component SSR:
    ./src/components/portals/shared/stock-batch-health.tsx [Client Component SSR]
    ./src/components/portals/warehouse/sections/stocks/stocks-view.tsx [Client Component SSR]
    ./src/components/portals/warehouse/WarehousePortal.tsx [Client Component SSR]
    ./src/app/page.tsx [Client Component SSR]
    ./src/app/page.tsx [Server Component]
    ./src/app/admin/page.tsx [Server Component] @ https://localhost:3000/_next/static/chunks/node_modules_next_dist_f3530cac._.js:3127
[ 5721321ms] [ERROR] ./src/components/portals/shared/stock-batch-health.tsx:3:8
Parsing ecmascript source code failed
  1 | import { Badge } from '@/components/ui/badge'
  2 | import {
> 3 | import { cn } from '@/lib/utils'
    |        ^
  4 | import { FILTER_SELECT_CLASS } from './filter-select'
  5 |   CRITICAL_MAX_DAYS_LEFT,
  6 |   EXPIRING_SOON_MAX_DAYS_LEFT,

Expected ',', got '{'

Import traces:
  Client Component Browser:
    ./src/components/portals/shared/stock-batch-health.tsx [Client Component Browser]
    ./src/components/portals/warehouse/sections/stocks/stocks-view.tsx [Client Component Browser]
    ./src/components/portals/warehouse/WarehousePortal.tsx [Client Component Browser]
    ./src/app/page.tsx [Client Component Browser]
    ./src/app/page.tsx [Server Component]
    ./src/app/admin/page.tsx [Server Component]

  Client Component SSR:
    ./src/components/portals/shared/stock-batch-health.tsx [Client Component SSR]
    ./src/components/portals/warehouse/sections/stocks/stocks-view.tsx [Client Component SSR]
    ./src/components/portals/warehouse/WarehousePortal.tsx [Client Component SSR]
    ./src/app/page.tsx [Client Component SSR]
    ./src/app/page.tsx [Server Component]
    ./src/app/admin/page.tsx [Server Component] @ https://localhost:3000/_next/static/chunks/node_modules_next_dist_f3530cac._.js:3127
[ 5721388ms] [ERROR] ./src/components/portals/shared/stock-batch-health.tsx:3:8
Parsing ecmascript source code failed
  1 | import { Badge } from '@/components/ui/badge'
  2 | import {
> 3 | import { cn } from '@/lib/utils'
    |        ^
  4 | import { FILTER_SELECT_CLASS } from './filter-select'
  5 |   CRITICAL_MAX_DAYS_LEFT,
  6 |   EXPIRING_SOON_MAX_DAYS_LEFT,

Expected ',', got '{'

Import traces:
  Client Component Browser:
    ./src/components/portals/shared/stock-batch-health.tsx [Client Component Browser]
    ./src/components/portals/warehouse/sections/stocks/stocks-view.tsx [Client Component Browser]
    ./src/components/portals/warehouse/WarehousePortal.tsx [Client Component Browser]
    ./src/app/page.tsx [Client Component Browser]
    ./src/app/page.tsx [Server Component]
    ./src/app/admin/page.tsx [Server Component]

  Client Component SSR:
    ./src/components/portals/shared/stock-batch-health.tsx [Client Component SSR]
    ./src/components/portals/warehouse/sections/stocks/stocks-view.tsx [Client Component SSR]
    ./src/components/portals/warehouse/WarehousePortal.tsx [Client Component SSR]
    ./src/app/page.tsx [Client Component SSR]
    ./src/app/page.tsx [Server Component]
    ./src/app/admin/page.tsx [Server Component] @ https://localhost:3000/_next/static/chunks/node_modules_next_dist_f3530cac._.js:3127
[ 5721454ms] [ERROR] ./src/components/portals/shared/stock-batch-health.tsx:3:8
Parsing ecmascript source code failed
  1 | import { Badge } from '@/components/ui/badge'
  2 | import {
> 3 | import { cn } from '@/lib/utils'
    |        ^
  4 | import { FILTER_SELECT_CLASS } from './filter-select'
  5 |   CRITICAL_MAX_DAYS_LEFT,
  6 |   EXPIRING_SOON_MAX_DAYS_LEFT,

Expected ',', got '{'

Import traces:
  Client Component Browser:
    ./src/components/portals/shared/stock-batch-health.tsx [Client Component Browser]
    ./src/components/portals/warehouse/sections/stocks/stocks-view.tsx [Client Component Browser]
    ./src/components/portals/warehouse/WarehousePortal.tsx [Client Component Browser]
    ./src/app/page.tsx [Client Component Browser]
    ./src/app/page.tsx [Server Component]
    ./src/app/admin/page.tsx [Server Component]

  Client Component SSR:
    ./src/components/portals/shared/stock-batch-health.tsx [Client Component SSR]
    ./src/components/portals/warehouse/sections/stocks/stocks-view.tsx [Client Component SSR]
    ./src/components/portals/warehouse/WarehousePortal.tsx [Client Component SSR]
    ./src/app/page.tsx [Client Component SSR]
    ./src/app/page.tsx [Server Component]
    ./src/app/admin/page.tsx [Server Component] @ https://localhost:3000/_next/static/chunks/node_modules_next_dist_f3530cac._.js:3127
[ 5721521ms] [ERROR] ./src/components/portals/shared/stock-batch-health.tsx:3:8
Parsing ecmascript source code failed
  1 | import { Badge } from '@/components/ui/badge'
  2 | import {
> 3 | import { cn } from '@/lib/utils'
    |        ^
  4 | import { FILTER_SELECT_CLASS } from './filter-select'
  5 |   CRITICAL_MAX_DAYS_LEFT,
  6 |   EXPIRING_SOON_MAX_DAYS_LEFT,

Expected ',', got '{'

Import traces:
  Client Component Browser:
    ./src/components/portals/shared/stock-batch-health.tsx [Client Component Browser]
    ./src/components/portals/warehouse/sections/stocks/stocks-view.tsx [Client Component Browser]
    ./src/components/portals/warehouse/WarehousePortal.tsx [Client Component Browser]
    ./src/app/page.tsx [Client Component Browser]
    ./src/app/page.tsx [Server Component]
    ./src/app/admin/page.tsx [Server Component]

  Client Component SSR:
    ./src/components/portals/shared/stock-batch-health.tsx [Client Component SSR]
    ./src/components/portals/warehouse/sections/stocks/stocks-view.tsx [Client Component SSR]
    ./src/components/portals/warehouse/WarehousePortal.tsx [Client Component SSR]
    ./src/app/page.tsx [Client Component SSR]
    ./src/app/page.tsx [Server Component]
    ./src/app/admin/page.tsx [Server Component] @ https://localhost:3000/_next/static/chunks/node_modules_next_dist_f3530cac._.js:3127
[ 5721587ms] [ERROR] ./src/components/portals/shared/stock-batch-health.tsx:3:8
Parsing ecmascript source code failed
  1 | import { Badge } from '@/components/ui/badge'
  2 | import {
> 3 | import { cn } from '@/lib/utils'
    |        ^
  4 | import { FILTER_SELECT_CLASS } from './filter-select'
  5 |   CRITICAL_MAX_DAYS_LEFT,
  6 |   EXPIRING_SOON_MAX_DAYS_LEFT,

Expected ',', got '{'

Import traces:
  Client Component Browser:
    ./src/components/portals/shared/stock-batch-health.tsx [Client Component Browser]
    ./src/components/portals/warehouse/sections/stocks/stocks-view.tsx [Client Component Browser]
    ./src/components/portals/warehouse/WarehousePortal.tsx [Client Component Browser]
    ./src/app/page.tsx [Client Component Browser]
    ./src/app/page.tsx [Server Component]
    ./src/app/admin/page.tsx [Server Component]

  Client Component SSR:
    ./src/components/portals/shared/stock-batch-health.tsx [Client Component SSR]
    ./src/components/portals/warehouse/sections/stocks/stocks-view.tsx [Client Component SSR]
    ./src/components/portals/warehouse/WarehousePortal.tsx [Client Component SSR]
    ./src/app/page.tsx [Client Component SSR]
    ./src/app/page.tsx [Server Component]
    ./src/app/admin/page.tsx [Server Component] @ https://localhost:3000/_next/static/chunks/node_modules_next_dist_f3530cac._.js:3127
[ 5721653ms] [ERROR] ./src/components/portals/shared/stock-batch-health.tsx:3:8
Parsing ecmascript source code failed
  1 | import { Badge } from '@/components/ui/badge'
  2 | import {
> 3 | import { cn } from '@/lib/utils'
    |        ^
  4 | import { FILTER_SELECT_CLASS } from './filter-select'
  5 |   CRITICAL_MAX_DAYS_LEFT,
  6 |   EXPIRING_SOON_MAX_DAYS_LEFT,

Expected ',', got '{'

Import traces:
  Client Component Browser:
    ./src/components/portals/shared/stock-batch-health.tsx [Client Component Browser]
    ./src/components/portals/warehouse/sections/stocks/stocks-view.tsx [Client Component Browser]
    ./src/components/portals/warehouse/WarehousePortal.tsx [Client Component Browser]
    ./src/app/page.tsx [Client Component Browser]
    ./src/app/page.tsx [Server Component]
    ./src/app/admin/page.tsx [Server Component]

  Client Component SSR:
    ./src/components/portals/shared/stock-batch-health.tsx [Client Component SSR]
    ./src/components/portals/warehouse/sections/stocks/stocks-view.tsx [Client Component SSR]
    ./src/components/portals/warehouse/WarehousePortal.tsx [Client Component SSR]
    ./src/app/page.tsx [Client Component SSR]
    ./src/app/page.tsx [Server Component]
    ./src/app/admin/page.tsx [Server Component] @ https://localhost:3000/_next/static/chunks/node_modules_next_dist_f3530cac._.js:3127
[ 5721716ms] [ERROR] ./src/components/portals/shared/stock-batch-health.tsx:3:8
Parsing ecmascript source code failed
  1 | import { Badge } from '@/components/ui/badge'
  2 | import {
> 3 | import { cn } from '@/lib/utils'
    |        ^
  4 | import { FILTER_SELECT_CLASS } from './filter-select'
  5 |   CRITICAL_MAX_DAYS_LEFT,
  6 |   EXPIRING_SOON_MAX_DAYS_LEFT,

Expected ',', got '{'

Import traces:
  Client Component Browser:
    ./src/components/portals/shared/stock-batch-health.tsx [Client Component Browser]
    ./src/components/portals/warehouse/sections/stocks/stocks-view.tsx [Client Component Browser]
    ./src/components/portals/warehouse/WarehousePortal.tsx [Client Component Browser]
    ./src/app/page.tsx [Client Component Browser]
    ./src/app/page.tsx [Server Component]
    ./src/app/admin/page.tsx [Server Component]

  Client Component SSR:
    ./src/components/portals/shared/stock-batch-health.tsx [Client Component SSR]
    ./src/components/portals/warehouse/sections/stocks/stocks-view.tsx [Client Component SSR]
    ./src/components/portals/warehouse/WarehousePortal.tsx [Client Component SSR]
    ./src/app/page.tsx [Client Component SSR]
    ./src/app/page.tsx [Server Component]
    ./src/app/admin/page.tsx [Server Component] @ https://localhost:3000/_next/static/chunks/node_modules_next_dist_f3530cac._.js:3127
[ 5721772ms] [ERROR] ./src/components/portals/shared/stock-batch-health.tsx:3:8
Parsing ecmascript source code failed
  1 | import { Badge } from '@/components/ui/badge'
  2 | import {
> 3 | import { cn } from '@/lib/utils'
    |        ^
  4 | import { FILTER_SELECT_CLASS } from './filter-select'
  5 |   CRITICAL_MAX_DAYS_LEFT,
  6 |   EXPIRING_SOON_MAX_DAYS_LEFT,

Expected ',', got '{'

Import traces:
  Client Component Browser:
    ./src/components/portals/shared/stock-batch-health.tsx [Client Component Browser]
    ./src/components/portals/warehouse/sections/stocks/stocks-view.tsx [Client Component Browser]
    ./src/components/portals/warehouse/WarehousePortal.tsx [Client Component Browser]
    ./src/app/page.tsx [Client Component Browser]
    ./src/app/page.tsx [Server Component]
    ./src/app/admin/page.tsx [Server Component]

  Client Component SSR:
    ./src/components/portals/shared/stock-batch-health.tsx [Client Component SSR]
    ./src/components/portals/warehouse/sections/stocks/stocks-view.tsx [Client Component SSR]
    ./src/components/portals/warehouse/WarehousePortal.tsx [Client Component SSR]
    ./src/app/page.tsx [Client Component SSR]
    ./src/app/page.tsx [Server Component]
    ./src/app/admin/page.tsx [Server Component] @ https://localhost:3000/_next/static/chunks/node_modules_next_dist_f3530cac._.js:3127
[ 5721825ms] [ERROR] ./src/components/portals/shared/stock-batch-health.tsx:3:8
Parsing ecmascript source code failed
  1 | import { Badge } from '@/components/ui/badge'
  2 | import {
> 3 | import { cn } from '@/lib/utils'
    |        ^
  4 | import { FILTER_SELECT_CLASS } from './filter-select'
  5 |   CRITICAL_MAX_DAYS_LEFT,
  6 |   EXPIRING_SOON_MAX_DAYS_LEFT,

Expected ',', got '{'

Import traces:
  Client Component Browser:
    ./src/components/portals/shared/stock-batch-health.tsx [Client Component Browser]
    ./src/components/portals/warehouse/sections/stocks/stocks-view.tsx [Client Component Browser]
    ./src/components/portals/warehouse/WarehousePortal.tsx [Client Component Browser]
    ./src/app/page.tsx [Client Component Browser]
    ./src/app/page.tsx [Server Component]
    ./src/app/admin/page.tsx [Server Component]

  Client Component SSR:
    ./src/components/portals/shared/stock-batch-health.tsx [Client Component SSR]
    ./src/components/portals/warehouse/sections/stocks/stocks-view.tsx [Client Component SSR]
    ./src/components/portals/warehouse/WarehousePortal.tsx [Client Component SSR]
    ./src/app/page.tsx [Client Component SSR]
    ./src/app/page.tsx [Server Component]
    ./src/app/admin/page.tsx [Server Component] @ https://localhost:3000/_next/static/chunks/node_modules_next_dist_f3530cac._.js:3127
[ 5721888ms] [ERROR] ./src/components/portals/shared/stock-batch-health.tsx:3:8
Parsing ecmascript source code failed
  1 | import { Badge } from '@/components/ui/badge'
  2 | import {
> 3 | import { cn } from '@/lib/utils'
    |        ^
  4 | import { FILTER_SELECT_CLASS } from './filter-select'
  5 |   CRITICAL_MAX_DAYS_LEFT,
  6 |   EXPIRING_SOON_MAX_DAYS_LEFT,

Expected ',', got '{'

Import traces:
  Client Component Browser:
    ./src/components/portals/shared/stock-batch-health.tsx [Client Component Browser]
    ./src/components/portals/warehouse/sections/stocks/stocks-view.tsx [Client Component Browser]
    ./src/components/portals/warehouse/WarehousePortal.tsx [Client Component Browser]
    ./src/app/page.tsx [Client Component Browser]
    ./src/app/page.tsx [Server Component]
    ./src/app/admin/page.tsx [Server Component]

  Client Component SSR:
    ./src/components/portals/shared/stock-batch-health.tsx [Client Component SSR]
    ./src/components/portals/warehouse/sections/stocks/stocks-view.tsx [Client Component SSR]
    ./src/components/portals/warehouse/WarehousePortal.tsx [Client Component SSR]
    ./src/app/page.tsx [Client Component SSR]
    ./src/app/page.tsx [Server Component]
    ./src/app/admin/page.tsx [Server Component] @ https://localhost:3000/_next/static/chunks/node_modules_next_dist_f3530cac._.js:3127
[ 5721955ms] [ERROR] ./src/components/portals/shared/stock-batch-health.tsx:3:8
Parsing ecmascript source code failed
  1 | import { Badge } from '@/components/ui/badge'
  2 | import {
> 3 | import { cn } from '@/lib/utils'
    |        ^
  4 | import { FILTER_SELECT_CLASS } from './filter-select'
  5 |   CRITICAL_MAX_DAYS_LEFT,
  6 |   EXPIRING_SOON_MAX_DAYS_LEFT,

Expected ',', got '{'

Import traces:
  Client Component Browser:
    ./src/components/portals/shared/stock-batch-health.tsx [Client Component Browser]
    ./src/components/portals/warehouse/sections/stocks/stocks-view.tsx [Client Component Browser]
    ./src/components/portals/warehouse/WarehousePortal.tsx [Client Component Browser]
    ./src/app/page.tsx [Client Component Browser]
    ./src/app/page.tsx [Server Component]
    ./src/app/admin/page.tsx [Server Component]

  Client Component SSR:
    ./src/components/portals/shared/stock-batch-health.tsx [Client Component SSR]
    ./src/components/portals/warehouse/sections/stocks/stocks-view.tsx [Client Component SSR]
    ./src/components/portals/warehouse/WarehousePortal.tsx [Client Component SSR]
    ./src/app/page.tsx [Client Component SSR]
    ./src/app/page.tsx [Server Component]
    ./src/app/admin/page.tsx [Server Component] @ https://localhost:3000/_next/static/chunks/node_modules_next_dist_f3530cac._.js:3127
[ 5722020ms] [ERROR] ./src/components/portals/shared/stock-batch-health.tsx:3:8
Parsing ecmascript source code failed
  1 | import { Badge } from '@/components/ui/badge'
  2 | import {
> 3 | import { cn } from '@/lib/utils'
    |        ^
  4 | import { FILTER_SELECT_CLASS } from './filter-select'
  5 |   CRITICAL_MAX_DAYS_LEFT,
  6 |   EXPIRING_SOON_MAX_DAYS_LEFT,

Expected ',', got '{'

Import traces:
  Client Component Browser:
    ./src/components/portals/shared/stock-batch-health.tsx [Client Component Browser]
    ./src/components/portals/warehouse/sections/stocks/stocks-view.tsx [Client Component Browser]
    ./src/components/portals/warehouse/WarehousePortal.tsx [Client Component Browser]
    ./src/app/page.tsx [Client Component Browser]
    ./src/app/page.tsx [Server Component]
    ./src/app/admin/page.tsx [Server Component]

  Client Component SSR:
    ./src/components/portals/shared/stock-batch-health.tsx [Client Component SSR]
    ./src/components/portals/warehouse/sections/stocks/stocks-view.tsx [Client Component SSR]
    ./src/components/portals/warehouse/WarehousePortal.tsx [Client Component SSR]
    ./src/app/page.tsx [Client Component SSR]
    ./src/app/page.tsx [Server Component]
    ./src/app/admin/page.tsx [Server Component] @ https://localhost:3000/_next/static/chunks/node_modules_next_dist_f3530cac._.js:3127
[ 5722076ms] [ERROR] ./src/components/portals/shared/stock-batch-health.tsx:3:8
Parsing ecmascript source code failed
  1 | import { Badge } from '@/components/ui/badge'
  2 | import {
> 3 | import { cn } from '@/lib/utils'
    |        ^
  4 | import { FILTER_SELECT_CLASS } from './filter-select'
  5 |   CRITICAL_MAX_DAYS_LEFT,
  6 |   EXPIRING_SOON_MAX_DAYS_LEFT,

Expected ',', got '{'

Import traces:
  Client Component Browser:
    ./src/components/portals/shared/stock-batch-health.tsx [Client Component Browser]
    ./src/components/portals/warehouse/sections/stocks/stocks-view.tsx [Client Component Browser]
    ./src/components/portals/warehouse/WarehousePortal.tsx [Client Component Browser]
    ./src/app/page.tsx [Client Component Browser]
    ./src/app/page.tsx [Server Component]
    ./src/app/admin/page.tsx [Server Component]

  Client Component SSR:
    ./src/components/portals/shared/stock-batch-health.tsx [Client Component SSR]
    ./src/components/portals/warehouse/sections/stocks/stocks-view.tsx [Client Component SSR]
    ./src/components/portals/warehouse/WarehousePortal.tsx [Client Component SSR]
    ./src/app/page.tsx [Client Component SSR]
    ./src/app/page.tsx [Server Component]
    ./src/app/admin/page.tsx [Server Component] @ https://localhost:3000/_next/static/chunks/node_modules_next_dist_f3530cac._.js:3127
[ 5722125ms] [ERROR] ./src/components/portals/shared/stock-batch-health.tsx:3:8
Parsing ecmascript source code failed
  1 | import { Badge } from '@/components/ui/badge'
  2 | import {
> 3 | import { cn } from '@/lib/utils'
    |        ^
  4 | import { FILTER_SELECT_CLASS } from './filter-select'
  5 |   CRITICAL_MAX_DAYS_LEFT,
  6 |   EXPIRING_SOON_MAX_DAYS_LEFT,

Expected ',', got '{'

Import traces:
  Client Component Browser:
    ./src/components/portals/shared/stock-batch-health.tsx [Client Component Browser]
    ./src/components/portals/warehouse/sections/stocks/stocks-view.tsx [Client Component Browser]
    ./src/components/portals/warehouse/WarehousePortal.tsx [Client Component Browser]
    ./src/app/page.tsx [Client Component Browser]
    ./src/app/page.tsx [Server Component]
    ./src/app/admin/page.tsx [Server Component]

  Client Component SSR:
    ./src/components/portals/shared/stock-batch-health.tsx [Client Component SSR]
    ./src/components/portals/warehouse/sections/stocks/stocks-view.tsx [Client Component SSR]
    ./src/components/portals/warehouse/WarehousePortal.tsx [Client Component SSR]
    ./src/app/page.tsx [Client Component SSR]
    ./src/app/page.tsx [Server Component]
    ./src/app/admin/page.tsx [Server Component] @ https://localhost:3000/_next/static/chunks/node_modules_next_dist_f3530cac._.js:3127
[ 5722186ms] [ERROR] ./src/components/portals/shared/stock-batch-health.tsx:3:8
Parsing ecmascript source code failed
  1 | import { Badge } from '@/components/ui/badge'
  2 | import {
> 3 | import { cn } from '@/lib/utils'
    |        ^
  4 | import { FILTER_SELECT_CLASS } from './filter-select'
  5 |   CRITICAL_MAX_DAYS_LEFT,
  6 |   EXPIRING_SOON_MAX_DAYS_LEFT,

Expected ',', got '{'

Import traces:
  Client Component Browser:
    ./src/components/portals/shared/stock-batch-health.tsx [Client Component Browser]
    ./src/components/portals/warehouse/sections/stocks/stocks-view.tsx [Client Component Browser]
    ./src/components/portals/warehouse/WarehousePortal.tsx [Client Component Browser]
    ./src/app/page.tsx [Client Component Browser]
    ./src/app/page.tsx [Server Component]
    ./src/app/admin/page.tsx [Server Component]

  Client Component SSR:
    ./src/components/portals/shared/stock-batch-health.tsx [Client Component SSR]
    ./src/components/portals/warehouse/sections/stocks/stocks-view.tsx [Client Component SSR]
    ./src/components/portals/warehouse/WarehousePortal.tsx [Client Component SSR]
    ./src/app/page.tsx [Client Component SSR]
    ./src/app/page.tsx [Server Component]
    ./src/app/admin/page.tsx [Server Component] @ https://localhost:3000/_next/static/chunks/node_modules_next_dist_f3530cac._.js:3127
[ 5722243ms] [ERROR] ./src/components/portals/shared/stock-batch-health.tsx:3:8
Parsing ecmascript source code failed
  1 | import { Badge } from '@/components/ui/badge'
  2 | import {
> 3 | import { cn } from '@/lib/utils'
    |        ^
  4 | import { FILTER_SELECT_CLASS } from './filter-select'
  5 |   CRITICAL_MAX_DAYS_LEFT,
  6 |   EXPIRING_SOON_MAX_DAYS_LEFT,

Expected ',', got '{'

Import traces:
  Client Component Browser:
    ./src/components/portals/shared/stock-batch-health.tsx [Client Component Browser]
    ./src/components/portals/warehouse/sections/stocks/stocks-view.tsx [Client Component Browser]
    ./src/components/portals/warehouse/WarehousePortal.tsx [Client Component Browser]
    ./src/app/page.tsx [Client Component Browser]
    ./src/app/page.tsx [Server Component]
    ./src/app/admin/page.tsx [Server Component]

  Client Component SSR:
    ./src/components/portals/shared/stock-batch-health.tsx [Client Component SSR]
    ./src/components/portals/warehouse/sections/stocks/stocks-view.tsx [Client Component SSR]
    ./src/components/portals/warehouse/WarehousePortal.tsx [Client Component SSR]
    ./src/app/page.tsx [Client Component SSR]
    ./src/app/page.tsx [Server Component]
    ./src/app/admin/page.tsx [Server Component] @ https://localhost:3000/_next/static/chunks/node_modules_next_dist_f3530cac._.js:3127
[ 5722304ms] [ERROR] ./src/components/portals/shared/stock-batch-health.tsx:3:8
Parsing ecmascript source code failed
  1 | import { Badge } from '@/components/ui/badge'
  2 | import {
> 3 | import { cn } from '@/lib/utils'
    |        ^
  4 | import { FILTER_SELECT_CLASS } from './filter-select'
  5 |   CRITICAL_MAX_DAYS_LEFT,
  6 |   EXPIRING_SOON_MAX_DAYS_LEFT,

Expected ',', got '{'

Import traces:
  Client Component Browser:
    ./src/components/portals/shared/stock-batch-health.tsx [Client Component Browser]
    ./src/components/portals/warehouse/sections/stocks/stocks-view.tsx [Client Component Browser]
    ./src/components/portals/warehouse/WarehousePortal.tsx [Client Component Browser]
    ./src/app/page.tsx [Client Component Browser]
    ./src/app/page.tsx [Server Component]
    ./src/app/admin/page.tsx [Server Component]

  Client Component SSR:
    ./src/components/portals/shared/stock-batch-health.tsx [Client Component SSR]
    ./src/components/portals/warehouse/sections/stocks/stocks-view.tsx [Client Component SSR]
    ./src/components/portals/warehouse/WarehousePortal.tsx [Client Component SSR]
    ./src/app/page.tsx [Client Component SSR]
    ./src/app/page.tsx [Server Component]
    ./src/app/admin/page.tsx [Server Component] @ https://localhost:3000/_next/static/chunks/node_modules_next_dist_f3530cac._.js:3127
[ 5722370ms] [ERROR] ./src/components/portals/shared/stock-batch-health.tsx:3:8
Parsing ecmascript source code failed
  1 | import { Badge } from '@/components/ui/badge'
  2 | import {
> 3 | import { cn } from '@/lib/utils'
    |        ^
  4 | import { FILTER_SELECT_CLASS } from './filter-select'
  5 |   CRITICAL_MAX_DAYS_LEFT,
  6 |   EXPIRING_SOON_MAX_DAYS_LEFT,

Expected ',', got '{'

Import traces:
  Client Component Browser:
    ./src/components/portals/shared/stock-batch-health.tsx [Client Component Browser]
    ./src/components/portals/warehouse/sections/stocks/stocks-view.tsx [Client Component Browser]
    ./src/components/portals/warehouse/WarehousePortal.tsx [Client Component Browser]
    ./src/app/page.tsx [Client Component Browser]
    ./src/app/page.tsx [Server Component]
    ./src/app/admin/page.tsx [Server Component]

  Client Component SSR:
    ./src/components/portals/shared/stock-batch-health.tsx [Client Component SSR]
    ./src/components/portals/warehouse/sections/stocks/stocks-view.tsx [Client Component SSR]
    ./src/components/portals/warehouse/WarehousePortal.tsx [Client Component SSR]
    ./src/app/page.tsx [Client Component SSR]
    ./src/app/page.tsx [Server Component]
    ./src/app/admin/page.tsx [Server Component] @ https://localhost:3000/_next/static/chunks/node_modules_next_dist_f3530cac._.js:3127
[ 5722436ms] [ERROR] ./src/components/portals/shared/stock-batch-health.tsx:3:8
Parsing ecmascript source code failed
  1 | import { Badge } from '@/components/ui/badge'
  2 | import {
> 3 | import { cn } from '@/lib/utils'
    |        ^
  4 | import { FILTER_SELECT_CLASS } from './filter-select'
  5 |   CRITICAL_MAX_DAYS_LEFT,
  6 |   EXPIRING_SOON_MAX_DAYS_LEFT,

Expected ',', got '{'

Import traces:
  Client Component Browser:
    ./src/components/portals/shared/stock-batch-health.tsx [Client Component Browser]
    ./src/components/portals/warehouse/sections/stocks/stocks-view.tsx [Client Component Browser]
    ./src/components/portals/warehouse/WarehousePortal.tsx [Client Component Browser]
    ./src/app/page.tsx [Client Component Browser]
    ./src/app/page.tsx [Server Component]
    ./src/app/admin/page.tsx [Server Component]

  Client Component SSR:
    ./src/components/portals/shared/stock-batch-health.tsx [Client Component SSR]
    ./src/components/portals/warehouse/sections/stocks/stocks-view.tsx [Client Component SSR]
    ./src/components/portals/warehouse/WarehousePortal.tsx [Client Component SSR]
    ./src/app/page.tsx [Client Component SSR]
    ./src/app/page.tsx [Server Component]
    ./src/app/admin/page.tsx [Server Component] @ https://localhost:3000/_next/static/chunks/node_modules_next_dist_f3530cac._.js:3127
[ 5722496ms] [ERROR] ./src/components/portals/shared/stock-batch-health.tsx:3:8
Parsing ecmascript source code failed
  1 | import { Badge } from '@/components/ui/badge'
  2 | import {
> 3 | import { cn } from '@/lib/utils'
    |        ^
  4 | import { FILTER_SELECT_CLASS } from './filter-select'
  5 |   CRITICAL_MAX_DAYS_LEFT,
  6 |   EXPIRING_SOON_MAX_DAYS_LEFT,

Expected ',', got '{'

Import traces:
  Client Component Browser:
    ./src/components/portals/shared/stock-batch-health.tsx [Client Component Browser]
    ./src/components/portals/warehouse/sections/stocks/stocks-view.tsx [Client Component Browser]
    ./src/components/portals/warehouse/WarehousePortal.tsx [Client Component Browser]
    ./src/app/page.tsx [Client Component Browser]
    ./src/app/page.tsx [Server Component]
    ./src/app/admin/page.tsx [Server Component]

  Client Component SSR:
    ./src/components/portals/shared/stock-batch-health.tsx [Client Component SSR]
    ./src/components/portals/warehouse/sections/stocks/stocks-view.tsx [Client Component SSR]
    ./src/components/portals/warehouse/WarehousePortal.tsx [Client Component SSR]
    ./src/app/page.tsx [Client Component SSR]
    ./src/app/page.tsx [Server Component]
    ./src/app/admin/page.tsx [Server Component] @ https://localhost:3000/_next/static/chunks/node_modules_next_dist_f3530cac._.js:3127
[ 5722572ms] [ERROR] ./src/components/portals/shared/stock-batch-health.tsx:3:8
Parsing ecmascript source code failed
  1 | import { Badge } from '@/components/ui/badge'
  2 | import {
> 3 | import { cn } from '@/lib/utils'
    |        ^
  4 | import { FILTER_SELECT_CLASS } from './filter-select'
  5 |   CRITICAL_MAX_DAYS_LEFT,
  6 |   EXPIRING_SOON_MAX_DAYS_LEFT,

Expected ',', got '{'

Import traces:
  Client Component Browser:
    ./src/components/portals/shared/stock-batch-health.tsx [Client Component Browser]
    ./src/components/portals/warehouse/sections/stocks/stocks-view.tsx [Client Component Browser]
    ./src/components/portals/warehouse/WarehousePortal.tsx [Client Component Browser]
    ./src/app/page.tsx [Client Component Browser]
    ./src/app/page.tsx [Server Component]
    ./src/app/admin/page.tsx [Server Component]

  Client Component SSR:
    ./src/components/portals/shared/stock-batch-health.tsx [Client Component SSR]
    ./src/components/portals/warehouse/sections/stocks/stocks-view.tsx [Client Component SSR]
    ./src/components/portals/warehouse/WarehousePortal.tsx [Client Component SSR]
    ./src/app/page.tsx [Client Component SSR]
    ./src/app/page.tsx [Server Component]
    ./src/app/admin/page.tsx [Server Component] @ https://localhost:3000/_next/static/chunks/node_modules_next_dist_f3530cac._.js:3127
[ 5722670ms] [ERROR] ./src/components/portals/shared/stock-batch-health.tsx:3:8
Parsing ecmascript source code failed
  1 | import { Badge } from '@/components/ui/badge'
  2 | import {
> 3 | import { cn } from '@/lib/utils'
    |        ^
  4 | import { FILTER_SELECT_CLASS } from './filter-select'
  5 |   CRITICAL_MAX_DAYS_LEFT,
  6 |   EXPIRING_SOON_MAX_DAYS_LEFT,

Expected ',', got '{'

Import traces:
  Client Component Browser:
    ./src/components/portals/shared/stock-batch-health.tsx [Client Component Browser]
    ./src/components/portals/warehouse/sections/stocks/stocks-view.tsx [Client Component Browser]
    ./src/components/portals/warehouse/WarehousePortal.tsx [Client Component Browser]
    ./src/app/page.tsx [Client Component Browser]
    ./src/app/page.tsx [Server Component]
    ./src/app/admin/page.tsx [Server Component]

  Client Component SSR:
    ./src/components/portals/shared/stock-batch-health.tsx [Client Component SSR]
    ./src/components/portals/warehouse/sections/stocks/stocks-view.tsx [Client Component SSR]
    ./src/components/portals/warehouse/WarehousePortal.tsx [Client Component SSR]
    ./src/app/page.tsx [Client Component SSR]
    ./src/app/page.tsx [Server Component]
    ./src/app/admin/page.tsx [Server Component] @ https://localhost:3000/_next/static/chunks/node_modules_next_dist_f3530cac._.js:3127
[ 5722744ms] [ERROR] ./src/components/portals/shared/stock-batch-health.tsx:3:8
Parsing ecmascript source code failed
  1 | import { Badge } from '@/components/ui/badge'
  2 | import {
> 3 | import { cn } from '@/lib/utils'
    |        ^
  4 | import { FILTER_SELECT_CLASS } from './filter-select'
  5 |   CRITICAL_MAX_DAYS_LEFT,
  6 |   EXPIRING_SOON_MAX_DAYS_LEFT,

Expected ',', got '{'

Import traces:
  Client Component Browser:
    ./src/components/portals/shared/stock-batch-health.tsx [Client Component Browser]
    ./src/components/portals/warehouse/sections/stocks/stocks-view.tsx [Client Component Browser]
    ./src/components/portals/warehouse/WarehousePortal.tsx [Client Component Browser]
    ./src/app/page.tsx [Client Component Browser]
    ./src/app/page.tsx [Server Component]
    ./src/app/admin/page.tsx [Server Component]

  Client Component SSR:
    ./src/components/portals/shared/stock-batch-health.tsx [Client Component SSR]
    ./src/components/portals/warehouse/sections/stocks/stocks-view.tsx [Client Component SSR]
    ./src/components/portals/warehouse/WarehousePortal.tsx [Client Component SSR]
    ./src/app/page.tsx [Client Component SSR]
    ./src/app/page.tsx [Server Component]
    ./src/app/admin/page.tsx [Server Component] @ https://localhost:3000/_next/static/chunks/node_modules_next_dist_f3530cac._.js:3127
[ 5722802ms] [ERROR] ./src/components/portals/shared/stock-batch-health.tsx:3:8
Parsing ecmascript source code failed
  1 | import { Badge } from '@/components/ui/badge'
  2 | import {
> 3 | import { cn } from '@/lib/utils'
    |        ^
  4 | import { FILTER_SELECT_CLASS } from './filter-select'
  5 |   CRITICAL_MAX_DAYS_LEFT,
  6 |   EXPIRING_SOON_MAX_DAYS_LEFT,

Expected ',', got '{'

Import traces:
  Client Component Browser:
    ./src/components/portals/shared/stock-batch-health.tsx [Client Component Browser]
    ./src/components/portals/warehouse/sections/stocks/stocks-view.tsx [Client Component Browser]
    ./src/components/portals/warehouse/WarehousePortal.tsx [Client Component Browser]
    ./src/app/page.tsx [Client Component Browser]
    ./src/app/page.tsx [Server Component]
    ./src/app/admin/page.tsx [Server Component]

  Client Component SSR:
    ./src/components/portals/shared/stock-batch-health.tsx [Client Component SSR]
    ./src/components/portals/warehouse/sections/stocks/stocks-view.tsx [Client Component SSR]
    ./src/components/portals/warehouse/WarehousePortal.tsx [Client Component SSR]
    ./src/app/page.tsx [Client Component SSR]
    ./src/app/page.tsx [Server Component]
    ./src/app/admin/page.tsx [Server Component] @ https://localhost:3000/_next/static/chunks/node_modules_next_dist_f3530cac._.js:3127
[ 5722869ms] [ERROR] ./src/components/portals/shared/stock-batch-health.tsx:3:8
Parsing ecmascript source code failed
  1 | import { Badge } from '@/components/ui/badge'
  2 | import {
> 3 | import { cn } from '@/lib/utils'
    |        ^
  4 | import { FILTER_SELECT_CLASS } from './filter-select'
  5 |   CRITICAL_MAX_DAYS_LEFT,
  6 |   EXPIRING_SOON_MAX_DAYS_LEFT,

Expected ',', got '{'

Import traces:
  Client Component Browser:
    ./src/components/portals/shared/stock-batch-health.tsx [Client Component Browser]
    ./src/components/portals/warehouse/sections/stocks/stocks-view.tsx [Client Component Browser]
    ./src/components/portals/warehouse/WarehousePortal.tsx [Client Component Browser]
    ./src/app/page.tsx [Client Component Browser]
    ./src/app/page.tsx [Server Component]
    ./src/app/admin/page.tsx [Server Component]

  Client Component SSR:
    ./src/components/portals/shared/stock-batch-health.tsx [Client Component SSR]
    ./src/components/portals/warehouse/sections/stocks/stocks-view.tsx [Client Component SSR]
    ./src/components/portals/warehouse/WarehousePortal.tsx [Client Component SSR]
    ./src/app/page.tsx [Client Component SSR]
    ./src/app/page.tsx [Server Component]
    ./src/app/admin/page.tsx [Server Component] @ https://localhost:3000/_next/static/chunks/node_modules_next_dist_f3530cac._.js:3127
[ 5722921ms] [ERROR] ./src/components/portals/shared/stock-batch-health.tsx:3:8
Parsing ecmascript source code failed
  1 | import { Badge } from '@/components/ui/badge'
  2 | import {
> 3 | import { cn } from '@/lib/utils'
    |        ^
  4 | import { FILTER_SELECT_CLASS } from './filter-select'
  5 |   CRITICAL_MAX_DAYS_LEFT,
  6 |   EXPIRING_SOON_MAX_DAYS_LEFT,

Expected ',', got '{'

Import traces:
  Client Component Browser:
    ./src/components/portals/shared/stock-batch-health.tsx [Client Component Browser]
    ./src/components/portals/warehouse/sections/stocks/stocks-view.tsx [Client Component Browser]
    ./src/components/portals/warehouse/WarehousePortal.tsx [Client Component Browser]
    ./src/app/page.tsx [Client Component Browser]
    ./src/app/page.tsx [Server Component]
    ./src/app/admin/page.tsx [Server Component]

  Client Component SSR:
    ./src/components/portals/shared/stock-batch-health.tsx [Client Component SSR]
    ./src/components/portals/warehouse/sections/stocks/stocks-view.tsx [Client Component SSR]
    ./src/components/portals/warehouse/WarehousePortal.tsx [Client Component SSR]
    ./src/app/page.tsx [Client Component SSR]
    ./src/app/page.tsx [Server Component]
    ./src/app/admin/page.tsx [Server Component] @ https://localhost:3000/_next/static/chunks/node_modules_next_dist_f3530cac._.js:3127
[ 5722988ms] [ERROR] ./src/components/portals/shared/stock-batch-health.tsx:3:8
Parsing ecmascript source code failed
  1 | import { Badge } from '@/components/ui/badge'
  2 | import {
> 3 | import { cn } from '@/lib/utils'
    |        ^
  4 | import { FILTER_SELECT_CLASS } from './filter-select'
  5 |   CRITICAL_MAX_DAYS_LEFT,
  6 |   EXPIRING_SOON_MAX_DAYS_LEFT,

Expected ',', got '{'

Import traces:
  Client Component Browser:
    ./src/components/portals/shared/stock-batch-health.tsx [Client Component Browser]
    ./src/components/portals/warehouse/sections/stocks/stocks-view.tsx [Client Component Browser]
    ./src/components/portals/warehouse/WarehousePortal.tsx [Client Component Browser]
    ./src/app/page.tsx [Client Component Browser]
    ./src/app/page.tsx [Server Component]
    ./src/app/admin/page.tsx [Server Component]

  Client Component SSR:
    ./src/components/portals/shared/stock-batch-health.tsx [Client Component SSR]
    ./src/components/portals/warehouse/sections/stocks/stocks-view.tsx [Client Component SSR]
    ./src/components/portals/warehouse/WarehousePortal.tsx [Client Component SSR]
    ./src/app/page.tsx [Client Component SSR]
    ./src/app/page.tsx [Server Component]
    ./src/app/admin/page.tsx [Server Component] @ https://localhost:3000/_next/static/chunks/node_modules_next_dist_f3530cac._.js:3127
[ 5723058ms] [ERROR] ./src/components/portals/shared/stock-batch-health.tsx:3:8
Parsing ecmascript source code failed
  1 | import { Badge } from '@/components/ui/badge'
  2 | import {
> 3 | import { cn } from '@/lib/utils'
    |        ^
  4 | import { FILTER_SELECT_CLASS } from './filter-select'
  5 |   CRITICAL_MAX_DAYS_LEFT,
  6 |   EXPIRING_SOON_MAX_DAYS_LEFT,

Expected ',', got '{'

Import traces:
  Client Component Browser:
    ./src/components/portals/shared/stock-batch-health.tsx [Client Component Browser]
    ./src/components/portals/warehouse/sections/stocks/stocks-view.tsx [Client Component Browser]
    ./src/components/portals/warehouse/WarehousePortal.tsx [Client Component Browser]
    ./src/app/page.tsx [Client Component Browser]
    ./src/app/page.tsx [Server Component]
    ./src/app/admin/page.tsx [Server Component]

  Client Component SSR:
    ./src/components/portals/shared/stock-batch-health.tsx [Client Component SSR]
    ./src/components/portals/warehouse/sections/stocks/stocks-view.tsx [Client Component SSR]
    ./src/components/portals/warehouse/WarehousePortal.tsx [Client Component SSR]
    ./src/app/page.tsx [Client Component SSR]
    ./src/app/page.tsx [Server Component]
    ./src/app/admin/page.tsx [Server Component] @ https://localhost:3000/_next/static/chunks/node_modules_next_dist_f3530cac._.js:3127
[ 5723139ms] [ERROR] ./src/components/portals/shared/stock-batch-health.tsx:3:8
Parsing ecmascript source code failed
  1 | import { Badge } from '@/components/ui/badge'
  2 | import {
> 3 | import { cn } from '@/lib/utils'
    |        ^
  4 | import { FILTER_SELECT_CLASS } from './filter-select'
  5 |   CRITICAL_MAX_DAYS_LEFT,
  6 |   EXPIRING_SOON_MAX_DAYS_LEFT,

Expected ',', got '{'

Import traces:
  Client Component Browser:
    ./src/components/portals/shared/stock-batch-health.tsx [Client Component Browser]
    ./src/components/portals/warehouse/sections/stocks/stocks-view.tsx [Client Component Browser]
    ./src/components/portals/warehouse/WarehousePortal.tsx [Client Component Browser]
    ./src/app/page.tsx [Client Component Browser]
    ./src/app/page.tsx [Server Component]
    ./src/app/admin/page.tsx [Server Component]

  Client Component SSR:
    ./src/components/portals/shared/stock-batch-health.tsx [Client Component SSR]
    ./src/components/portals/warehouse/sections/stocks/stocks-view.tsx [Client Component SSR]
    ./src/components/portals/warehouse/WarehousePortal.tsx [Client Component SSR]
    ./src/app/page.tsx [Client Component SSR]
    ./src/app/page.tsx [Server Component]
    ./src/app/admin/page.tsx [Server Component] @ https://localhost:3000/_next/static/chunks/node_modules_next_dist_f3530cac._.js:3127
[ 5723233ms] [ERROR] ./src/components/portals/shared/stock-batch-health.tsx:3:8
Parsing ecmascript source code failed
  1 | import { Badge } from '@/components/ui/badge'
  2 | import {
> 3 | import { cn } from '@/lib/utils'
    |        ^
  4 | import { FILTER_SELECT_CLASS } from './filter-select'
  5 |   CRITICAL_MAX_DAYS_LEFT,
  6 |   EXPIRING_SOON_MAX_DAYS_LEFT,

Expected ',', got '{'

Import traces:
  Client Component Browser:
    ./src/components/portals/shared/stock-batch-health.tsx [Client Component Browser]
    ./src/components/portals/warehouse/sections/stocks/stocks-view.tsx [Client Component Browser]
    ./src/components/portals/warehouse/WarehousePortal.tsx [Client Component Browser]
    ./src/app/page.tsx [Client Component Browser]
    ./src/app/page.tsx [Server Component]
    ./src/app/admin/page.tsx [Server Component]

  Client Component SSR:
    ./src/components/portals/shared/stock-batch-health.tsx [Client Component SSR]
    ./src/components/portals/warehouse/sections/stocks/stocks-view.tsx [Client Component SSR]
    ./src/components/portals/warehouse/WarehousePortal.tsx [Client Component SSR]
    ./src/app/page.tsx [Client Component SSR]
    ./src/app/page.tsx [Server Component]
    ./src/app/admin/page.tsx [Server Component] @ https://localhost:3000/_next/static/chunks/node_modules_next_dist_f3530cac._.js:3127
[ 5723262ms] [LOG] [Fast Refresh] rebuilding @ https://localhost:3000/_next/static/chunks/node_modules_next_dist_f3530cac._.js:2297
[ 5723322ms] [ERROR] ./src/components/portals/shared/stock-batch-health.tsx:3:8
Parsing ecmascript source code failed
  1 | import { Badge } from '@/components/ui/badge'
  2 | import {
> 3 | import { cn } from '@/lib/utils'
    |        ^
  4 | import { FILTER_SELECT_CLASS } from './filter-select'
  5 |   CRITICAL_MAX_DAYS_LEFT,
  6 |   EXPIRING_SOON_MAX_DAYS_LEFT,

Expected ',', got '{'

Import traces:
  Client Component Browser:
    ./src/components/portals/shared/stock-batch-health.tsx [Client Component Browser]
    ./src/components/portals/warehouse/sections/stocks/stocks-view.tsx [Client Component Browser]
    ./src/components/portals/warehouse/WarehousePortal.tsx [Client Component Browser]
    ./src/app/page.tsx [Client Component Browser]
    ./src/app/page.tsx [Server Component]
    ./src/app/admin/page.tsx [Server Component]

  Client Component SSR:
    ./src/components/portals/shared/stock-batch-health.tsx [Client Component SSR]
    ./src/components/portals/warehouse/sections/stocks/stocks-view.tsx [Client Component SSR]
    ./src/components/portals/warehouse/WarehousePortal.tsx [Client Component SSR]
    ./src/app/page.tsx [Client Component SSR]
    ./src/app/page.tsx [Server Component]
    ./src/app/admin/page.tsx [Server Component] @ https://localhost:3000/_next/static/chunks/node_modules_next_dist_f3530cac._.js:3127
[ 5723375ms] [ERROR] ./src/components/portals/shared/stock-batch-health.tsx:3:8
Parsing ecmascript source code failed
  1 | import { Badge } from '@/components/ui/badge'
  2 | import {
> 3 | import { cn } from '@/lib/utils'
    |        ^
  4 | import { FILTER_SELECT_CLASS } from './filter-select'
  5 |   CRITICAL_MAX_DAYS_LEFT,
  6 |   EXPIRING_SOON_MAX_DAYS_LEFT,

Expected ',', got '{'

Import traces:
  Client Component Browser:
    ./src/components/portals/shared/stock-batch-health.tsx [Client Component Browser]
    ./src/components/portals/warehouse/sections/stocks/stocks-view.tsx [Client Component Browser]
    ./src/components/portals/warehouse/WarehousePortal.tsx [Client Component Browser]
    ./src/app/page.tsx [Client Component Browser]
    ./src/app/page.tsx [Server Component]
    ./src/app/admin/page.tsx [Server Component]

  Client Component SSR:
    ./src/components/portals/shared/stock-batch-health.tsx [Client Component SSR]
    ./src/components/portals/warehouse/sections/stocks/stocks-view.tsx [Client Component SSR]
    ./src/components/portals/warehouse/WarehousePortal.tsx [Client Component SSR]
    ./src/app/page.tsx [Client Component SSR]
    ./src/app/page.tsx [Server Component]
    ./src/app/admin/page.tsx [Server Component] @ https://localhost:3000/_next/static/chunks/node_modules_next_dist_f3530cac._.js:3127
[ 5723433ms] [ERROR] ./src/components/portals/shared/stock-batch-health.tsx:3:8
Parsing ecmascript source code failed
  1 | import { Badge } from '@/components/ui/badge'
  2 | import {
> 3 | import { cn } from '@/lib/utils'
    |        ^
  4 | import { FILTER_SELECT_CLASS } from './filter-select'
  5 |   CRITICAL_MAX_DAYS_LEFT,
  6 |   EXPIRING_SOON_MAX_DAYS_LEFT,

Expected ',', got '{'

Import traces:
  Client Component Browser:
    ./src/components/portals/shared/stock-batch-health.tsx [Client Component Browser]
    ./src/components/portals/warehouse/sections/stocks/stocks-view.tsx [Client Component Browser]
    ./src/components/portals/warehouse/WarehousePortal.tsx [Client Component Browser]
    ./src/app/page.tsx [Client Component Browser]
    ./src/app/page.tsx [Server Component]
    ./src/app/admin/page.tsx [Server Component]

  Client Component SSR:
    ./src/components/portals/shared/stock-batch-health.tsx [Client Component SSR]
    ./src/components/portals/warehouse/sections/stocks/stocks-view.tsx [Client Component SSR]
    ./src/components/portals/warehouse/WarehousePortal.tsx [Client Component SSR]
    ./src/app/page.tsx [Client Component SSR]
    ./src/app/page.tsx [Server Component]
    ./src/app/admin/page.tsx [Server Component] @ https://localhost:3000/_next/static/chunks/node_modules_next_dist_f3530cac._.js:3127
[ 5723482ms] [ERROR] ./src/components/portals/shared/stock-batch-health.tsx:3:8
Parsing ecmascript source code failed
  1 | import { Badge } from '@/components/ui/badge'
  2 | import {
> 3 | import { cn } from '@/lib/utils'
    |        ^
  4 | import { FILTER_SELECT_CLASS } from './filter-select'
  5 |   CRITICAL_MAX_DAYS_LEFT,
  6 |   EXPIRING_SOON_MAX_DAYS_LEFT,

Expected ',', got '{'

Import traces:
  Client Component Browser:
    ./src/components/portals/shared/stock-batch-health.tsx [Client Component Browser]
    ./src/components/portals/warehouse/sections/stocks/stocks-view.tsx [Client Component Browser]
    ./src/components/portals/warehouse/WarehousePortal.tsx [Client Component Browser]
    ./src/app/page.tsx [Client Component Browser]
    ./src/app/page.tsx [Server Component]
    ./src/app/admin/page.tsx [Server Component]

  Client Component SSR:
    ./src/components/portals/shared/stock-batch-health.tsx [Client Component SSR]
    ./src/components/portals/warehouse/sections/stocks/stocks-view.tsx [Client Component SSR]
    ./src/components/portals/warehouse/WarehousePortal.tsx [Client Component SSR]
    ./src/app/page.tsx [Client Component SSR]
    ./src/app/page.tsx [Server Component]
    ./src/app/admin/page.tsx [Server Component] @ https://localhost:3000/_next/static/chunks/node_modules_next_dist_f3530cac._.js:3127
[ 5723537ms] [ERROR] ./src/components/portals/shared/stock-batch-health.tsx:3:8
Parsing ecmascript source code failed
  1 | import { Badge } from '@/components/ui/badge'
  2 | import {
> 3 | import { cn } from '@/lib/utils'
    |        ^
  4 | import { FILTER_SELECT_CLASS } from './filter-select'
  5 |   CRITICAL_MAX_DAYS_LEFT,
  6 |   EXPIRING_SOON_MAX_DAYS_LEFT,

Expected ',', got '{'

Import traces:
  Client Component Browser:
    ./src/components/portals/shared/stock-batch-health.tsx [Client Component Browser]
    ./src/components/portals/warehouse/sections/stocks/stocks-view.tsx [Client Component Browser]
    ./src/components/portals/warehouse/WarehousePortal.tsx [Client Component Browser]
    ./src/app/page.tsx [Client Component Browser]
    ./src/app/page.tsx [Server Component]
    ./src/app/admin/page.tsx [Server Component]

  Client Component SSR:
    ./src/components/portals/shared/stock-batch-health.tsx [Client Component SSR]
    ./src/components/portals/warehouse/sections/stocks/stocks-view.tsx [Client Component SSR]
    ./src/components/portals/warehouse/WarehousePortal.tsx [Client Component SSR]
    ./src/app/page.tsx [Client Component SSR]
    ./src/app/page.tsx [Server Component]
    ./src/app/admin/page.tsx [Server Component] @ https://localhost:3000/_next/static/chunks/node_modules_next_dist_f3530cac._.js:3127
[ 5723602ms] [ERROR] ./src/components/portals/shared/stock-batch-health.tsx:3:8
Parsing ecmascript source code failed
  1 | import { Badge } from '@/components/ui/badge'
  2 | import {
> 3 | import { cn } from '@/lib/utils'
    |        ^
  4 | import { FILTER_SELECT_CLASS } from './filter-select'
  5 |   CRITICAL_MAX_DAYS_LEFT,
  6 |   EXPIRING_SOON_MAX_DAYS_LEFT,

Expected ',', got '{'

Import traces:
  Client Component Browser:
    ./src/components/portals/shared/stock-batch-health.tsx [Client Component Browser]
    ./src/components/portals/warehouse/sections/stocks/stocks-view.tsx [Client Component Browser]
    ./src/components/portals/warehouse/WarehousePortal.tsx [Client Component Browser]
    ./src/app/page.tsx [Client Component Browser]
    ./src/app/page.tsx [Server Component]
    ./src/app/admin/page.tsx [Server Component]

  Client Component SSR:
    ./src/components/portals/shared/stock-batch-health.tsx [Client Component SSR]
    ./src/components/portals/warehouse/sections/stocks/stocks-view.tsx [Client Component SSR]
    ./src/components/portals/warehouse/WarehousePortal.tsx [Client Component SSR]
    ./src/app/page.tsx [Client Component SSR]
    ./src/app/page.tsx [Server Component]
    ./src/app/admin/page.tsx [Server Component] @ https://localhost:3000/_next/static/chunks/node_modules_next_dist_f3530cac._.js:3127
[ 5723666ms] [ERROR] ./src/components/portals/shared/stock-batch-health.tsx:3:8
Parsing ecmascript source code failed
  1 | import { Badge } from '@/components/ui/badge'
  2 | import {
> 3 | import { cn } from '@/lib/utils'
    |        ^
  4 | import { FILTER_SELECT_CLASS } from './filter-select'
  5 |   CRITICAL_MAX_DAYS_LEFT,
  6 |   EXPIRING_SOON_MAX_DAYS_LEFT,

Expected ',', got '{'

Import traces:
  Client Component Browser:
    ./src/components/portals/shared/stock-batch-health.tsx [Client Component Browser]
    ./src/components/portals/warehouse/sections/stocks/stocks-view.tsx [Client Component Browser]
    ./src/components/portals/warehouse/WarehousePortal.tsx [Client Component Browser]
    ./src/app/page.tsx [Client Component Browser]
    ./src/app/page.tsx [Server Component]
    ./src/app/admin/page.tsx [Server Component]

  Client Component SSR:
    ./src/components/portals/shared/stock-batch-health.tsx [Client Component SSR]
    ./src/components/portals/warehouse/sections/stocks/stocks-view.tsx [Client Component SSR]
    ./src/components/portals/warehouse/WarehousePortal.tsx [Client Component SSR]
    ./src/app/page.tsx [Client Component SSR]
    ./src/app/page.tsx [Server Component]
    ./src/app/admin/page.tsx [Server Component] @ https://localhost:3000/_next/static/chunks/node_modules_next_dist_f3530cac._.js:3127
[ 5723718ms] [ERROR] ./src/components/portals/shared/stock-batch-health.tsx:3:8
Parsing ecmascript source code failed
  1 | import { Badge } from '@/components/ui/badge'
  2 | import {
> 3 | import { cn } from '@/lib/utils'
    |        ^
  4 | import { FILTER_SELECT_CLASS } from './filter-select'
  5 |   CRITICAL_MAX_DAYS_LEFT,
  6 |   EXPIRING_SOON_MAX_DAYS_LEFT,

Expected ',', got '{'

Import traces:
  Client Component Browser:
    ./src/components/portals/shared/stock-batch-health.tsx [Client Component Browser]
    ./src/components/portals/warehouse/sections/stocks/stocks-view.tsx [Client Component Browser]
    ./src/components/portals/warehouse/WarehousePortal.tsx [Client Component Browser]
    ./src/app/page.tsx [Client Component Browser]
    ./src/app/page.tsx [Server Component]
    ./src/app/admin/page.tsx [Server Component]

  Client Component SSR:
    ./src/components/portals/shared/stock-batch-health.tsx [Client Component SSR]
    ./src/components/portals/warehouse/sections/stocks/stocks-view.tsx [Client Component SSR]
    ./src/components/portals/warehouse/WarehousePortal.tsx [Client Component SSR]
    ./src/app/page.tsx [Client Component SSR]
    ./src/app/page.tsx [Server Component]
    ./src/app/admin/page.tsx [Server Component] @ https://localhost:3000/_next/static/chunks/node_modules_next_dist_f3530cac._.js:3127
[ 5723774ms] [ERROR] ./src/components/portals/shared/stock-batch-health.tsx:3:8
Parsing ecmascript source code failed
  1 | import { Badge } from '@/components/ui/badge'
  2 | import {
> 3 | import { cn } from '@/lib/utils'
    |        ^
  4 | import { FILTER_SELECT_CLASS } from './filter-select'
  5 |   CRITICAL_MAX_DAYS_LEFT,
  6 |   EXPIRING_SOON_MAX_DAYS_LEFT,

Expected ',', got '{'

Import traces:
  Client Component Browser:
    ./src/components/portals/shared/stock-batch-health.tsx [Client Component Browser]
    ./src/components/portals/warehouse/sections/stocks/stocks-view.tsx [Client Component Browser]
    ./src/components/portals/warehouse/WarehousePortal.tsx [Client Component Browser]
    ./src/app/page.tsx [Client Component Browser]
    ./src/app/page.tsx [Server Component]
    ./src/app/admin/page.tsx [Server Component]

  Client Component SSR:
    ./src/components/portals/shared/stock-batch-health.tsx [Client Component SSR]
    ./src/components/portals/warehouse/sections/stocks/stocks-view.tsx [Client Component SSR]
    ./src/components/portals/warehouse/WarehousePortal.tsx [Client Component SSR]
    ./src/app/page.tsx [Client Component SSR]
    ./src/app/page.tsx [Server Component]
    ./src/app/admin/page.tsx [Server Component] @ https://localhost:3000/_next/static/chunks/node_modules_next_dist_f3530cac._.js:3127
[ 5723835ms] [ERROR] ./src/components/portals/shared/stock-batch-health.tsx:3:8
Parsing ecmascript source code failed
  1 | import { Badge } from '@/components/ui/badge'
  2 | import {
> 3 | import { cn } from '@/lib/utils'
    |        ^
  4 | import { FILTER_SELECT_CLASS } from './filter-select'
  5 |   CRITICAL_MAX_DAYS_LEFT,
  6 |   EXPIRING_SOON_MAX_DAYS_LEFT,

Expected ',', got '{'

Import traces:
  Client Component Browser:
    ./src/components/portals/shared/stock-batch-health.tsx [Client Component Browser]
    ./src/components/portals/warehouse/sections/stocks/stocks-view.tsx [Client Component Browser]
    ./src/components/portals/warehouse/WarehousePortal.tsx [Client Component Browser]
    ./src/app/page.tsx [Client Component Browser]
    ./src/app/page.tsx [Server Component]
    ./src/app/admin/page.tsx [Server Component]

  Client Component SSR:
    ./src/components/portals/shared/stock-batch-health.tsx [Client Component SSR]
    ./src/components/portals/warehouse/sections/stocks/stocks-view.tsx [Client Component SSR]
    ./src/components/portals/warehouse/WarehousePortal.tsx [Client Component SSR]
    ./src/app/page.tsx [Client Component SSR]
    ./src/app/page.tsx [Server Component]
    ./src/app/admin/page.tsx [Server Component] @ https://localhost:3000/_next/static/chunks/node_modules_next_dist_f3530cac._.js:3127
[ 5723904ms] [ERROR] ./src/components/portals/shared/stock-batch-health.tsx:3:8
Parsing ecmascript source code failed
  1 | import { Badge } from '@/components/ui/badge'
  2 | import {
> 3 | import { cn } from '@/lib/utils'
    |        ^
  4 | import { FILTER_SELECT_CLASS } from './filter-select'
  5 |   CRITICAL_MAX_DAYS_LEFT,
  6 |   EXPIRING_SOON_MAX_DAYS_LEFT,

Expected ',', got '{'

Import traces:
  Client Component Browser:
    ./src/components/portals/shared/stock-batch-health.tsx [Client Component Browser]
    ./src/components/portals/warehouse/sections/stocks/stocks-view.tsx [Client Component Browser]
    ./src/components/portals/warehouse/WarehousePortal.tsx [Client Component Browser]
    ./src/app/page.tsx [Client Component Browser]
    ./src/app/page.tsx [Server Component]
    ./src/app/admin/page.tsx [Server Component]

  Client Component SSR:
    ./src/components/portals/shared/stock-batch-health.tsx [Client Component SSR]
    ./src/components/portals/warehouse/sections/stocks/stocks-view.tsx [Client Component SSR]
    ./src/components/portals/warehouse/WarehousePortal.tsx [Client Component SSR]
    ./src/app/page.tsx [Client Component SSR]
    ./src/app/page.tsx [Server Component]
    ./src/app/admin/page.tsx [Server Component] @ https://localhost:3000/_next/static/chunks/node_modules_next_dist_f3530cac._.js:3127
[ 5723971ms] [ERROR] ./src/components/portals/shared/stock-batch-health.tsx:3:8
Parsing ecmascript source code failed
  1 | import { Badge } from '@/components/ui/badge'
  2 | import {
> 3 | import { cn } from '@/lib/utils'
    |        ^
  4 | import { FILTER_SELECT_CLASS } from './filter-select'
  5 |   CRITICAL_MAX_DAYS_LEFT,
  6 |   EXPIRING_SOON_MAX_DAYS_LEFT,

Expected ',', got '{'

Import traces:
  Client Component Browser:
    ./src/components/portals/shared/stock-batch-health.tsx [Client Component Browser]
    ./src/components/portals/warehouse/sections/stocks/stocks-view.tsx [Client Component Browser]
    ./src/components/portals/warehouse/WarehousePortal.tsx [Client Component Browser]
    ./src/app/page.tsx [Client Component Browser]
    ./src/app/page.tsx [Server Component]
    ./src/app/admin/page.tsx [Server Component]

  Client Component SSR:
    ./src/components/portals/shared/stock-batch-health.tsx [Client Component SSR]
    ./src/components/portals/warehouse/sections/stocks/stocks-view.tsx [Client Component SSR]
    ./src/components/portals/warehouse/WarehousePortal.tsx [Client Component SSR]
    ./src/app/page.tsx [Client Component SSR]
    ./src/app/page.tsx [Server Component]
    ./src/app/admin/page.tsx [Server Component] @ https://localhost:3000/_next/static/chunks/node_modules_next_dist_f3530cac._.js:3127
[ 5724038ms] [ERROR] ./src/components/portals/shared/stock-batch-health.tsx:3:8
Parsing ecmascript source code failed
  1 | import { Badge } from '@/components/ui/badge'
  2 | import {
> 3 | import { cn } from '@/lib/utils'
    |        ^
  4 | import { FILTER_SELECT_CLASS } from './filter-select'
  5 |   CRITICAL_MAX_DAYS_LEFT,
  6 |   EXPIRING_SOON_MAX_DAYS_LEFT,

Expected ',', got '{'

Import traces:
  Client Component Browser:
    ./src/components/portals/shared/stock-batch-health.tsx [Client Component Browser]
    ./src/components/portals/warehouse/sections/stocks/stocks-view.tsx [Client Component Browser]
    ./src/components/portals/warehouse/WarehousePortal.tsx [Client Component Browser]
    ./src/app/page.tsx [Client Component Browser]
    ./src/app/page.tsx [Server Component]
    ./src/app/admin/page.tsx [Server Component]

  Client Component SSR:
    ./src/components/portals/shared/stock-batch-health.tsx [Client Component SSR]
    ./src/components/portals/warehouse/sections/stocks/stocks-view.tsx [Client Component SSR]
    ./src/components/portals/warehouse/WarehousePortal.tsx [Client Component SSR]
    ./src/app/page.tsx [Client Component SSR]
    ./src/app/page.tsx [Server Component]
    ./src/app/admin/page.tsx [Server Component] @ https://localhost:3000/_next/static/chunks/node_modules_next_dist_f3530cac._.js:3127
[ 5724106ms] [ERROR] ./src/components/portals/shared/stock-batch-health.tsx:3:8
Parsing ecmascript source code failed
  1 | import { Badge } from '@/components/ui/badge'
  2 | import {
> 3 | import { cn } from '@/lib/utils'
    |        ^
  4 | import { FILTER_SELECT_CLASS } from './filter-select'
  5 |   CRITICAL_MAX_DAYS_LEFT,
  6 |   EXPIRING_SOON_MAX_DAYS_LEFT,

Expected ',', got '{'

Import traces:
  Client Component Browser:
    ./src/components/portals/shared/stock-batch-health.tsx [Client Component Browser]
    ./src/components/portals/warehouse/sections/stocks/stocks-view.tsx [Client Component Browser]
    ./src/components/portals/warehouse/WarehousePortal.tsx [Client Component Browser]
    ./src/app/page.tsx [Client Component Browser]
    ./src/app/page.tsx [Server Component]
    ./src/app/admin/page.tsx [Server Component]

  Client Component SSR:
    ./src/components/portals/shared/stock-batch-health.tsx [Client Component SSR]
    ./src/components/portals/warehouse/sections/stocks/stocks-view.tsx [Client Component SSR]
    ./src/components/portals/warehouse/WarehousePortal.tsx [Client Component SSR]
    ./src/app/page.tsx [Client Component SSR]
    ./src/app/page.tsx [Server Component]
    ./src/app/admin/page.tsx [Server Component] @ https://localhost:3000/_next/static/chunks/node_modules_next_dist_f3530cac._.js:3127
[ 5724171ms] [ERROR] ./src/components/portals/shared/stock-batch-health.tsx:3:8
Parsing ecmascript source code failed
  1 | import { Badge } from '@/components/ui/badge'
  2 | import {
> 3 | import { cn } from '@/lib/utils'
    |        ^
  4 | import { FILTER_SELECT_CLASS } from './filter-select'
  5 |   CRITICAL_MAX_DAYS_LEFT,
  6 |   EXPIRING_SOON_MAX_DAYS_LEFT,

Expected ',', got '{'

Import traces:
  Client Component Browser:
    ./src/components/portals/shared/stock-batch-health.tsx [Client Component Browser]
    ./src/components/portals/warehouse/sections/stocks/stocks-view.tsx [Client Component Browser]
    ./src/components/portals/warehouse/WarehousePortal.tsx [Client Component Browser]
    ./src/app/page.tsx [Client Component Browser]
    ./src/app/page.tsx [Server Component]
    ./src/app/admin/page.tsx [Server Component]

  Client Component SSR:
    ./src/components/portals/shared/stock-batch-health.tsx [Client Component SSR]
    ./src/components/portals/warehouse/sections/stocks/stocks-view.tsx [Client Component SSR]
    ./src/components/portals/warehouse/WarehousePortal.tsx [Client Component SSR]
    ./src/app/page.tsx [Client Component SSR]
    ./src/app/page.tsx [Server Component]
    ./src/app/admin/page.tsx [Server Component] @ https://localhost:3000/_next/static/chunks/node_modules_next_dist_f3530cac._.js:3127
[ 5724237ms] [ERROR] ./src/components/portals/shared/stock-batch-health.tsx:3:8
Parsing ecmascript source code failed
  1 | import { Badge } from '@/components/ui/badge'
  2 | import {
> 3 | import { cn } from '@/lib/utils'
    |        ^
  4 | import { FILTER_SELECT_CLASS } from './filter-select'
  5 |   CRITICAL_MAX_DAYS_LEFT,
  6 |   EXPIRING_SOON_MAX_DAYS_LEFT,

Expected ',', got '{'

Import traces:
  Client Component Browser:
    ./src/components/portals/shared/stock-batch-health.tsx [Client Component Browser]
    ./src/components/portals/warehouse/sections/stocks/stocks-view.tsx [Client Component Browser]
    ./src/components/portals/warehouse/WarehousePortal.tsx [Client Component Browser]
    ./src/app/page.tsx [Client Component Browser]
    ./src/app/page.tsx [Server Component]
    ./src/app/admin/page.tsx [Server Component]

  Client Component SSR:
    ./src/components/portals/shared/stock-batch-health.tsx [Client Component SSR]
    ./src/components/portals/warehouse/sections/stocks/stocks-view.tsx [Client Component SSR]
    ./src/components/portals/warehouse/WarehousePortal.tsx [Client Component SSR]
    ./src/app/page.tsx [Client Component SSR]
    ./src/app/page.tsx [Server Component]
    ./src/app/admin/page.tsx [Server Component] @ https://localhost:3000/_next/static/chunks/node_modules_next_dist_f3530cac._.js:3127
[ 5724326ms] [ERROR] ./src/components/portals/shared/stock-batch-health.tsx:3:8
Parsing ecmascript source code failed
  1 | import { Badge } from '@/components/ui/badge'
  2 | import {
> 3 | import { cn } from '@/lib/utils'
    |        ^
  4 | import { FILTER_SELECT_CLASS } from './filter-select'
  5 |   CRITICAL_MAX_DAYS_LEFT,
  6 |   EXPIRING_SOON_MAX_DAYS_LEFT,

Expected ',', got '{'

Import traces:
  Client Component Browser:
    ./src/components/portals/shared/stock-batch-health.tsx [Client Component Browser]
    ./src/components/portals/warehouse/sections/stocks/stocks-view.tsx [Client Component Browser]
    ./src/components/portals/warehouse/WarehousePortal.tsx [Client Component Browser]
    ./src/app/page.tsx [Client Component Browser]
    ./src/app/page.tsx [Server Component]
    ./src/app/admin/page.tsx [Server Component]

  Client Component SSR:
    ./src/components/portals/shared/stock-batch-health.tsx [Client Component SSR]
    ./src/components/portals/warehouse/sections/stocks/stocks-view.tsx [Client Component SSR]
    ./src/components/portals/warehouse/WarehousePortal.tsx [Client Component SSR]
    ./src/app/page.tsx [Client Component SSR]
    ./src/app/page.tsx [Server Component]
    ./src/app/admin/page.tsx [Server Component] @ https://localhost:3000/_next/static/chunks/node_modules_next_dist_f3530cac._.js:3127
[ 5724363ms] [LOG] [Fast Refresh] rebuilding @ https://localhost:3000/_next/static/chunks/node_modules_next_dist_f3530cac._.js:2297
[ 5724421ms] [ERROR] ./src/components/portals/shared/stock-batch-health.tsx:3:8
Parsing ecmascript source code failed
  1 | import { Badge } from '@/components/ui/badge'
  2 | import {
> 3 | import { cn } from '@/lib/utils'
    |        ^
  4 | import { FILTER_SELECT_CLASS } from './filter-select'
  5 |   CRITICAL_MAX_DAYS_LEFT,
  6 |   EXPIRING_SOON_MAX_DAYS_LEFT,

Expected ',', got '{'

Import traces:
  Client Component Browser:
    ./src/components/portals/shared/stock-batch-health.tsx [Client Component Browser]
    ./src/components/portals/warehouse/sections/stocks/stocks-view.tsx [Client Component Browser]
    ./src/components/portals/warehouse/WarehousePortal.tsx [Client Component Browser]
    ./src/app/page.tsx [Client Component Browser]
    ./src/app/page.tsx [Server Component]
    ./src/app/admin/page.tsx [Server Component]

  Client Component SSR:
    ./src/components/portals/shared/stock-batch-health.tsx [Client Component SSR]
    ./src/components/portals/warehouse/sections/stocks/stocks-view.tsx [Client Component SSR]
    ./src/components/portals/warehouse/WarehousePortal.tsx [Client Component SSR]
    ./src/app/page.tsx [Client Component SSR]
    ./src/app/page.tsx [Server Component]
    ./src/app/admin/page.tsx [Server Component] @ https://localhost:3000/_next/static/chunks/node_modules_next_dist_f3530cac._.js:3127
[ 5724487ms] [ERROR] ./src/components/portals/shared/stock-batch-health.tsx:3:8
Parsing ecmascript source code failed
  1 | import { Badge } from '@/components/ui/badge'
  2 | import {
> 3 | import { cn } from '@/lib/utils'
    |        ^
  4 | import { FILTER_SELECT_CLASS } from './filter-select'
  5 |   CRITICAL_MAX_DAYS_LEFT,
  6 |   EXPIRING_SOON_MAX_DAYS_LEFT,

Expected ',', got '{'

Import traces:
  Client Component Browser:
    ./src/components/portals/shared/stock-batch-health.tsx [Client Component Browser]
    ./src/components/portals/warehouse/sections/stocks/stocks-view.tsx [Client Component Browser]
    ./src/components/portals/warehouse/WarehousePortal.tsx [Client Component Browser]
    ./src/app/page.tsx [Client Component Browser]
    ./src/app/page.tsx [Server Component]
    ./src/app/admin/page.tsx [Server Component]

  Client Component SSR:
    ./src/components/portals/shared/stock-batch-health.tsx [Client Component SSR]
    ./src/components/portals/warehouse/sections/stocks/stocks-view.tsx [Client Component SSR]
    ./src/components/portals/warehouse/WarehousePortal.tsx [Client Component SSR]
    ./src/app/page.tsx [Client Component SSR]
    ./src/app/page.tsx [Server Component]
    ./src/app/admin/page.tsx [Server Component] @ https://localhost:3000/_next/static/chunks/node_modules_next_dist_f3530cac._.js:3127
[ 5724553ms] [ERROR] ./src/components/portals/shared/stock-batch-health.tsx:3:8
Parsing ecmascript source code failed
  1 | import { Badge } from '@/components/ui/badge'
  2 | import {
> 3 | import { cn } from '@/lib/utils'
    |        ^
  4 | import { FILTER_SELECT_CLASS } from './filter-select'
  5 |   CRITICAL_MAX_DAYS_LEFT,
  6 |   EXPIRING_SOON_MAX_DAYS_LEFT,

Expected ',', got '{'

Import traces:
  Client Component Browser:
    ./src/components/portals/shared/stock-batch-health.tsx [Client Component Browser]
    ./src/components/portals/warehouse/sections/stocks/stocks-view.tsx [Client Component Browser]
    ./src/components/portals/warehouse/WarehousePortal.tsx [Client Component Browser]
    ./src/app/page.tsx [Client Component Browser]
    ./src/app/page.tsx [Server Component]
    ./src/app/admin/page.tsx [Server Component]

  Client Component SSR:
    ./src/components/portals/shared/stock-batch-health.tsx [Client Component SSR]
    ./src/components/portals/warehouse/sections/stocks/stocks-view.tsx [Client Component SSR]
    ./src/components/portals/warehouse/WarehousePortal.tsx [Client Component SSR]
    ./src/app/page.tsx [Client Component SSR]
    ./src/app/page.tsx [Server Component]
    ./src/app/admin/page.tsx [Server Component] @ https://localhost:3000/_next/static/chunks/node_modules_next_dist_f3530cac._.js:3127
[ 5724618ms] [ERROR] ./src/components/portals/shared/stock-batch-health.tsx:3:8
Parsing ecmascript source code failed
  1 | import { Badge } from '@/components/ui/badge'
  2 | import {
> 3 | import { cn } from '@/lib/utils'
    |        ^
  4 | import { FILTER_SELECT_CLASS } from './filter-select'
  5 |   CRITICAL_MAX_DAYS_LEFT,
  6 |   EXPIRING_SOON_MAX_DAYS_LEFT,

Expected ',', got '{'

Import traces:
  Client Component Browser:
    ./src/components/portals/shared/stock-batch-health.tsx [Client Component Browser]
    ./src/components/portals/warehouse/sections/stocks/stocks-view.tsx [Client Component Browser]
    ./src/components/portals/warehouse/WarehousePortal.tsx [Client Component Browser]
    ./src/app/page.tsx [Client Component Browser]
    ./src/app/page.tsx [Server Component]
    ./src/app/admin/page.tsx [Server Component]

  Client Component SSR:
    ./src/components/portals/shared/stock-batch-health.tsx [Client Component SSR]
    ./src/components/portals/warehouse/sections/stocks/stocks-view.tsx [Client Component SSR]
    ./src/components/portals/warehouse/WarehousePortal.tsx [Client Component SSR]
    ./src/app/page.tsx [Client Component SSR]
    ./src/app/page.tsx [Server Component]
    ./src/app/admin/page.tsx [Server Component] @ https://localhost:3000/_next/static/chunks/node_modules_next_dist_f3530cac._.js:3127
[ 5724689ms] [ERROR] ./src/components/portals/shared/stock-batch-health.tsx:3:8
Parsing ecmascript source code failed
  1 | import { Badge } from '@/components/ui/badge'
  2 | import {
> 3 | import { cn } from '@/lib/utils'
    |        ^
  4 | import { FILTER_SELECT_CLASS } from './filter-select'
  5 |   CRITICAL_MAX_DAYS_LEFT,
  6 |   EXPIRING_SOON_MAX_DAYS_LEFT,

Expected ',', got '{'

Import traces:
  Client Component Browser:
    ./src/components/portals/shared/stock-batch-health.tsx [Client Component Browser]
    ./src/components/portals/warehouse/sections/stocks/stocks-view.tsx [Client Component Browser]
    ./src/components/portals/warehouse/WarehousePortal.tsx [Client Component Browser]
    ./src/app/page.tsx [Client Component Browser]
    ./src/app/page.tsx [Server Component]
    ./src/app/admin/page.tsx [Server Component]

  Client Component SSR:
    ./src/components/portals/shared/stock-batch-health.tsx [Client Component SSR]
    ./src/components/portals/warehouse/sections/stocks/stocks-view.tsx [Client Component SSR]
    ./src/components/portals/warehouse/WarehousePortal.tsx [Client Component SSR]
    ./src/app/page.tsx [Client Component SSR]
    ./src/app/page.tsx [Server Component]
    ./src/app/admin/page.tsx [Server Component] @ https://localhost:3000/_next/static/chunks/node_modules_next_dist_f3530cac._.js:3127
[ 5724746ms] [ERROR] ./src/components/portals/shared/stock-batch-health.tsx:3:8
Parsing ecmascript source code failed
  1 | import { Badge } from '@/components/ui/badge'
  2 | import {
> 3 | import { cn } from '@/lib/utils'
    |        ^
  4 | import { FILTER_SELECT_CLASS } from './filter-select'
  5 |   CRITICAL_MAX_DAYS_LEFT,
  6 |   EXPIRING_SOON_MAX_DAYS_LEFT,

Expected ',', got '{'

Import traces:
  Client Component Browser:
    ./src/components/portals/shared/stock-batch-health.tsx [Client Component Browser]
    ./src/components/portals/warehouse/sections/stocks/stocks-view.tsx [Client Component Browser]
    ./src/components/portals/warehouse/WarehousePortal.tsx [Client Component Browser]
    ./src/app/page.tsx [Client Component Browser]
    ./src/app/page.tsx [Server Component]
    ./src/app/admin/page.tsx [Server Component]

  Client Component SSR:
    ./src/components/portals/shared/stock-batch-health.tsx [Client Component SSR]
    ./src/components/portals/warehouse/sections/stocks/stocks-view.tsx [Client Component SSR]
    ./src/components/portals/warehouse/WarehousePortal.tsx [Client Component SSR]
    ./src/app/page.tsx [Client Component SSR]
    ./src/app/page.tsx [Server Component]
    ./src/app/admin/page.tsx [Server Component] @ https://localhost:3000/_next/static/chunks/node_modules_next_dist_f3530cac._.js:3127
[ 5724806ms] [ERROR] ./src/components/portals/shared/stock-batch-health.tsx:3:8
Parsing ecmascript source code failed
  1 | import { Badge } from '@/components/ui/badge'
  2 | import {
> 3 | import { cn } from '@/lib/utils'
    |        ^
  4 | import { FILTER_SELECT_CLASS } from './filter-select'
  5 |   CRITICAL_MAX_DAYS_LEFT,
  6 |   EXPIRING_SOON_MAX_DAYS_LEFT,

Expected ',', got '{'

Import traces:
  Client Component Browser:
    ./src/components/portals/shared/stock-batch-health.tsx [Client Component Browser]
    ./src/components/portals/warehouse/sections/stocks/stocks-view.tsx [Client Component Browser]
    ./src/components/portals/warehouse/WarehousePortal.tsx [Client Component Browser]
    ./src/app/page.tsx [Client Component Browser]
    ./src/app/page.tsx [Server Component]
    ./src/app/admin/page.tsx [Server Component]

  Client Component SSR:
    ./src/components/portals/shared/stock-batch-health.tsx [Client Component SSR]
    ./src/components/portals/warehouse/sections/stocks/stocks-view.tsx [Client Component SSR]
    ./src/components/portals/warehouse/WarehousePortal.tsx [Client Component SSR]
    ./src/app/page.tsx [Client Component SSR]
    ./src/app/page.tsx [Server Component]
    ./src/app/admin/page.tsx [Server Component] @ https://localhost:3000/_next/static/chunks/node_modules_next_dist_f3530cac._.js:3127
[ 5724864ms] [ERROR] ./src/components/portals/shared/stock-batch-health.tsx:3:8
Parsing ecmascript source code failed
  1 | import { Badge } from '@/components/ui/badge'
  2 | import {
> 3 | import { cn } from '@/lib/utils'
    |        ^
  4 | import { FILTER_SELECT_CLASS } from './filter-select'
  5 |   CRITICAL_MAX_DAYS_LEFT,
  6 |   EXPIRING_SOON_MAX_DAYS_LEFT,

Expected ',', got '{'

Import traces:
  Client Component Browser:
    ./src/components/portals/shared/stock-batch-health.tsx [Client Component Browser]
    ./src/components/portals/warehouse/sections/stocks/stocks-view.tsx [Client Component Browser]
    ./src/components/portals/warehouse/WarehousePortal.tsx [Client Component Browser]
    ./src/app/page.tsx [Client Component Browser]
    ./src/app/page.tsx [Server Component]
    ./src/app/admin/page.tsx [Server Component]

  Client Component SSR:
    ./src/components/portals/shared/stock-batch-health.tsx [Client Component SSR]
    ./src/components/portals/warehouse/sections/stocks/stocks-view.tsx [Client Component SSR]
    ./src/components/portals/warehouse/WarehousePortal.tsx [Client Component SSR]
    ./src/app/page.tsx [Client Component SSR]
    ./src/app/page.tsx [Server Component]
    ./src/app/admin/page.tsx [Server Component] @ https://localhost:3000/_next/static/chunks/node_modules_next_dist_f3530cac._.js:3127
[ 5724930ms] [ERROR] ./src/components/portals/shared/stock-batch-health.tsx:3:8
Parsing ecmascript source code failed
  1 | import { Badge } from '@/components/ui/badge'
  2 | import {
> 3 | import { cn } from '@/lib/utils'
    |        ^
  4 | import { FILTER_SELECT_CLASS } from './filter-select'
  5 |   CRITICAL_MAX_DAYS_LEFT,
  6 |   EXPIRING_SOON_MAX_DAYS_LEFT,

Expected ',', got '{'

Import traces:
  Client Component Browser:
    ./src/components/portals/shared/stock-batch-health.tsx [Client Component Browser]
    ./src/components/portals/warehouse/sections/stocks/stocks-view.tsx [Client Component Browser]
    ./src/components/portals/warehouse/WarehousePortal.tsx [Client Component Browser]
    ./src/app/page.tsx [Client Component Browser]
    ./src/app/page.tsx [Server Component]
    ./src/app/admin/page.tsx [Server Component]

  Client Component SSR:
    ./src/components/portals/shared/stock-batch-health.tsx [Client Component SSR]
    ./src/components/portals/warehouse/sections/stocks/stocks-view.tsx [Client Component SSR]
    ./src/components/portals/warehouse/WarehousePortal.tsx [Client Component SSR]
    ./src/app/page.tsx [Client Component SSR]
    ./src/app/page.tsx [Server Component]
    ./src/app/admin/page.tsx [Server Component] @ https://localhost:3000/_next/static/chunks/node_modules_next_dist_f3530cac._.js:3127
[ 5724983ms] [ERROR] ./src/components/portals/shared/stock-batch-health.tsx:3:8
Parsing ecmascript source code failed
  1 | import { Badge } from '@/components/ui/badge'
  2 | import {
> 3 | import { cn } from '@/lib/utils'
    |        ^
  4 | import { FILTER_SELECT_CLASS } from './filter-select'
  5 |   CRITICAL_MAX_DAYS_LEFT,
  6 |   EXPIRING_SOON_MAX_DAYS_LEFT,

Expected ',', got '{'

Import traces:
  Client Component Browser:
    ./src/components/portals/shared/stock-batch-health.tsx [Client Component Browser]
    ./src/components/portals/warehouse/sections/stocks/stocks-view.tsx [Client Component Browser]
    ./src/components/portals/warehouse/WarehousePortal.tsx [Client Component Browser]
    ./src/app/page.tsx [Client Component Browser]
    ./src/app/page.tsx [Server Component]
    ./src/app/admin/page.tsx [Server Component]

  Client Component SSR:
    ./src/components/portals/shared/stock-batch-health.tsx [Client Component SSR]
    ./src/components/portals/warehouse/sections/stocks/stocks-view.tsx [Client Component SSR]
    ./src/components/portals/warehouse/WarehousePortal.tsx [Client Component SSR]
    ./src/app/page.tsx [Client Component SSR]
    ./src/app/page.tsx [Server Component]
    ./src/app/admin/page.tsx [Server Component] @ https://localhost:3000/_next/static/chunks/node_modules_next_dist_f3530cac._.js:3127
[ 5725050ms] [ERROR] ./src/components/portals/shared/stock-batch-health.tsx:3:8
Parsing ecmascript source code failed
  1 | import { Badge } from '@/components/ui/badge'
  2 | import {
> 3 | import { cn } from '@/lib/utils'
    |        ^
  4 | import { FILTER_SELECT_CLASS } from './filter-select'
  5 |   CRITICAL_MAX_DAYS_LEFT,
  6 |   EXPIRING_SOON_MAX_DAYS_LEFT,

Expected ',', got '{'

Import traces:
  Client Component Browser:
    ./src/components/portals/shared/stock-batch-health.tsx [Client Component Browser]
    ./src/components/portals/warehouse/sections/stocks/stocks-view.tsx [Client Component Browser]
    ./src/components/portals/warehouse/WarehousePortal.tsx [Client Component Browser]
    ./src/app/page.tsx [Client Component Browser]
    ./src/app/page.tsx [Server Component]
    ./src/app/admin/page.tsx [Server Component]

  Client Component SSR:
    ./src/components/portals/shared/stock-batch-health.tsx [Client Component SSR]
    ./src/components/portals/warehouse/sections/stocks/stocks-view.tsx [Client Component SSR]
    ./src/components/portals/warehouse/WarehousePortal.tsx [Client Component SSR]
    ./src/app/page.tsx [Client Component SSR]
    ./src/app/page.tsx [Server Component]
    ./src/app/admin/page.tsx [Server Component] @ https://localhost:3000/_next/static/chunks/node_modules_next_dist_f3530cac._.js:3127
[ 5725108ms] [ERROR] ./src/components/portals/shared/stock-batch-health.tsx:3:8
Parsing ecmascript source code failed
  1 | import { Badge } from '@/components/ui/badge'
  2 | import {
> 3 | import { cn } from '@/lib/utils'
    |        ^
  4 | import { FILTER_SELECT_CLASS } from './filter-select'
  5 |   CRITICAL_MAX_DAYS_LEFT,
  6 |   EXPIRING_SOON_MAX_DAYS_LEFT,

Expected ',', got '{'

Import traces:
  Client Component Browser:
    ./src/components/portals/shared/stock-batch-health.tsx [Client Component Browser]
    ./src/components/portals/warehouse/sections/stocks/stocks-view.tsx [Client Component Browser]
    ./src/components/portals/warehouse/WarehousePortal.tsx [Client Component Browser]
    ./src/app/page.tsx [Client Component Browser]
    ./src/app/page.tsx [Server Component]
    ./src/app/admin/page.tsx [Server Component]

  Client Component SSR:
    ./src/components/portals/shared/stock-batch-health.tsx [Client Component SSR]
    ./src/components/portals/warehouse/sections/stocks/stocks-view.tsx [Client Component SSR]
    ./src/components/portals/warehouse/WarehousePortal.tsx [Client Component SSR]
    ./src/app/page.tsx [Client Component SSR]
    ./src/app/page.tsx [Server Component]
    ./src/app/admin/page.tsx [Server Component] @ https://localhost:3000/_next/static/chunks/node_modules_next_dist_f3530cac._.js:3127
[ 5725164ms] [ERROR] ./src/components/portals/shared/stock-batch-health.tsx:3:8
Parsing ecmascript source code failed
  1 | import { Badge } from '@/components/ui/badge'
  2 | import {
> 3 | import { cn } from '@/lib/utils'
    |        ^
  4 | import { FILTER_SELECT_CLASS } from './filter-select'
  5 |   CRITICAL_MAX_DAYS_LEFT,
  6 |   EXPIRING_SOON_MAX_DAYS_LEFT,

Expected ',', got '{'

Import traces:
  Client Component Browser:
    ./src/components/portals/shared/stock-batch-health.tsx [Client Component Browser]
    ./src/components/portals/warehouse/sections/stocks/stocks-view.tsx [Client Component Browser]
    ./src/components/portals/warehouse/WarehousePortal.tsx [Client Component Browser]
    ./src/app/page.tsx [Client Component Browser]
    ./src/app/page.tsx [Server Component]
    ./src/app/admin/page.tsx [Server Component]

  Client Component SSR:
    ./src/components/portals/shared/stock-batch-health.tsx [Client Component SSR]
    ./src/components/portals/warehouse/sections/stocks/stocks-view.tsx [Client Component SSR]
    ./src/components/portals/warehouse/WarehousePortal.tsx [Client Component SSR]
    ./src/app/page.tsx [Client Component SSR]
    ./src/app/page.tsx [Server Component]
    ./src/app/admin/page.tsx [Server Component] @ https://localhost:3000/_next/static/chunks/node_modules_next_dist_f3530cac._.js:3127
[ 5725220ms] [ERROR] ./src/components/portals/shared/stock-batch-health.tsx:3:8
Parsing ecmascript source code failed
  1 | import { Badge } from '@/components/ui/badge'
  2 | import {
> 3 | import { cn } from '@/lib/utils'
    |        ^
  4 | import { FILTER_SELECT_CLASS } from './filter-select'
  5 |   CRITICAL_MAX_DAYS_LEFT,
  6 |   EXPIRING_SOON_MAX_DAYS_LEFT,

Expected ',', got '{'

Import traces:
  Client Component Browser:
    ./src/components/portals/shared/stock-batch-health.tsx [Client Component Browser]
    ./src/components/portals/warehouse/sections/stocks/stocks-view.tsx [Client Component Browser]
    ./src/components/portals/warehouse/WarehousePortal.tsx [Client Component Browser]
    ./src/app/page.tsx [Client Component Browser]
    ./src/app/page.tsx [Server Component]
    ./src/app/admin/page.tsx [Server Component]

  Client Component SSR:
    ./src/components/portals/shared/stock-batch-health.tsx [Client Component SSR]
    ./src/components/portals/warehouse/sections/stocks/stocks-view.tsx [Client Component SSR]
    ./src/components/portals/warehouse/WarehousePortal.tsx [Client Component SSR]
    ./src/app/page.tsx [Client Component SSR]
    ./src/app/page.tsx [Server Component]
    ./src/app/admin/page.tsx [Server Component] @ https://localhost:3000/_next/static/chunks/node_modules_next_dist_f3530cac._.js:3127
[ 5725280ms] [ERROR] ./src/components/portals/shared/stock-batch-health.tsx:3:8
Parsing ecmascript source code failed
  1 | import { Badge } from '@/components/ui/badge'
  2 | import {
> 3 | import { cn } from '@/lib/utils'
    |        ^
  4 | import { FILTER_SELECT_CLASS } from './filter-select'
  5 |   CRITICAL_MAX_DAYS_LEFT,
  6 |   EXPIRING_SOON_MAX_DAYS_LEFT,

Expected ',', got '{'

Import traces:
  Client Component Browser:
    ./src/components/portals/shared/stock-batch-health.tsx [Client Component Browser]
    ./src/components/portals/warehouse/sections/stocks/stocks-view.tsx [Client Component Browser]
    ./src/components/portals/warehouse/WarehousePortal.tsx [Client Component Browser]
    ./src/app/page.tsx [Client Component Browser]
    ./src/app/page.tsx [Server Component]
    ./src/app/admin/page.tsx [Server Component]

  Client Component SSR:
    ./src/components/portals/shared/stock-batch-health.tsx [Client Component SSR]
    ./src/components/portals/warehouse/sections/stocks/stocks-view.tsx [Client Component SSR]
    ./src/components/portals/warehouse/WarehousePortal.tsx [Client Component SSR]
    ./src/app/page.tsx [Client Component SSR]
    ./src/app/page.tsx [Server Component]
    ./src/app/admin/page.tsx [Server Component] @ https://localhost:3000/_next/static/chunks/node_modules_next_dist_f3530cac._.js:3127
[ 5725337ms] [ERROR] ./src/components/portals/shared/stock-batch-health.tsx:3:8
Parsing ecmascript source code failed
  1 | import { Badge } from '@/components/ui/badge'
  2 | import {
> 3 | import { cn } from '@/lib/utils'
    |        ^
  4 | import { FILTER_SELECT_CLASS } from './filter-select'
  5 |   CRITICAL_MAX_DAYS_LEFT,
  6 |   EXPIRING_SOON_MAX_DAYS_LEFT,

Expected ',', got '{'

Import traces:
  Client Component Browser:
    ./src/components/portals/shared/stock-batch-health.tsx [Client Component Browser]
    ./src/components/portals/warehouse/sections/stocks/stocks-view.tsx [Client Component Browser]
    ./src/components/portals/warehouse/WarehousePortal.tsx [Client Component Browser]
    ./src/app/page.tsx [Client Component Browser]
    ./src/app/page.tsx [Server Component]
    ./src/app/admin/page.tsx [Server Component]

  Client Component SSR:
    ./src/components/portals/shared/stock-batch-health.tsx [Client Component SSR]
    ./src/components/portals/warehouse/sections/stocks/stocks-view.tsx [Client Component SSR]
    ./src/components/portals/warehouse/WarehousePortal.tsx [Client Component SSR]
    ./src/app/page.tsx [Client Component SSR]
    ./src/app/page.tsx [Server Component]
    ./src/app/admin/page.tsx [Server Component] @ https://localhost:3000/_next/static/chunks/node_modules_next_dist_f3530cac._.js:3127
[ 5725401ms] [ERROR] ./src/components/portals/shared/stock-batch-health.tsx:3:8
Parsing ecmascript source code failed
  1 | import { Badge } from '@/components/ui/badge'
  2 | import {
> 3 | import { cn } from '@/lib/utils'
    |        ^
  4 | import { FILTER_SELECT_CLASS } from './filter-select'
  5 |   CRITICAL_MAX_DAYS_LEFT,
  6 |   EXPIRING_SOON_MAX_DAYS_LEFT,

Expected ',', got '{'

Import traces:
  Client Component Browser:
    ./src/components/portals/shared/stock-batch-health.tsx [Client Component Browser]
    ./src/components/portals/warehouse/sections/stocks/stocks-view.tsx [Client Component Browser]
    ./src/components/portals/warehouse/WarehousePortal.tsx [Client Component Browser]
    ./src/app/page.tsx [Client Component Browser]
    ./src/app/page.tsx [Server Component]
    ./src/app/admin/page.tsx [Server Component]

  Client Component SSR:
    ./src/components/portals/shared/stock-batch-health.tsx [Client Component SSR]
    ./src/components/portals/warehouse/sections/stocks/stocks-view.tsx [Client Component SSR]
    ./src/components/portals/warehouse/WarehousePortal.tsx [Client Component SSR]
    ./src/app/page.tsx [Client Component SSR]
    ./src/app/page.tsx [Server Component]
    ./src/app/admin/page.tsx [Server Component] @ https://localhost:3000/_next/static/chunks/node_modules_next_dist_f3530cac._.js:3127
[ 5725454ms] [ERROR] ./src/components/portals/shared/stock-batch-health.tsx:3:8
Parsing ecmascript source code failed
  1 | import { Badge } from '@/components/ui/badge'
  2 | import {
> 3 | import { cn } from '@/lib/utils'
    |        ^
  4 | import { FILTER_SELECT_CLASS } from './filter-select'
  5 |   CRITICAL_MAX_DAYS_LEFT,
  6 |   EXPIRING_SOON_MAX_DAYS_LEFT,

Expected ',', got '{'

Import traces:
  Client Component Browser:
    ./src/components/portals/shared/stock-batch-health.tsx [Client Component Browser]
    ./src/components/portals/warehouse/sections/stocks/stocks-view.tsx [Client Component Browser]
    ./src/components/portals/warehouse/WarehousePortal.tsx [Client Component Browser]
    ./src/app/page.tsx [Client Component Browser]
    ./src/app/page.tsx [Server Component]
    ./src/app/admin/page.tsx [Server Component]

  Client Component SSR:
    ./src/components/portals/shared/stock-batch-health.tsx [Client Component SSR]
    ./src/components/portals/warehouse/sections/stocks/stocks-view.tsx [Client Component SSR]
    ./src/components/portals/warehouse/WarehousePortal.tsx [Client Component SSR]
    ./src/app/page.tsx [Client Component SSR]
    ./src/app/page.tsx [Server Component]
    ./src/app/admin/page.tsx [Server Component] @ https://localhost:3000/_next/static/chunks/node_modules_next_dist_f3530cac._.js:3127
[ 5725502ms] [ERROR] ./src/components/portals/shared/stock-batch-health.tsx:3:8
Parsing ecmascript source code failed
  1 | import { Badge } from '@/components/ui/badge'
  2 | import {
> 3 | import { cn } from '@/lib/utils'
    |        ^
  4 | import { FILTER_SELECT_CLASS } from './filter-select'
  5 |   CRITICAL_MAX_DAYS_LEFT,
  6 |   EXPIRING_SOON_MAX_DAYS_LEFT,

Expected ',', got '{'

Import traces:
  Client Component Browser:
    ./src/components/portals/shared/stock-batch-health.tsx [Client Component Browser]
    ./src/components/portals/warehouse/sections/stocks/stocks-view.tsx [Client Component Browser]
    ./src/components/portals/warehouse/WarehousePortal.tsx [Client Component Browser]
    ./src/app/page.tsx [Client Component Browser]
    ./src/app/page.tsx [Server Component]
    ./src/app/admin/page.tsx [Server Component]

  Client Component SSR:
    ./src/components/portals/shared/stock-batch-health.tsx [Client Component SSR]
    ./src/components/portals/warehouse/sections/stocks/stocks-view.tsx [Client Component SSR]
    ./src/components/portals/warehouse/WarehousePortal.tsx [Client Component SSR]
    ./src/app/page.tsx [Client Component SSR]
    ./src/app/page.tsx [Server Component]
    ./src/app/admin/page.tsx [Server Component] @ https://localhost:3000/_next/static/chunks/node_modules_next_dist_f3530cac._.js:3127
[ 5725552ms] [ERROR] ./src/components/portals/shared/stock-batch-health.tsx:3:8
Parsing ecmascript source code failed
  1 | import { Badge } from '@/components/ui/badge'
  2 | import {
> 3 | import { cn } from '@/lib/utils'
    |        ^
  4 | import { FILTER_SELECT_CLASS } from './filter-select'
  5 |   CRITICAL_MAX_DAYS_LEFT,
  6 |   EXPIRING_SOON_MAX_DAYS_LEFT,

Expected ',', got '{'

Import traces:
  Client Component Browser:
    ./src/components/portals/shared/stock-batch-health.tsx [Client Component Browser]
    ./src/components/portals/warehouse/sections/stocks/stocks-view.tsx [Client Component Browser]
    ./src/components/portals/warehouse/WarehousePortal.tsx [Client Component Browser]
    ./src/app/page.tsx [Client Component Browser]
    ./src/app/page.tsx [Server Component]
    ./src/app/admin/page.tsx [Server Component]

  Client Component SSR:
    ./src/components/portals/shared/stock-batch-health.tsx [Client Component SSR]
    ./src/components/portals/warehouse/sections/stocks/stocks-view.tsx [Client Component SSR]
    ./src/components/portals/warehouse/WarehousePortal.tsx [Client Component SSR]
    ./src/app/page.tsx [Client Component SSR]
    ./src/app/page.tsx [Server Component]
    ./src/app/admin/page.tsx [Server Component] @ https://localhost:3000/_next/static/chunks/node_modules_next_dist_f3530cac._.js:3127
[ 5725604ms] [ERROR] ./src/components/portals/shared/stock-batch-health.tsx:3:8
Parsing ecmascript source code failed
  1 | import { Badge } from '@/components/ui/badge'
  2 | import {
> 3 | import { cn } from '@/lib/utils'
    |        ^
  4 | import { FILTER_SELECT_CLASS } from './filter-select'
  5 |   CRITICAL_MAX_DAYS_LEFT,
  6 |   EXPIRING_SOON_MAX_DAYS_LEFT,

Expected ',', got '{'

Import traces:
  Client Component Browser:
    ./src/components/portals/shared/stock-batch-health.tsx [Client Component Browser]
    ./src/components/portals/warehouse/sections/stocks/stocks-view.tsx [Client Component Browser]
    ./src/components/portals/warehouse/WarehousePortal.tsx [Client Component Browser]
    ./src/app/page.tsx [Client Component Browser]
    ./src/app/page.tsx [Server Component]
    ./src/app/admin/page.tsx [Server Component]

  Client Component SSR:
    ./src/components/portals/shared/stock-batch-health.tsx [Client Component SSR]
    ./src/components/portals/warehouse/sections/stocks/stocks-view.tsx [Client Component SSR]
    ./src/components/portals/warehouse/WarehousePortal.tsx [Client Component SSR]
    ./src/app/page.tsx [Client Component SSR]
    ./src/app/page.tsx [Server Component]
    ./src/app/admin/page.tsx [Server Component] @ https://localhost:3000/_next/static/chunks/node_modules_next_dist_f3530cac._.js:3127
[ 5725654ms] [ERROR] ./src/components/portals/shared/stock-batch-health.tsx:3:8
Parsing ecmascript source code failed
  1 | import { Badge } from '@/components/ui/badge'
  2 | import {
> 3 | import { cn } from '@/lib/utils'
    |        ^
  4 | import { FILTER_SELECT_CLASS } from './filter-select'
  5 |   CRITICAL_MAX_DAYS_LEFT,
  6 |   EXPIRING_SOON_MAX_DAYS_LEFT,

Expected ',', got '{'

Import traces:
  Client Component Browser:
    ./src/components/portals/shared/stock-batch-health.tsx [Client Component Browser]
    ./src/components/portals/warehouse/sections/stocks/stocks-view.tsx [Client Component Browser]
    ./src/components/portals/warehouse/WarehousePortal.tsx [Client Component Browser]
    ./src/app/page.tsx [Client Component Browser]
    ./src/app/page.tsx [Server Component]
    ./src/app/admin/page.tsx [Server Component]

  Client Component SSR:
    ./src/components/portals/shared/stock-batch-health.tsx [Client Component SSR]
    ./src/components/portals/warehouse/sections/stocks/stocks-view.tsx [Client Component SSR]
    ./src/components/portals/warehouse/WarehousePortal.tsx [Client Component SSR]
    ./src/app/page.tsx [Client Component SSR]
    ./src/app/page.tsx [Server Component]
    ./src/app/admin/page.tsx [Server Component] @ https://localhost:3000/_next/static/chunks/node_modules_next_dist_f3530cac._.js:3127
[ 5725712ms] [ERROR] ./src/components/portals/shared/stock-batch-health.tsx:3:8
Parsing ecmascript source code failed
  1 | import { Badge } from '@/components/ui/badge'
  2 | import {
> 3 | import { cn } from '@/lib/utils'
    |        ^
  4 | import { FILTER_SELECT_CLASS } from './filter-select'
  5 |   CRITICAL_MAX_DAYS_LEFT,
  6 |   EXPIRING_SOON_MAX_DAYS_LEFT,

Expected ',', got '{'

Import traces:
  Client Component Browser:
    ./src/components/portals/shared/stock-batch-health.tsx [Client Component Browser]
    ./src/components/portals/warehouse/sections/stocks/stocks-view.tsx [Client Component Browser]
    ./src/components/portals/warehouse/WarehousePortal.tsx [Client Component Browser]
    ./src/app/page.tsx [Client Component Browser]
    ./src/app/page.tsx [Server Component]
    ./src/app/admin/page.tsx [Server Component]

  Client Component SSR:
    ./src/components/portals/shared/stock-batch-health.tsx [Client Component SSR]
    ./src/components/portals/warehouse/sections/stocks/stocks-view.tsx [Client Component SSR]
    ./src/components/portals/warehouse/WarehousePortal.tsx [Client Component SSR]
    ./src/app/page.tsx [Client Component SSR]
    ./src/app/page.tsx [Server Component]
    ./src/app/admin/page.tsx [Server Component] @ https://localhost:3000/_next/static/chunks/node_modules_next_dist_f3530cac._.js:3127
[ 5725760ms] [ERROR] ./src/components/portals/shared/stock-batch-health.tsx:3:8
Parsing ecmascript source code failed
  1 | import { Badge } from '@/components/ui/badge'
  2 | import {
> 3 | import { cn } from '@/lib/utils'
    |        ^
  4 | import { FILTER_SELECT_CLASS } from './filter-select'
  5 |   CRITICAL_MAX_DAYS_LEFT,
  6 |   EXPIRING_SOON_MAX_DAYS_LEFT,

Expected ',', got '{'

Import traces:
  Client Component Browser:
    ./src/components/portals/shared/stock-batch-health.tsx [Client Component Browser]
    ./src/components/portals/warehouse/sections/stocks/stocks-view.tsx [Client Component Browser]
    ./src/components/portals/warehouse/WarehousePortal.tsx [Client Component Browser]
    ./src/app/page.tsx [Client Component Browser]
    ./src/app/page.tsx [Server Component]
    ./src/app/admin/page.tsx [Server Component]

  Client Component SSR:
    ./src/components/portals/shared/stock-batch-health.tsx [Client Component SSR]
    ./src/components/portals/warehouse/sections/stocks/stocks-view.tsx [Client Component SSR]
    ./src/components/portals/warehouse/WarehousePortal.tsx [Client Component SSR]
    ./src/app/page.tsx [Client Component SSR]
    ./src/app/page.tsx [Server Component]
    ./src/app/admin/page.tsx [Server Component] @ https://localhost:3000/_next/static/chunks/node_modules_next_dist_f3530cac._.js:3127
[ 5725805ms] [ERROR] ./src/components/portals/shared/stock-batch-health.tsx:3:8
Parsing ecmascript source code failed
  1 | import { Badge } from '@/components/ui/badge'
  2 | import {
> 3 | import { cn } from '@/lib/utils'
    |        ^
  4 | import { FILTER_SELECT_CLASS } from './filter-select'
  5 |   CRITICAL_MAX_DAYS_LEFT,
  6 |   EXPIRING_SOON_MAX_DAYS_LEFT,

Expected ',', got '{'

Import traces:
  Client Component Browser:
    ./src/components/portals/shared/stock-batch-health.tsx [Client Component Browser]
    ./src/components/portals/warehouse/sections/stocks/stocks-view.tsx [Client Component Browser]
    ./src/components/portals/warehouse/WarehousePortal.tsx [Client Component Browser]
    ./src/app/page.tsx [Client Component Browser]
    ./src/app/page.tsx [Server Component]
    ./src/app/admin/page.tsx [Server Component]

  Client Component SSR:
    ./src/components/portals/shared/stock-batch-health.tsx [Client Component SSR]
    ./src/components/portals/warehouse/sections/stocks/stocks-view.tsx [Client Component SSR]
    ./src/components/portals/warehouse/WarehousePortal.tsx [Client Component SSR]
    ./src/app/page.tsx [Client Component SSR]
    ./src/app/page.tsx [Server Component]
    ./src/app/admin/page.tsx [Server Component] @ https://localhost:3000/_next/static/chunks/node_modules_next_dist_f3530cac._.js:3127
[ 5725869ms] [ERROR] ./src/components/portals/shared/stock-batch-health.tsx:3:8
Parsing ecmascript source code failed
  1 | import { Badge } from '@/components/ui/badge'
  2 | import {
> 3 | import { cn } from '@/lib/utils'
    |        ^
  4 | import { FILTER_SELECT_CLASS } from './filter-select'
  5 |   CRITICAL_MAX_DAYS_LEFT,
  6 |   EXPIRING_SOON_MAX_DAYS_LEFT,

Expected ',', got '{'

Import traces:
  Client Component Browser:
    ./src/components/portals/shared/stock-batch-health.tsx [Client Component Browser]
    ./src/components/portals/warehouse/sections/stocks/stocks-view.tsx [Client Component Browser]
    ./src/components/portals/warehouse/WarehousePortal.tsx [Client Component Browser]
    ./src/app/page.tsx [Client Component Browser]
    ./src/app/page.tsx [Server Component]
    ./src/app/admin/page.tsx [Server Component]

  Client Component SSR:
    ./src/components/portals/shared/stock-batch-health.tsx [Client Component SSR]
    ./src/components/portals/warehouse/sections/stocks/stocks-view.tsx [Client Component SSR]
    ./src/components/portals/warehouse/WarehousePortal.tsx [Client Component SSR]
    ./src/app/page.tsx [Client Component SSR]
    ./src/app/page.tsx [Server Component]
    ./src/app/admin/page.tsx [Server Component] @ https://localhost:3000/_next/static/chunks/node_modules_next_dist_f3530cac._.js:3127
[ 5725936ms] [ERROR] ./src/components/portals/shared/stock-batch-health.tsx:3:8
Parsing ecmascript source code failed
  1 | import { Badge } from '@/components/ui/badge'
  2 | import {
> 3 | import { cn } from '@/lib/utils'
    |        ^
  4 | import { FILTER_SELECT_CLASS } from './filter-select'
  5 |   CRITICAL_MAX_DAYS_LEFT,
  6 |   EXPIRING_SOON_MAX_DAYS_LEFT,

Expected ',', got '{'

Import traces:
  Client Component Browser:
    ./src/components/portals/shared/stock-batch-health.tsx [Client Component Browser]
    ./src/components/portals/warehouse/sections/stocks/stocks-view.tsx [Client Component Browser]
    ./src/components/portals/warehouse/WarehousePortal.tsx [Client Component Browser]
    ./src/app/page.tsx [Client Component Browser]
    ./src/app/page.tsx [Server Component]
    ./src/app/admin/page.tsx [Server Component]

  Client Component SSR:
    ./src/components/portals/shared/stock-batch-health.tsx [Client Component SSR]
    ./src/components/portals/warehouse/sections/stocks/stocks-view.tsx [Client Component SSR]
    ./src/components/portals/warehouse/WarehousePortal.tsx [Client Component SSR]
    ./src/app/page.tsx [Client Component SSR]
    ./src/app/page.tsx [Server Component]
    ./src/app/admin/page.tsx [Server Component] @ https://localhost:3000/_next/static/chunks/node_modules_next_dist_f3530cac._.js:3127
[ 5726002ms] [ERROR] ./src/components/portals/shared/stock-batch-health.tsx:3:8
Parsing ecmascript source code failed
  1 | import { Badge } from '@/components/ui/badge'
  2 | import {
> 3 | import { cn } from '@/lib/utils'
    |        ^
  4 | import { FILTER_SELECT_CLASS } from './filter-select'
  5 |   CRITICAL_MAX_DAYS_LEFT,
  6 |   EXPIRING_SOON_MAX_DAYS_LEFT,

Expected ',', got '{'

Import traces:
  Client Component Browser:
    ./src/components/portals/shared/stock-batch-health.tsx [Client Component Browser]
    ./src/components/portals/warehouse/sections/stocks/stocks-view.tsx [Client Component Browser]
    ./src/components/portals/warehouse/WarehousePortal.tsx [Client Component Browser]
    ./src/app/page.tsx [Client Component Browser]
    ./src/app/page.tsx [Server Component]
    ./src/app/admin/page.tsx [Server Component]

  Client Component SSR:
    ./src/components/portals/shared/stock-batch-health.tsx [Client Component SSR]
    ./src/components/portals/warehouse/sections/stocks/stocks-view.tsx [Client Component SSR]
    ./src/components/portals/warehouse/WarehousePortal.tsx [Client Component SSR]
    ./src/app/page.tsx [Client Component SSR]
    ./src/app/page.tsx [Server Component]
    ./src/app/admin/page.tsx [Server Component] @ https://localhost:3000/_next/static/chunks/node_modules_next_dist_f3530cac._.js:3127
[ 5726070ms] [ERROR] ./src/components/portals/shared/stock-batch-health.tsx:3:8
Parsing ecmascript source code failed
  1 | import { Badge } from '@/components/ui/badge'
  2 | import {
> 3 | import { cn } from '@/lib/utils'
    |        ^
  4 | import { FILTER_SELECT_CLASS } from './filter-select'
  5 |   CRITICAL_MAX_DAYS_LEFT,
  6 |   EXPIRING_SOON_MAX_DAYS_LEFT,

Expected ',', got '{'

Import traces:
  Client Component Browser:
    ./src/components/portals/shared/stock-batch-health.tsx [Client Component Browser]
    ./src/components/portals/warehouse/sections/stocks/stocks-view.tsx [Client Component Browser]
    ./src/components/portals/warehouse/WarehousePortal.tsx [Client Component Browser]
    ./src/app/page.tsx [Client Component Browser]
    ./src/app/page.tsx [Server Component]
    ./src/app/admin/page.tsx [Server Component]

  Client Component SSR:
    ./src/components/portals/shared/stock-batch-health.tsx [Client Component SSR]
    ./src/components/portals/warehouse/sections/stocks/stocks-view.tsx [Client Component SSR]
    ./src/components/portals/warehouse/WarehousePortal.tsx [Client Component SSR]
    ./src/app/page.tsx [Client Component SSR]
    ./src/app/page.tsx [Server Component]
    ./src/app/admin/page.tsx [Server Component] @ https://localhost:3000/_next/static/chunks/node_modules_next_dist_f3530cac._.js:3127
[ 5726138ms] [ERROR] ./src/components/portals/shared/stock-batch-health.tsx:3:8
Parsing ecmascript source code failed
  1 | import { Badge } from '@/components/ui/badge'
  2 | import {
> 3 | import { cn } from '@/lib/utils'
    |        ^
  4 | import { FILTER_SELECT_CLASS } from './filter-select'
  5 |   CRITICAL_MAX_DAYS_LEFT,
  6 |   EXPIRING_SOON_MAX_DAYS_LEFT,

Expected ',', got '{'

Import traces:
  Client Component Browser:
    ./src/components/portals/shared/stock-batch-health.tsx [Client Component Browser]
    ./src/components/portals/warehouse/sections/stocks/stocks-view.tsx [Client Component Browser]
    ./src/components/portals/warehouse/WarehousePortal.tsx [Client Component Browser]
    ./src/app/page.tsx [Client Component Browser]
    ./src/app/page.tsx [Server Component]
    ./src/app/admin/page.tsx [Server Component]

  Client Component SSR:
    ./src/components/portals/shared/stock-batch-health.tsx [Client Component SSR]
    ./src/components/portals/warehouse/sections/stocks/stocks-view.tsx [Client Component SSR]
    ./src/components/portals/warehouse/WarehousePortal.tsx [Client Component SSR]
    ./src/app/page.tsx [Client Component SSR]
    ./src/app/page.tsx [Server Component]
    ./src/app/admin/page.tsx [Server Component] @ https://localhost:3000/_next/static/chunks/node_modules_next_dist_f3530cac._.js:3127
[ 5726201ms] [ERROR] ./src/components/portals/shared/stock-batch-health.tsx:3:8
Parsing ecmascript source code failed
  1 | import { Badge } from '@/components/ui/badge'
  2 | import {
> 3 | import { cn } from '@/lib/utils'
    |        ^
  4 | import { FILTER_SELECT_CLASS } from './filter-select'
  5 |   CRITICAL_MAX_DAYS_LEFT,
  6 |   EXPIRING_SOON_MAX_DAYS_LEFT,

Expected ',', got '{'

Import traces:
  Client Component Browser:
    ./src/components/portals/shared/stock-batch-health.tsx [Client Component Browser]
    ./src/components/portals/warehouse/sections/stocks/stocks-view.tsx [Client Component Browser]
    ./src/components/portals/warehouse/WarehousePortal.tsx [Client Component Browser]
    ./src/app/page.tsx [Client Component Browser]
    ./src/app/page.tsx [Server Component]
    ./src/app/admin/page.tsx [Server Component]

  Client Component SSR:
    ./src/components/portals/shared/stock-batch-health.tsx [Client Component SSR]
    ./src/components/portals/warehouse/sections/stocks/stocks-view.tsx [Client Component SSR]
    ./src/components/portals/warehouse/WarehousePortal.tsx [Client Component SSR]
    ./src/app/page.tsx [Client Component SSR]
    ./src/app/page.tsx [Server Component]
    ./src/app/admin/page.tsx [Server Component] @ https://localhost:3000/_next/static/chunks/node_modules_next_dist_f3530cac._.js:3127
[ 5726271ms] [ERROR] ./src/components/portals/shared/stock-batch-health.tsx:3:8
Parsing ecmascript source code failed
  1 | import { Badge } from '@/components/ui/badge'
  2 | import {
> 3 | import { cn } from '@/lib/utils'
    |        ^
  4 | import { FILTER_SELECT_CLASS } from './filter-select'
  5 |   CRITICAL_MAX_DAYS_LEFT,
  6 |   EXPIRING_SOON_MAX_DAYS_LEFT,

Expected ',', got '{'

Import traces:
  Client Component Browser:
    ./src/components/portals/shared/stock-batch-health.tsx [Client Component Browser]
    ./src/components/portals/warehouse/sections/stocks/stocks-view.tsx [Client Component Browser]
    ./src/components/portals/warehouse/WarehousePortal.tsx [Client Component Browser]
    ./src/app/page.tsx [Client Component Browser]
    ./src/app/page.tsx [Server Component]
    ./src/app/admin/page.tsx [Server Component]

  Client Component SSR:
    ./src/components/portals/shared/stock-batch-health.tsx [Client Component SSR]
    ./src/components/portals/warehouse/sections/stocks/stocks-view.tsx [Client Component SSR]
    ./src/components/portals/warehouse/WarehousePortal.tsx [Client Component SSR]
    ./src/app/page.tsx [Client Component SSR]
    ./src/app/page.tsx [Server Component]
    ./src/app/admin/page.tsx [Server Component] @ https://localhost:3000/_next/static/chunks/node_modules_next_dist_f3530cac._.js:3127
[ 5726334ms] [ERROR] ./src/components/portals/shared/stock-batch-health.tsx:3:8
Parsing ecmascript source code failed
  1 | import { Badge } from '@/components/ui/badge'
  2 | import {
> 3 | import { cn } from '@/lib/utils'
    |        ^
  4 | import { FILTER_SELECT_CLASS } from './filter-select'
  5 |   CRITICAL_MAX_DAYS_LEFT,
  6 |   EXPIRING_SOON_MAX_DAYS_LEFT,

Expected ',', got '{'

Import traces:
  Client Component Browser:
    ./src/components/portals/shared/stock-batch-health.tsx [Client Component Browser]
    ./src/components/portals/warehouse/sections/stocks/stocks-view.tsx [Client Component Browser]
    ./src/components/portals/warehouse/WarehousePortal.tsx [Client Component Browser]
    ./src/app/page.tsx [Client Component Browser]
    ./src/app/page.tsx [Server Component]
    ./src/app/admin/page.tsx [Server Component]

  Client Component SSR:
    ./src/components/portals/shared/stock-batch-health.tsx [Client Component SSR]
    ./src/components/portals/warehouse/sections/stocks/stocks-view.tsx [Client Component SSR]
    ./src/components/portals/warehouse/WarehousePortal.tsx [Client Component SSR]
    ./src/app/page.tsx [Client Component SSR]
    ./src/app/page.tsx [Server Component]
    ./src/app/admin/page.tsx [Server Component] @ https://localhost:3000/_next/static/chunks/node_modules_next_dist_f3530cac._.js:3127
[ 5726398ms] [ERROR] ./src/components/portals/shared/stock-batch-health.tsx:3:8
Parsing ecmascript source code failed
  1 | import { Badge } from '@/components/ui/badge'
  2 | import {
> 3 | import { cn } from '@/lib/utils'
    |        ^
  4 | import { FILTER_SELECT_CLASS } from './filter-select'
  5 |   CRITICAL_MAX_DAYS_LEFT,
  6 |   EXPIRING_SOON_MAX_DAYS_LEFT,

Expected ',', got '{'

Import traces:
  Client Component Browser:
    ./src/components/portals/shared/stock-batch-health.tsx [Client Component Browser]
    ./src/components/portals/warehouse/sections/stocks/stocks-view.tsx [Client Component Browser]
    ./src/components/portals/warehouse/WarehousePortal.tsx [Client Component Browser]
    ./src/app/page.tsx [Client Component Browser]
    ./src/app/page.tsx [Server Component]
    ./src/app/admin/page.tsx [Server Component]

  Client Component SSR:
    ./src/components/portals/shared/stock-batch-health.tsx [Client Component SSR]
    ./src/components/portals/warehouse/sections/stocks/stocks-view.tsx [Client Component SSR]
    ./src/components/portals/warehouse/WarehousePortal.tsx [Client Component SSR]
    ./src/app/page.tsx [Client Component SSR]
    ./src/app/page.tsx [Server Component]
    ./src/app/admin/page.tsx [Server Component] @ https://localhost:3000/_next/static/chunks/node_modules_next_dist_f3530cac._.js:3127
[ 5726455ms] [ERROR] ./src/components/portals/shared/stock-batch-health.tsx:3:8
Parsing ecmascript source code failed
  1 | import { Badge } from '@/components/ui/badge'
  2 | import {
> 3 | import { cn } from '@/lib/utils'
    |        ^
  4 | import { FILTER_SELECT_CLASS } from './filter-select'
  5 |   CRITICAL_MAX_DAYS_LEFT,
  6 |   EXPIRING_SOON_MAX_DAYS_LEFT,

Expected ',', got '{'

Import traces:
  Client Component Browser:
    ./src/components/portals/shared/stock-batch-health.tsx [Client Component Browser]
    ./src/components/portals/warehouse/sections/stocks/stocks-view.tsx [Client Component Browser]
    ./src/components/portals/warehouse/WarehousePortal.tsx [Client Component Browser]
    ./src/app/page.tsx [Client Component Browser]
    ./src/app/page.tsx [Server Component]
    ./src/app/admin/page.tsx [Server Component]

  Client Component SSR:
    ./src/components/portals/shared/stock-batch-health.tsx [Client Component SSR]
    ./src/components/portals/warehouse/sections/stocks/stocks-view.tsx [Client Component SSR]
    ./src/components/portals/warehouse/WarehousePortal.tsx [Client Component SSR]
    ./src/app/page.tsx [Client Component SSR]
    ./src/app/page.tsx [Server Component]
    ./src/app/admin/page.tsx [Server Component] @ https://localhost:3000/_next/static/chunks/node_modules_next_dist_f3530cac._.js:3127
[ 5726520ms] [ERROR] ./src/components/portals/shared/stock-batch-health.tsx:3:8
Parsing ecmascript source code failed
  1 | import { Badge } from '@/components/ui/badge'
  2 | import {
> 3 | import { cn } from '@/lib/utils'
    |        ^
  4 | import { FILTER_SELECT_CLASS } from './filter-select'
  5 |   CRITICAL_MAX_DAYS_LEFT,
  6 |   EXPIRING_SOON_MAX_DAYS_LEFT,

Expected ',', got '{'

Import traces:
  Client Component Browser:
    ./src/components/portals/shared/stock-batch-health.tsx [Client Component Browser]
    ./src/components/portals/warehouse/sections/stocks/stocks-view.tsx [Client Component Browser]
    ./src/components/portals/warehouse/WarehousePortal.tsx [Client Component Browser]
    ./src/app/page.tsx [Client Component Browser]
    ./src/app/page.tsx [Server Component]
    ./src/app/admin/page.tsx [Server Component]

  Client Component SSR:
    ./src/components/portals/shared/stock-batch-health.tsx [Client Component SSR]
    ./src/components/portals/warehouse/sections/stocks/stocks-view.tsx [Client Component SSR]
    ./src/components/portals/warehouse/WarehousePortal.tsx [Client Component SSR]
    ./src/app/page.tsx [Client Component SSR]
    ./src/app/page.tsx [Server Component]
    ./src/app/admin/page.tsx [Server Component] @ https://localhost:3000/_next/static/chunks/node_modules_next_dist_f3530cac._.js:3127
[ 5726586ms] [ERROR] ./src/components/portals/shared/stock-batch-health.tsx:3:8
Parsing ecmascript source code failed
  1 | import { Badge } from '@/components/ui/badge'
  2 | import {
> 3 | import { cn } from '@/lib/utils'
    |        ^
  4 | import { FILTER_SELECT_CLASS } from './filter-select'
  5 |   CRITICAL_MAX_DAYS_LEFT,
  6 |   EXPIRING_SOON_MAX_DAYS_LEFT,

Expected ',', got '{'

Import traces:
  Client Component Browser:
    ./src/components/portals/shared/stock-batch-health.tsx [Client Component Browser]
    ./src/components/portals/warehouse/sections/stocks/stocks-view.tsx [Client Component Browser]
    ./src/components/portals/warehouse/WarehousePortal.tsx [Client Component Browser]
    ./src/app/page.tsx [Client Component Browser]
    ./src/app/page.tsx [Server Component]
    ./src/app/admin/page.tsx [Server Component]

  Client Component SSR:
    ./src/components/portals/shared/stock-batch-health.tsx [Client Component SSR]
    ./src/components/portals/warehouse/sections/stocks/stocks-view.tsx [Client Component SSR]
    ./src/components/portals/warehouse/WarehousePortal.tsx [Client Component SSR]
    ./src/app/page.tsx [Client Component SSR]
    ./src/app/page.tsx [Server Component]
    ./src/app/admin/page.tsx [Server Component] @ https://localhost:3000/_next/static/chunks/node_modules_next_dist_f3530cac._.js:3127
[ 5726654ms] [ERROR] ./src/components/portals/shared/stock-batch-health.tsx:3:8
Parsing ecmascript source code failed
  1 | import { Badge } from '@/components/ui/badge'
  2 | import {
> 3 | import { cn } from '@/lib/utils'
    |        ^
  4 | import { FILTER_SELECT_CLASS } from './filter-select'
  5 |   CRITICAL_MAX_DAYS_LEFT,
  6 |   EXPIRING_SOON_MAX_DAYS_LEFT,

Expected ',', got '{'

Import traces:
  Client Component Browser:
    ./src/components/portals/shared/stock-batch-health.tsx [Client Component Browser]
    ./src/components/portals/warehouse/sections/stocks/stocks-view.tsx [Client Component Browser]
    ./src/components/portals/warehouse/WarehousePortal.tsx [Client Component Browser]
    ./src/app/page.tsx [Client Component Browser]
    ./src/app/page.tsx [Server Component]
    ./src/app/admin/page.tsx [Server Component]

  Client Component SSR:
    ./src/components/portals/shared/stock-batch-health.tsx [Client Component SSR]
    ./src/components/portals/warehouse/sections/stocks/stocks-view.tsx [Client Component SSR]
    ./src/components/portals/warehouse/WarehousePortal.tsx [Client Component SSR]
    ./src/app/page.tsx [Client Component SSR]
    ./src/app/page.tsx [Server Component]
    ./src/app/admin/page.tsx [Server Component] @ https://localhost:3000/_next/static/chunks/node_modules_next_dist_f3530cac._.js:3127
[ 5726721ms] [ERROR] ./src/components/portals/shared/stock-batch-health.tsx:3:8
Parsing ecmascript source code failed
  1 | import { Badge } from '@/components/ui/badge'
  2 | import {
> 3 | import { cn } from '@/lib/utils'
    |        ^
  4 | import { FILTER_SELECT_CLASS } from './filter-select'
  5 |   CRITICAL_MAX_DAYS_LEFT,
  6 |   EXPIRING_SOON_MAX_DAYS_LEFT,

Expected ',', got '{'

Import traces:
  Client Component Browser:
    ./src/components/portals/shared/stock-batch-health.tsx [Client Component Browser]
    ./src/components/portals/warehouse/sections/stocks/stocks-view.tsx [Client Component Browser]
    ./src/components/portals/warehouse/WarehousePortal.tsx [Client Component Browser]
    ./src/app/page.tsx [Client Component Browser]
    ./src/app/page.tsx [Server Component]
    ./src/app/admin/page.tsx [Server Component]

  Client Component SSR:
    ./src/components/portals/shared/stock-batch-health.tsx [Client Component SSR]
    ./src/components/portals/warehouse/sections/stocks/stocks-view.tsx [Client Component SSR]
    ./src/components/portals/warehouse/WarehousePortal.tsx [Client Component SSR]
    ./src/app/page.tsx [Client Component SSR]
    ./src/app/page.tsx [Server Component]
    ./src/app/admin/page.tsx [Server Component] @ https://localhost:3000/_next/static/chunks/node_modules_next_dist_f3530cac._.js:3127
[ 5726785ms] [ERROR] ./src/components/portals/shared/stock-batch-health.tsx:3:8
Parsing ecmascript source code failed
  1 | import { Badge } from '@/components/ui/badge'
  2 | import {
> 3 | import { cn } from '@/lib/utils'
    |        ^
  4 | import { FILTER_SELECT_CLASS } from './filter-select'
  5 |   CRITICAL_MAX_DAYS_LEFT,
  6 |   EXPIRING_SOON_MAX_DAYS_LEFT,

Expected ',', got '{'

Import traces:
  Client Component Browser:
    ./src/components/portals/shared/stock-batch-health.tsx [Client Component Browser]
    ./src/components/portals/warehouse/sections/stocks/stocks-view.tsx [Client Component Browser]
    ./src/components/portals/warehouse/WarehousePortal.tsx [Client Component Browser]
    ./src/app/page.tsx [Client Component Browser]
    ./src/app/page.tsx [Server Component]
    ./src/app/admin/page.tsx [Server Component]

  Client Component SSR:
    ./src/components/portals/shared/stock-batch-health.tsx [Client Component SSR]
    ./src/components/portals/warehouse/sections/stocks/stocks-view.tsx [Client Component SSR]
    ./src/components/portals/warehouse/WarehousePortal.tsx [Client Component SSR]
    ./src/app/page.tsx [Client Component SSR]
    ./src/app/page.tsx [Server Component]
    ./src/app/admin/page.tsx [Server Component] @ https://localhost:3000/_next/static/chunks/node_modules_next_dist_f3530cac._.js:3127
[ 5726836ms] [ERROR] ./src/components/portals/shared/stock-batch-health.tsx:3:8
Parsing ecmascript source code failed
  1 | import { Badge } from '@/components/ui/badge'
  2 | import {
> 3 | import { cn } from '@/lib/utils'
    |        ^
  4 | import { FILTER_SELECT_CLASS } from './filter-select'
  5 |   CRITICAL_MAX_DAYS_LEFT,
  6 |   EXPIRING_SOON_MAX_DAYS_LEFT,

Expected ',', got '{'

Import traces:
  Client Component Browser:
    ./src/components/portals/shared/stock-batch-health.tsx [Client Component Browser]
    ./src/components/portals/warehouse/sections/stocks/stocks-view.tsx [Client Component Browser]
    ./src/components/portals/warehouse/WarehousePortal.tsx [Client Component Browser]
    ./src/app/page.tsx [Client Component Browser]
    ./src/app/page.tsx [Server Component]
    ./src/app/admin/page.tsx [Server Component]

  Client Component SSR:
    ./src/components/portals/shared/stock-batch-health.tsx [Client Component SSR]
    ./src/components/portals/warehouse/sections/stocks/stocks-view.tsx [Client Component SSR]
    ./src/components/portals/warehouse/WarehousePortal.tsx [Client Component SSR]
    ./src/app/page.tsx [Client Component SSR]
    ./src/app/page.tsx [Server Component]
    ./src/app/admin/page.tsx [Server Component] @ https://localhost:3000/_next/static/chunks/node_modules_next_dist_f3530cac._.js:3127
[ 5726902ms] [ERROR] ./src/components/portals/shared/stock-batch-health.tsx:3:8
Parsing ecmascript source code failed
  1 | import { Badge } from '@/components/ui/badge'
  2 | import {
> 3 | import { cn } from '@/lib/utils'
    |        ^
  4 | import { FILTER_SELECT_CLASS } from './filter-select'
  5 |   CRITICAL_MAX_DAYS_LEFT,
  6 |   EXPIRING_SOON_MAX_DAYS_LEFT,

Expected ',', got '{'

Import traces:
  Client Component Browser:
    ./src/components/portals/shared/stock-batch-health.tsx [Client Component Browser]
    ./src/components/portals/warehouse/sections/stocks/stocks-view.tsx [Client Component Browser]
    ./src/components/portals/warehouse/WarehousePortal.tsx [Client Component Browser]
    ./src/app/page.tsx [Client Component Browser]
    ./src/app/page.tsx [Server Component]
    ./src/app/admin/page.tsx [Server Component]

  Client Component SSR:
    ./src/components/portals/shared/stock-batch-health.tsx [Client Component SSR]
    ./src/components/portals/warehouse/sections/stocks/stocks-view.tsx [Client Component SSR]
    ./src/components/portals/warehouse/WarehousePortal.tsx [Client Component SSR]
    ./src/app/page.tsx [Client Component SSR]
    ./src/app/page.tsx [Server Component]
    ./src/app/admin/page.tsx [Server Component] @ https://localhost:3000/_next/static/chunks/node_modules_next_dist_f3530cac._.js:3127
[ 5726970ms] [ERROR] ./src/components/portals/shared/stock-batch-health.tsx:3:8
Parsing ecmascript source code failed
  1 | import { Badge } from '@/components/ui/badge'
  2 | import {
> 3 | import { cn } from '@/lib/utils'
    |        ^
  4 | import { FILTER_SELECT_CLASS } from './filter-select'
  5 |   CRITICAL_MAX_DAYS_LEFT,
  6 |   EXPIRING_SOON_MAX_DAYS_LEFT,

Expected ',', got '{'

Import traces:
  Client Component Browser:
    ./src/components/portals/shared/stock-batch-health.tsx [Client Component Browser]
    ./src/components/portals/warehouse/sections/stocks/stocks-view.tsx [Client Component Browser]
    ./src/components/portals/warehouse/WarehousePortal.tsx [Client Component Browser]
    ./src/app/page.tsx [Client Component Browser]
    ./src/app/page.tsx [Server Component]
    ./src/app/admin/page.tsx [Server Component]

  Client Component SSR:
    ./src/components/portals/shared/stock-batch-health.tsx [Client Component SSR]
    ./src/components/portals/warehouse/sections/stocks/stocks-view.tsx [Client Component SSR]
    ./src/components/portals/warehouse/WarehousePortal.tsx [Client Component SSR]
    ./src/app/page.tsx [Client Component SSR]
    ./src/app/page.tsx [Server Component]
    ./src/app/admin/page.tsx [Server Component] @ https://localhost:3000/_next/static/chunks/node_modules_next_dist_f3530cac._.js:3127
[ 5727036ms] [ERROR] ./src/components/portals/shared/stock-batch-health.tsx:3:8
Parsing ecmascript source code failed
  1 | import { Badge } from '@/components/ui/badge'
  2 | import {
> 3 | import { cn } from '@/lib/utils'
    |        ^
  4 | import { FILTER_SELECT_CLASS } from './filter-select'
  5 |   CRITICAL_MAX_DAYS_LEFT,
  6 |   EXPIRING_SOON_MAX_DAYS_LEFT,

Expected ',', got '{'

Import traces:
  Client Component Browser:
    ./src/components/portals/shared/stock-batch-health.tsx [Client Component Browser]
    ./src/components/portals/warehouse/sections/stocks/stocks-view.tsx [Client Component Browser]
    ./src/components/portals/warehouse/WarehousePortal.tsx [Client Component Browser]
    ./src/app/page.tsx [Client Component Browser]
    ./src/app/page.tsx [Server Component]
    ./src/app/admin/page.tsx [Server Component]

  Client Component SSR:
    ./src/components/portals/shared/stock-batch-health.tsx [Client Component SSR]
    ./src/components/portals/warehouse/sections/stocks/stocks-view.tsx [Client Component SSR]
    ./src/components/portals/warehouse/WarehousePortal.tsx [Client Component SSR]
    ./src/app/page.tsx [Client Component SSR]
    ./src/app/page.tsx [Server Component]
    ./src/app/admin/page.tsx [Server Component] @ https://localhost:3000/_next/static/chunks/node_modules_next_dist_f3530cac._.js:3127
[ 5727100ms] [ERROR] ./src/components/portals/shared/stock-batch-health.tsx:3:8
Parsing ecmascript source code failed
  1 | import { Badge } from '@/components/ui/badge'
  2 | import {
> 3 | import { cn } from '@/lib/utils'
    |        ^
  4 | import { FILTER_SELECT_CLASS } from './filter-select'
  5 |   CRITICAL_MAX_DAYS_LEFT,
  6 |   EXPIRING_SOON_MAX_DAYS_LEFT,

Expected ',', got '{'

Import traces:
  Client Component Browser:
    ./src/components/portals/shared/stock-batch-health.tsx [Client Component Browser]
    ./src/components/portals/warehouse/sections/stocks/stocks-view.tsx [Client Component Browser]
    ./src/components/portals/warehouse/WarehousePortal.tsx [Client Component Browser]
    ./src/app/page.tsx [Client Component Browser]
    ./src/app/page.tsx [Server Component]
    ./src/app/admin/page.tsx [Server Component]

  Client Component SSR:
    ./src/components/portals/shared/stock-batch-health.tsx [Client Component SSR]
    ./src/components/portals/warehouse/sections/stocks/stocks-view.tsx [Client Component SSR]
    ./src/components/portals/warehouse/WarehousePortal.tsx [Client Component SSR]
    ./src/app/page.tsx [Client Component SSR]
    ./src/app/page.tsx [Server Component]
    ./src/app/admin/page.tsx [Server Component] @ https://localhost:3000/_next/static/chunks/node_modules_next_dist_f3530cac._.js:3127
[ 5727155ms] [ERROR] ./src/components/portals/shared/stock-batch-health.tsx:3:8
Parsing ecmascript source code failed
  1 | import { Badge } from '@/components/ui/badge'
  2 | import {
> 3 | import { cn } from '@/lib/utils'
    |        ^
  4 | import { FILTER_SELECT_CLASS } from './filter-select'
  5 |   CRITICAL_MAX_DAYS_LEFT,
  6 |   EXPIRING_SOON_MAX_DAYS_LEFT,

Expected ',', got '{'

Import traces:
  Client Component Browser:
    ./src/components/portals/shared/stock-batch-health.tsx [Client Component Browser]
    ./src/components/portals/warehouse/sections/stocks/stocks-view.tsx [Client Component Browser]
    ./src/components/portals/warehouse/WarehousePortal.tsx [Client Component Browser]
    ./src/app/page.tsx [Client Component Browser]
    ./src/app/page.tsx [Server Component]
    ./src/app/admin/page.tsx [Server Component]

  Client Component SSR:
    ./src/components/portals/shared/stock-batch-health.tsx [Client Component SSR]
    ./src/components/portals/warehouse/sections/stocks/stocks-view.tsx [Client Component SSR]
    ./src/components/portals/warehouse/WarehousePortal.tsx [Client Component SSR]
    ./src/app/page.tsx [Client Component SSR]
    ./src/app/page.tsx [Server Component]
    ./src/app/admin/page.tsx [Server Component] @ https://localhost:3000/_next/static/chunks/node_modules_next_dist_f3530cac._.js:3127
[ 5727221ms] [ERROR] ./src/components/portals/shared/stock-batch-health.tsx:3:8
Parsing ecmascript source code failed
  1 | import { Badge } from '@/components/ui/badge'
  2 | import {
> 3 | import { cn } from '@/lib/utils'
    |        ^
  4 | import { FILTER_SELECT_CLASS } from './filter-select'
  5 |   CRITICAL_MAX_DAYS_LEFT,
  6 |   EXPIRING_SOON_MAX_DAYS_LEFT,

Expected ',', got '{'

Import traces:
  Client Component Browser:
    ./src/components/portals/shared/stock-batch-health.tsx [Client Component Browser]
    ./src/components/portals/warehouse/sections/stocks/stocks-view.tsx [Client Component Browser]
    ./src/components/portals/warehouse/WarehousePortal.tsx [Client Component Browser]
    ./src/app/page.tsx [Client Component Browser]
    ./src/app/page.tsx [Server Component]
    ./src/app/admin/page.tsx [Server Component]

  Client Component SSR:
    ./src/components/portals/shared/stock-batch-health.tsx [Client Component SSR]
    ./src/components/portals/warehouse/sections/stocks/stocks-view.tsx [Client Component SSR]
    ./src/components/portals/warehouse/WarehousePortal.tsx [Client Component SSR]
    ./src/app/page.tsx [Client Component SSR]
    ./src/app/page.tsx [Server Component]
    ./src/app/admin/page.tsx [Server Component] @ https://localhost:3000/_next/static/chunks/node_modules_next_dist_f3530cac._.js:3127
[ 5727285ms] [ERROR] ./src/components/portals/shared/stock-batch-health.tsx:3:8
Parsing ecmascript source code failed
  1 | import { Badge } from '@/components/ui/badge'
  2 | import {
> 3 | import { cn } from '@/lib/utils'
    |        ^
  4 | import { FILTER_SELECT_CLASS } from './filter-select'
  5 |   CRITICAL_MAX_DAYS_LEFT,
  6 |   EXPIRING_SOON_MAX_DAYS_LEFT,

Expected ',', got '{'

Import traces:
  Client Component Browser:
    ./src/components/portals/shared/stock-batch-health.tsx [Client Component Browser]
    ./src/components/portals/warehouse/sections/stocks/stocks-view.tsx [Client Component Browser]
    ./src/components/portals/warehouse/WarehousePortal.tsx [Client Component Browser]
    ./src/app/page.tsx [Client Component Browser]
    ./src/app/page.tsx [Server Component]
    ./src/app/admin/page.tsx [Server Component]

  Client Component SSR:
    ./src/components/portals/shared/stock-batch-health.tsx [Client Component SSR]
    ./src/components/portals/warehouse/sections/stocks/stocks-view.tsx [Client Component SSR]
    ./src/components/portals/warehouse/WarehousePortal.tsx [Client Component SSR]
    ./src/app/page.tsx [Client Component SSR]
    ./src/app/page.tsx [Server Component]
    ./src/app/admin/page.tsx [Server Component] @ https://localhost:3000/_next/static/chunks/node_modules_next_dist_f3530cac._.js:3127
[ 5727355ms] [ERROR] ./src/components/portals/shared/stock-batch-health.tsx:3:8
Parsing ecmascript source code failed
  1 | import { Badge } from '@/components/ui/badge'
  2 | import {
> 3 | import { cn } from '@/lib/utils'
    |        ^
  4 | import { FILTER_SELECT_CLASS } from './filter-select'
  5 |   CRITICAL_MAX_DAYS_LEFT,
  6 |   EXPIRING_SOON_MAX_DAYS_LEFT,

Expected ',', got '{'

Import traces:
  Client Component Browser:
    ./src/components/portals/shared/stock-batch-health.tsx [Client Component Browser]
    ./src/components/portals/warehouse/sections/stocks/stocks-view.tsx [Client Component Browser]
    ./src/components/portals/warehouse/WarehousePortal.tsx [Client Component Browser]
    ./src/app/page.tsx [Client Component Browser]
    ./src/app/page.tsx [Server Component]
    ./src/app/admin/page.tsx [Server Component]

  Client Component SSR:
    ./src/components/portals/shared/stock-batch-health.tsx [Client Component SSR]
    ./src/components/portals/warehouse/sections/stocks/stocks-view.tsx [Client Component SSR]
    ./src/components/portals/warehouse/WarehousePortal.tsx [Client Component SSR]
    ./src/app/page.tsx [Client Component SSR]
    ./src/app/page.tsx [Server Component]
    ./src/app/admin/page.tsx [Server Component] @ https://localhost:3000/_next/static/chunks/node_modules_next_dist_f3530cac._.js:3127
[ 5727420ms] [ERROR] ./src/components/portals/shared/stock-batch-health.tsx:3:8
Parsing ecmascript source code failed
  1 | import { Badge } from '@/components/ui/badge'
  2 | import {
> 3 | import { cn } from '@/lib/utils'
    |        ^
  4 | import { FILTER_SELECT_CLASS } from './filter-select'
  5 |   CRITICAL_MAX_DAYS_LEFT,
  6 |   EXPIRING_SOON_MAX_DAYS_LEFT,

Expected ',', got '{'

Import traces:
  Client Component Browser:
    ./src/components/portals/shared/stock-batch-health.tsx [Client Component Browser]
    ./src/components/portals/warehouse/sections/stocks/stocks-view.tsx [Client Component Browser]
    ./src/components/portals/warehouse/WarehousePortal.tsx [Client Component Browser]
    ./src/app/page.tsx [Client Component Browser]
    ./src/app/page.tsx [Server Component]
    ./src/app/admin/page.tsx [Server Component]

  Client Component SSR:
    ./src/components/portals/shared/stock-batch-health.tsx [Client Component SSR]
    ./src/components/portals/warehouse/sections/stocks/stocks-view.tsx [Client Component SSR]
    ./src/components/portals/warehouse/WarehousePortal.tsx [Client Component SSR]
    ./src/app/page.tsx [Client Component SSR]
    ./src/app/page.tsx [Server Component]
    ./src/app/admin/page.tsx [Server Component] @ https://localhost:3000/_next/static/chunks/node_modules_next_dist_f3530cac._.js:3127
[ 5727487ms] [ERROR] ./src/components/portals/shared/stock-batch-health.tsx:3:8
Parsing ecmascript source code failed
  1 | import { Badge } from '@/components/ui/badge'
  2 | import {
> 3 | import { cn } from '@/lib/utils'
    |        ^
  4 | import { FILTER_SELECT_CLASS } from './filter-select'
  5 |   CRITICAL_MAX_DAYS_LEFT,
  6 |   EXPIRING_SOON_MAX_DAYS_LEFT,

Expected ',', got '{'

Import traces:
  Client Component Browser:
    ./src/components/portals/shared/stock-batch-health.tsx [Client Component Browser]
    ./src/components/portals/warehouse/sections/stocks/stocks-view.tsx [Client Component Browser]
    ./src/components/portals/warehouse/WarehousePortal.tsx [Client Component Browser]
    ./src/app/page.tsx [Client Component Browser]
    ./src/app/page.tsx [Server Component]
    ./src/app/admin/page.tsx [Server Component]

  Client Component SSR:
    ./src/components/portals/shared/stock-batch-health.tsx [Client Component SSR]
    ./src/components/portals/warehouse/sections/stocks/stocks-view.tsx [Client Component SSR]
    ./src/components/portals/warehouse/WarehousePortal.tsx [Client Component SSR]
    ./src/app/page.tsx [Client Component SSR]
    ./src/app/page.tsx [Server Component]
    ./src/app/admin/page.tsx [Server Component] @ https://localhost:3000/_next/static/chunks/node_modules_next_dist_f3530cac._.js:3127
[ 5727538ms] [ERROR] ./src/components/portals/shared/stock-batch-health.tsx:3:8
Parsing ecmascript source code failed
  1 | import { Badge } from '@/components/ui/badge'
  2 | import {
> 3 | import { cn } from '@/lib/utils'
    |        ^
  4 | import { FILTER_SELECT_CLASS } from './filter-select'
  5 |   CRITICAL_MAX_DAYS_LEFT,
  6 |   EXPIRING_SOON_MAX_DAYS_LEFT,

Expected ',', got '{'

Import traces:
  Client Component Browser:
    ./src/components/portals/shared/stock-batch-health.tsx [Client Component Browser]
    ./src/components/portals/warehouse/sections/stocks/stocks-view.tsx [Client Component Browser]
    ./src/components/portals/warehouse/WarehousePortal.tsx [Client Component Browser]
    ./src/app/page.tsx [Client Component Browser]
    ./src/app/page.tsx [Server Component]
    ./src/app/admin/page.tsx [Server Component]

  Client Component SSR:
    ./src/components/portals/shared/stock-batch-health.tsx [Client Component SSR]
    ./src/components/portals/warehouse/sections/stocks/stocks-view.tsx [Client Component SSR]
    ./src/components/portals/warehouse/WarehousePortal.tsx [Client Component SSR]
    ./src/app/page.tsx [Client Component SSR]
    ./src/app/page.tsx [Server Component]
    ./src/app/admin/page.tsx [Server Component] @ https://localhost:3000/_next/static/chunks/node_modules_next_dist_f3530cac._.js:3127
[ 5727603ms] [ERROR] ./src/components/portals/shared/stock-batch-health.tsx:3:8
Parsing ecmascript source code failed
  1 | import { Badge } from '@/components/ui/badge'
  2 | import {
> 3 | import { cn } from '@/lib/utils'
    |        ^
  4 | import { FILTER_SELECT_CLASS } from './filter-select'
  5 |   CRITICAL_MAX_DAYS_LEFT,
  6 |   EXPIRING_SOON_MAX_DAYS_LEFT,

Expected ',', got '{'

Import traces:
  Client Component Browser:
    ./src/components/portals/shared/stock-batch-health.tsx [Client Component Browser]
    ./src/components/portals/warehouse/sections/stocks/stocks-view.tsx [Client Component Browser]
    ./src/components/portals/warehouse/WarehousePortal.tsx [Client Component Browser]
    ./src/app/page.tsx [Client Component Browser]
    ./src/app/page.tsx [Server Component]
    ./src/app/admin/page.tsx [Server Component]

  Client Component SSR:
    ./src/components/portals/shared/stock-batch-health.tsx [Client Component SSR]
    ./src/components/portals/warehouse/sections/stocks/stocks-view.tsx [Client Component SSR]
    ./src/components/portals/warehouse/WarehousePortal.tsx [Client Component SSR]
    ./src/app/page.tsx [Client Component SSR]
    ./src/app/page.tsx [Server Component]
    ./src/app/admin/page.tsx [Server Component] @ https://localhost:3000/_next/static/chunks/node_modules_next_dist_f3530cac._.js:3127
[ 5727655ms] [ERROR] ./src/components/portals/shared/stock-batch-health.tsx:3:8
Parsing ecmascript source code failed
  1 | import { Badge } from '@/components/ui/badge'
  2 | import {
> 3 | import { cn } from '@/lib/utils'
    |        ^
  4 | import { FILTER_SELECT_CLASS } from './filter-select'
  5 |   CRITICAL_MAX_DAYS_LEFT,
  6 |   EXPIRING_SOON_MAX_DAYS_LEFT,

Expected ',', got '{'

Import traces:
  Client Component Browser:
    ./src/components/portals/shared/stock-batch-health.tsx [Client Component Browser]
    ./src/components/portals/warehouse/sections/stocks/stocks-view.tsx [Client Component Browser]
    ./src/components/portals/warehouse/WarehousePortal.tsx [Client Component Browser]
    ./src/app/page.tsx [Client Component Browser]
    ./src/app/page.tsx [Server Component]
    ./src/app/admin/page.tsx [Server Component]

  Client Component SSR:
    ./src/components/portals/shared/stock-batch-health.tsx [Client Component SSR]
    ./src/components/portals/warehouse/sections/stocks/stocks-view.tsx [Client Component SSR]
    ./src/components/portals/warehouse/WarehousePortal.tsx [Client Component SSR]
    ./src/app/page.tsx [Client Component SSR]
    ./src/app/page.tsx [Server Component]
    ./src/app/admin/page.tsx [Server Component] @ https://localhost:3000/_next/static/chunks/node_modules_next_dist_f3530cac._.js:3127
[ 5727721ms] [ERROR] ./src/components/portals/shared/stock-batch-health.tsx:3:8
Parsing ecmascript source code failed
  1 | import { Badge } from '@/components/ui/badge'
  2 | import {
> 3 | import { cn } from '@/lib/utils'
    |        ^
  4 | import { FILTER_SELECT_CLASS } from './filter-select'
  5 |   CRITICAL_MAX_DAYS_LEFT,
  6 |   EXPIRING_SOON_MAX_DAYS_LEFT,

Expected ',', got '{'

Import traces:
  Client Component Browser:
    ./src/components/portals/shared/stock-batch-health.tsx [Client Component Browser]
    ./src/components/portals/warehouse/sections/stocks/stocks-view.tsx [Client Component Browser]
    ./src/components/portals/warehouse/WarehousePortal.tsx [Client Component Browser]
    ./src/app/page.tsx [Client Component Browser]
    ./src/app/page.tsx [Server Component]
    ./src/app/admin/page.tsx [Server Component]

  Client Component SSR:
    ./src/components/portals/shared/stock-batch-health.tsx [Client Component SSR]
    ./src/components/portals/warehouse/sections/stocks/stocks-view.tsx [Client Component SSR]
    ./src/components/portals/warehouse/WarehousePortal.tsx [Client Component SSR]
    ./src/app/page.tsx [Client Component SSR]
    ./src/app/page.tsx [Server Component]
    ./src/app/admin/page.tsx [Server Component] @ https://localhost:3000/_next/static/chunks/node_modules_next_dist_f3530cac._.js:3127
[ 5727772ms] [ERROR] ./src/components/portals/shared/stock-batch-health.tsx:3:8
Parsing ecmascript source code failed
  1 | import { Badge } from '@/components/ui/badge'
  2 | import {
> 3 | import { cn } from '@/lib/utils'
    |        ^
  4 | import { FILTER_SELECT_CLASS } from './filter-select'
  5 |   CRITICAL_MAX_DAYS_LEFT,
  6 |   EXPIRING_SOON_MAX_DAYS_LEFT,

Expected ',', got '{'

Import traces:
  Client Component Browser:
    ./src/components/portals/shared/stock-batch-health.tsx [Client Component Browser]
    ./src/components/portals/warehouse/sections/stocks/stocks-view.tsx [Client Component Browser]
    ./src/components/portals/warehouse/WarehousePortal.tsx [Client Component Browser]
    ./src/app/page.tsx [Client Component Browser]
    ./src/app/page.tsx [Server Component]
    ./src/app/admin/page.tsx [Server Component]

  Client Component SSR:
    ./src/components/portals/shared/stock-batch-health.tsx [Client Component SSR]
    ./src/components/portals/warehouse/sections/stocks/stocks-view.tsx [Client Component SSR]
    ./src/components/portals/warehouse/WarehousePortal.tsx [Client Component SSR]
    ./src/app/page.tsx [Client Component SSR]
    ./src/app/page.tsx [Server Component]
    ./src/app/admin/page.tsx [Server Component] @ https://localhost:3000/_next/static/chunks/node_modules_next_dist_f3530cac._.js:3127
[ 5727818ms] [ERROR] ./src/components/portals/shared/stock-batch-health.tsx:3:8
Parsing ecmascript source code failed
  1 | import { Badge } from '@/components/ui/badge'
  2 | import {
> 3 | import { cn } from '@/lib/utils'
    |        ^
  4 | import { FILTER_SELECT_CLASS } from './filter-select'
  5 |   CRITICAL_MAX_DAYS_LEFT,
  6 |   EXPIRING_SOON_MAX_DAYS_LEFT,

Expected ',', got '{'

Import traces:
  Client Component Browser:
    ./src/components/portals/shared/stock-batch-health.tsx [Client Component Browser]
    ./src/components/portals/warehouse/sections/stocks/stocks-view.tsx [Client Component Browser]
    ./src/components/portals/warehouse/WarehousePortal.tsx [Client Component Browser]
    ./src/app/page.tsx [Client Component Browser]
    ./src/app/page.tsx [Server Component]
    ./src/app/admin/page.tsx [Server Component]

  Client Component SSR:
    ./src/components/portals/shared/stock-batch-health.tsx [Client Component SSR]
    ./src/components/portals/warehouse/sections/stocks/stocks-view.tsx [Client Component SSR]
    ./src/components/portals/warehouse/WarehousePortal.tsx [Client Component SSR]
    ./src/app/page.tsx [Client Component SSR]
    ./src/app/page.tsx [Server Component]
    ./src/app/admin/page.tsx [Server Component] @ https://localhost:3000/_next/static/chunks/node_modules_next_dist_f3530cac._.js:3127
[ 5727871ms] [ERROR] ./src/components/portals/shared/stock-batch-health.tsx:3:8
Parsing ecmascript source code failed
  1 | import { Badge } from '@/components/ui/badge'
  2 | import {
> 3 | import { cn } from '@/lib/utils'
    |        ^
  4 | import { FILTER_SELECT_CLASS } from './filter-select'
  5 |   CRITICAL_MAX_DAYS_LEFT,
  6 |   EXPIRING_SOON_MAX_DAYS_LEFT,

Expected ',', got '{'

Import traces:
  Client Component Browser:
    ./src/components/portals/shared/stock-batch-health.tsx [Client Component Browser]
    ./src/components/portals/warehouse/sections/stocks/stocks-view.tsx [Client Component Browser]
    ./src/components/portals/warehouse/WarehousePortal.tsx [Client Component Browser]
    ./src/app/page.tsx [Client Component Browser]
    ./src/app/page.tsx [Server Component]
    ./src/app/admin/page.tsx [Server Component]

  Client Component SSR:
    ./src/components/portals/shared/stock-batch-health.tsx [Client Component SSR]
    ./src/components/portals/warehouse/sections/stocks/stocks-view.tsx [Client Component SSR]
    ./src/components/portals/warehouse/WarehousePortal.tsx [Client Component SSR]
    ./src/app/page.tsx [Client Component SSR]
    ./src/app/page.tsx [Server Component]
    ./src/app/admin/page.tsx [Server Component] @ https://localhost:3000/_next/static/chunks/node_modules_next_dist_f3530cac._.js:3127
[ 5727936ms] [ERROR] ./src/components/portals/shared/stock-batch-health.tsx:3:8
Parsing ecmascript source code failed
  1 | import { Badge } from '@/components/ui/badge'
  2 | import {
> 3 | import { cn } from '@/lib/utils'
    |        ^
  4 | import { FILTER_SELECT_CLASS } from './filter-select'
  5 |   CRITICAL_MAX_DAYS_LEFT,
  6 |   EXPIRING_SOON_MAX_DAYS_LEFT,

Expected ',', got '{'

Import traces:
  Client Component Browser:
    ./src/components/portals/shared/stock-batch-health.tsx [Client Component Browser]
    ./src/components/portals/warehouse/sections/stocks/stocks-view.tsx [Client Component Browser]
    ./src/components/portals/warehouse/WarehousePortal.tsx [Client Component Browser]
    ./src/app/page.tsx [Client Component Browser]
    ./src/app/page.tsx [Server Component]
    ./src/app/admin/page.tsx [Server Component]

  Client Component SSR:
    ./src/components/portals/shared/stock-batch-health.tsx [Client Component SSR]
    ./src/components/portals/warehouse/sections/stocks/stocks-view.tsx [Client Component SSR]
    ./src/components/portals/warehouse/WarehousePortal.tsx [Client Component SSR]
    ./src/app/page.tsx [Client Component SSR]
    ./src/app/page.tsx [Server Component]
    ./src/app/admin/page.tsx [Server Component] @ https://localhost:3000/_next/static/chunks/node_modules_next_dist_f3530cac._.js:3127
[ 5727988ms] [ERROR] ./src/components/portals/shared/stock-batch-health.tsx:3:8
Parsing ecmascript source code failed
  1 | import { Badge } from '@/components/ui/badge'
  2 | import {
> 3 | import { cn } from '@/lib/utils'
    |        ^
  4 | import { FILTER_SELECT_CLASS } from './filter-select'
  5 |   CRITICAL_MAX_DAYS_LEFT,
  6 |   EXPIRING_SOON_MAX_DAYS_LEFT,

Expected ',', got '{'

Import traces:
  Client Component Browser:
    ./src/components/portals/shared/stock-batch-health.tsx [Client Component Browser]
    ./src/components/portals/warehouse/sections/stocks/stocks-view.tsx [Client Component Browser]
    ./src/components/portals/warehouse/WarehousePortal.tsx [Client Component Browser]
    ./src/app/page.tsx [Client Component Browser]
    ./src/app/page.tsx [Server Component]
    ./src/app/admin/page.tsx [Server Component]

  Client Component SSR:
    ./src/components/portals/shared/stock-batch-health.tsx [Client Component SSR]
    ./src/components/portals/warehouse/sections/stocks/stocks-view.tsx [Client Component SSR]
    ./src/components/portals/warehouse/WarehousePortal.tsx [Client Component SSR]
    ./src/app/page.tsx [Client Component SSR]
    ./src/app/page.tsx [Server Component]
    ./src/app/admin/page.tsx [Server Component] @ https://localhost:3000/_next/static/chunks/node_modules_next_dist_f3530cac._.js:3127
[ 5728048ms] [ERROR] ./src/components/portals/shared/stock-batch-health.tsx:3:8
Parsing ecmascript source code failed
  1 | import { Badge } from '@/components/ui/badge'
  2 | import {
> 3 | import { cn } from '@/lib/utils'
    |        ^
  4 | import { FILTER_SELECT_CLASS } from './filter-select'
  5 |   CRITICAL_MAX_DAYS_LEFT,
  6 |   EXPIRING_SOON_MAX_DAYS_LEFT,

Expected ',', got '{'

Import traces:
  Client Component Browser:
    ./src/components/portals/shared/stock-batch-health.tsx [Client Component Browser]
    ./src/components/portals/warehouse/sections/stocks/stocks-view.tsx [Client Component Browser]
    ./src/components/portals/warehouse/WarehousePortal.tsx [Client Component Browser]
    ./src/app/page.tsx [Client Component Browser]
    ./src/app/page.tsx [Server Component]
    ./src/app/admin/page.tsx [Server Component]

  Client Component SSR:
    ./src/components/portals/shared/stock-batch-health.tsx [Client Component SSR]
    ./src/components/portals/warehouse/sections/stocks/stocks-view.tsx [Client Component SSR]
    ./src/components/portals/warehouse/WarehousePortal.tsx [Client Component SSR]
    ./src/app/page.tsx [Client Component SSR]
    ./src/app/page.tsx [Server Component]
    ./src/app/admin/page.tsx [Server Component] @ https://localhost:3000/_next/static/chunks/node_modules_next_dist_f3530cac._.js:3127
[ 5728104ms] [ERROR] ./src/components/portals/shared/stock-batch-health.tsx:3:8
Parsing ecmascript source code failed
  1 | import { Badge } from '@/components/ui/badge'
  2 | import {
> 3 | import { cn } from '@/lib/utils'
    |        ^
  4 | import { FILTER_SELECT_CLASS } from './filter-select'
  5 |   CRITICAL_MAX_DAYS_LEFT,
  6 |   EXPIRING_SOON_MAX_DAYS_LEFT,

Expected ',', got '{'

Import traces:
  Client Component Browser:
    ./src/components/portals/shared/stock-batch-health.tsx [Client Component Browser]
    ./src/components/portals/warehouse/sections/stocks/stocks-view.tsx [Client Component Browser]
    ./src/components/portals/warehouse/WarehousePortal.tsx [Client Component Browser]
    ./src/app/page.tsx [Client Component Browser]
    ./src/app/page.tsx [Server Component]
    ./src/app/admin/page.tsx [Server Component]

  Client Component SSR:
    ./src/components/portals/shared/stock-batch-health.tsx [Client Component SSR]
    ./src/components/portals/warehouse/sections/stocks/stocks-view.tsx [Client Component SSR]
    ./src/components/portals/warehouse/WarehousePortal.tsx [Client Component SSR]
    ./src/app/page.tsx [Client Component SSR]
    ./src/app/page.tsx [Server Component]
    ./src/app/admin/page.tsx [Server Component] @ https://localhost:3000/_next/static/chunks/node_modules_next_dist_f3530cac._.js:3127
[ 5728152ms] [ERROR] ./src/components/portals/shared/stock-batch-health.tsx:3:8
Parsing ecmascript source code failed
  1 | import { Badge } from '@/components/ui/badge'
  2 | import {
> 3 | import { cn } from '@/lib/utils'
    |        ^
  4 | import { FILTER_SELECT_CLASS } from './filter-select'
  5 |   CRITICAL_MAX_DAYS_LEFT,
  6 |   EXPIRING_SOON_MAX_DAYS_LEFT,

Expected ',', got '{'

Import traces:
  Client Component Browser:
    ./src/components/portals/shared/stock-batch-health.tsx [Client Component Browser]
    ./src/components/portals/warehouse/sections/stocks/stocks-view.tsx [Client Component Browser]
    ./src/components/portals/warehouse/WarehousePortal.tsx [Client Component Browser]
    ./src/app/page.tsx [Client Component Browser]
    ./src/app/page.tsx [Server Component]
    ./src/app/admin/page.tsx [Server Component]

  Client Component SSR:
    ./src/components/portals/shared/stock-batch-health.tsx [Client Component SSR]
    ./src/components/portals/warehouse/sections/stocks/stocks-view.tsx [Client Component SSR]
    ./src/components/portals/warehouse/WarehousePortal.tsx [Client Component SSR]
    ./src/app/page.tsx [Client Component SSR]
    ./src/app/page.tsx [Server Component]
    ./src/app/admin/page.tsx [Server Component] @ https://localhost:3000/_next/static/chunks/node_modules_next_dist_f3530cac._.js:3127
[ 5728200ms] [ERROR] ./src/components/portals/shared/stock-batch-health.tsx:3:8
Parsing ecmascript source code failed
  1 | import { Badge } from '@/components/ui/badge'
  2 | import {
> 3 | import { cn } from '@/lib/utils'
    |        ^
  4 | import { FILTER_SELECT_CLASS } from './filter-select'
  5 |   CRITICAL_MAX_DAYS_LEFT,
  6 |   EXPIRING_SOON_MAX_DAYS_LEFT,

Expected ',', got '{'

Import traces:
  Client Component Browser:
    ./src/components/portals/shared/stock-batch-health.tsx [Client Component Browser]
    ./src/components/portals/warehouse/sections/stocks/stocks-view.tsx [Client Component Browser]
    ./src/components/portals/warehouse/WarehousePortal.tsx [Client Component Browser]
    ./src/app/page.tsx [Client Component Browser]
    ./src/app/page.tsx [Server Component]
    ./src/app/admin/page.tsx [Server Component]

  Client Component SSR:
    ./src/components/portals/shared/stock-batch-health.tsx [Client Component SSR]
    ./src/components/portals/warehouse/sections/stocks/stocks-view.tsx [Client Component SSR]
    ./src/components/portals/warehouse/WarehousePortal.tsx [Client Component SSR]
    ./src/app/page.tsx [Client Component SSR]
    ./src/app/page.tsx [Server Component]
    ./src/app/admin/page.tsx [Server Component] @ https://localhost:3000/_next/static/chunks/node_modules_next_dist_f3530cac._.js:3127
[ 5728264ms] [ERROR] ./src/components/portals/shared/stock-batch-health.tsx:3:8
Parsing ecmascript source code failed
  1 | import { Badge } from '@/components/ui/badge'
  2 | import {
> 3 | import { cn } from '@/lib/utils'
    |        ^
  4 | import { FILTER_SELECT_CLASS } from './filter-select'
  5 |   CRITICAL_MAX_DAYS_LEFT,
  6 |   EXPIRING_SOON_MAX_DAYS_LEFT,

Expected ',', got '{'

Import traces:
  Client Component Browser:
    ./src/components/portals/shared/stock-batch-health.tsx [Client Component Browser]
    ./src/components/portals/warehouse/sections/stocks/stocks-view.tsx [Client Component Browser]
    ./src/components/portals/warehouse/WarehousePortal.tsx [Client Component Browser]
    ./src/app/page.tsx [Client Component Browser]
    ./src/app/page.tsx [Server Component]
    ./src/app/admin/page.tsx [Server Component]

  Client Component SSR:
    ./src/components/portals/shared/stock-batch-health.tsx [Client Component SSR]
    ./src/components/portals/warehouse/sections/stocks/stocks-view.tsx [Client Component SSR]
    ./src/components/portals/warehouse/WarehousePortal.tsx [Client Component SSR]
    ./src/app/page.tsx [Client Component SSR]
    ./src/app/page.tsx [Server Component]
    ./src/app/admin/page.tsx [Server Component] @ https://localhost:3000/_next/static/chunks/node_modules_next_dist_f3530cac._.js:3127
[ 5728322ms] [ERROR] ./src/components/portals/shared/stock-batch-health.tsx:3:8
Parsing ecmascript source code failed
  1 | import { Badge } from '@/components/ui/badge'
  2 | import {
> 3 | import { cn } from '@/lib/utils'
    |        ^
  4 | import { FILTER_SELECT_CLASS } from './filter-select'
  5 |   CRITICAL_MAX_DAYS_LEFT,
  6 |   EXPIRING_SOON_MAX_DAYS_LEFT,

Expected ',', got '{'

Import traces:
  Client Component Browser:
    ./src/components/portals/shared/stock-batch-health.tsx [Client Component Browser]
    ./src/components/portals/warehouse/sections/stocks/stocks-view.tsx [Client Component Browser]
    ./src/components/portals/warehouse/WarehousePortal.tsx [Client Component Browser]
    ./src/app/page.tsx [Client Component Browser]
    ./src/app/page.tsx [Server Component]
    ./src/app/admin/page.tsx [Server Component]

  Client Component SSR:
    ./src/components/portals/shared/stock-batch-health.tsx [Client Component SSR]
    ./src/components/portals/warehouse/sections/stocks/stocks-view.tsx [Client Component SSR]
    ./src/components/portals/warehouse/WarehousePortal.tsx [Client Component SSR]
    ./src/app/page.tsx [Client Component SSR]
    ./src/app/page.tsx [Server Component]
    ./src/app/admin/page.tsx [Server Component] @ https://localhost:3000/_next/static/chunks/node_modules_next_dist_f3530cac._.js:3127
[ 5728372ms] [ERROR] ./src/components/portals/shared/stock-batch-health.tsx:3:8
Parsing ecmascript source code failed
  1 | import { Badge } from '@/components/ui/badge'
  2 | import {
> 3 | import { cn } from '@/lib/utils'
    |        ^
  4 | import { FILTER_SELECT_CLASS } from './filter-select'
  5 |   CRITICAL_MAX_DAYS_LEFT,
  6 |   EXPIRING_SOON_MAX_DAYS_LEFT,

Expected ',', got '{'

Import traces:
  Client Component Browser:
    ./src/components/portals/shared/stock-batch-health.tsx [Client Component Browser]
    ./src/components/portals/warehouse/sections/stocks/stocks-view.tsx [Client Component Browser]
    ./src/components/portals/warehouse/WarehousePortal.tsx [Client Component Browser]
    ./src/app/page.tsx [Client Component Browser]
    ./src/app/page.tsx [Server Component]
    ./src/app/admin/page.tsx [Server Component]

  Client Component SSR:
    ./src/components/portals/shared/stock-batch-health.tsx [Client Component SSR]
    ./src/components/portals/warehouse/sections/stocks/stocks-view.tsx [Client Component SSR]
    ./src/components/portals/warehouse/WarehousePortal.tsx [Client Component SSR]
    ./src/app/page.tsx [Client Component SSR]
    ./src/app/page.tsx [Server Component]
    ./src/app/admin/page.tsx [Server Component] @ https://localhost:3000/_next/static/chunks/node_modules_next_dist_f3530cac._.js:3127
[ 5728437ms] [ERROR] ./src/components/portals/shared/stock-batch-health.tsx:3:8
Parsing ecmascript source code failed
  1 | import { Badge } from '@/components/ui/badge'
  2 | import {
> 3 | import { cn } from '@/lib/utils'
    |        ^
  4 | import { FILTER_SELECT_CLASS } from './filter-select'
  5 |   CRITICAL_MAX_DAYS_LEFT,
  6 |   EXPIRING_SOON_MAX_DAYS_LEFT,

Expected ',', got '{'

Import traces:
  Client Component Browser:
    ./src/components/portals/shared/stock-batch-health.tsx [Client Component Browser]
    ./src/components/portals/warehouse/sections/stocks/stocks-view.tsx [Client Component Browser]
    ./src/components/portals/warehouse/WarehousePortal.tsx [Client Component Browser]
    ./src/app/page.tsx [Client Component Browser]
    ./src/app/page.tsx [Server Component]
    ./src/app/admin/page.tsx [Server Component]

  Client Component SSR:
    ./src/components/portals/shared/stock-batch-health.tsx [Client Component SSR]
    ./src/components/portals/warehouse/sections/stocks/stocks-view.tsx [Client Component SSR]
    ./src/components/portals/warehouse/WarehousePortal.tsx [Client Component SSR]
    ./src/app/page.tsx [Client Component SSR]
    ./src/app/page.tsx [Server Component]
    ./src/app/admin/page.tsx [Server Component] @ https://localhost:3000/_next/static/chunks/node_modules_next_dist_f3530cac._.js:3127
[ 5728503ms] [ERROR] ./src/components/portals/shared/stock-batch-health.tsx:3:8
Parsing ecmascript source code failed
  1 | import { Badge } from '@/components/ui/badge'
  2 | import {
> 3 | import { cn } from '@/lib/utils'
    |        ^
  4 | import { FILTER_SELECT_CLASS } from './filter-select'
  5 |   CRITICAL_MAX_DAYS_LEFT,
  6 |   EXPIRING_SOON_MAX_DAYS_LEFT,

Expected ',', got '{'

Import traces:
  Client Component Browser:
    ./src/components/portals/shared/stock-batch-health.tsx [Client Component Browser]
    ./src/components/portals/warehouse/sections/stocks/stocks-view.tsx [Client Component Browser]
    ./src/components/portals/warehouse/WarehousePortal.tsx [Client Component Browser]
    ./src/app/page.tsx [Client Component Browser]
    ./src/app/page.tsx [Server Component]
    ./src/app/admin/page.tsx [Server Component]

  Client Component SSR:
    ./src/components/portals/shared/stock-batch-health.tsx [Client Component SSR]
    ./src/components/portals/warehouse/sections/stocks/stocks-view.tsx [Client Component SSR]
    ./src/components/portals/warehouse/WarehousePortal.tsx [Client Component SSR]
    ./src/app/page.tsx [Client Component SSR]
    ./src/app/page.tsx [Server Component]
    ./src/app/admin/page.tsx [Server Component] @ https://localhost:3000/_next/static/chunks/node_modules_next_dist_f3530cac._.js:3127
[ 5728554ms] [ERROR] ./src/components/portals/shared/stock-batch-health.tsx:3:8
Parsing ecmascript source code failed
  1 | import { Badge } from '@/components/ui/badge'
  2 | import {
> 3 | import { cn } from '@/lib/utils'
    |        ^
  4 | import { FILTER_SELECT_CLASS } from './filter-select'
  5 |   CRITICAL_MAX_DAYS_LEFT,
  6 |   EXPIRING_SOON_MAX_DAYS_LEFT,

Expected ',', got '{'

Import traces:
  Client Component Browser:
    ./src/components/portals/shared/stock-batch-health.tsx [Client Component Browser]
    ./src/components/portals/warehouse/sections/stocks/stocks-view.tsx [Client Component Browser]
    ./src/components/portals/warehouse/WarehousePortal.tsx [Client Component Browser]
    ./src/app/page.tsx [Client Component Browser]
    ./src/app/page.tsx [Server Component]
    ./src/app/admin/page.tsx [Server Component]

  Client Component SSR:
    ./src/components/portals/shared/stock-batch-health.tsx [Client Component SSR]
    ./src/components/portals/warehouse/sections/stocks/stocks-view.tsx [Client Component SSR]
    ./src/components/portals/warehouse/WarehousePortal.tsx [Client Component SSR]
    ./src/app/page.tsx [Client Component SSR]
    ./src/app/page.tsx [Server Component]
    ./src/app/admin/page.tsx [Server Component] @ https://localhost:3000/_next/static/chunks/node_modules_next_dist_f3530cac._.js:3127
[ 5728609ms] [ERROR] ./src/components/portals/shared/stock-batch-health.tsx:3:8
Parsing ecmascript source code failed
  1 | import { Badge } from '@/components/ui/badge'
  2 | import {
> 3 | import { cn } from '@/lib/utils'
    |        ^
  4 | import { FILTER_SELECT_CLASS } from './filter-select'
  5 |   CRITICAL_MAX_DAYS_LEFT,
  6 |   EXPIRING_SOON_MAX_DAYS_LEFT,

Expected ',', got '{'

Import traces:
  Client Component Browser:
    ./src/components/portals/shared/stock-batch-health.tsx [Client Component Browser]
    ./src/components/portals/warehouse/sections/stocks/stocks-view.tsx [Client Component Browser]
    ./src/components/portals/warehouse/WarehousePortal.tsx [Client Component Browser]
    ./src/app/page.tsx [Client Component Browser]
    ./src/app/page.tsx [Server Component]
    ./src/app/admin/page.tsx [Server Component]

  Client Component SSR:
    ./src/components/portals/shared/stock-batch-health.tsx [Client Component SSR]
    ./src/components/portals/warehouse/sections/stocks/stocks-view.tsx [Client Component SSR]
    ./src/components/portals/warehouse/WarehousePortal.tsx [Client Component SSR]
    ./src/app/page.tsx [Client Component SSR]
    ./src/app/page.tsx [Server Component]
    ./src/app/admin/page.tsx [Server Component] @ https://localhost:3000/_next/static/chunks/node_modules_next_dist_f3530cac._.js:3127
[ 5728672ms] [ERROR] ./src/components/portals/shared/stock-batch-health.tsx:3:8
Parsing ecmascript source code failed
  1 | import { Badge } from '@/components/ui/badge'
  2 | import {
> 3 | import { cn } from '@/lib/utils'
    |        ^
  4 | import { FILTER_SELECT_CLASS } from './filter-select'
  5 |   CRITICAL_MAX_DAYS_LEFT,
  6 |   EXPIRING_SOON_MAX_DAYS_LEFT,

Expected ',', got '{'

Import traces:
  Client Component Browser:
    ./src/components/portals/shared/stock-batch-health.tsx [Client Component Browser]
    ./src/components/portals/warehouse/sections/stocks/stocks-view.tsx [Client Component Browser]
    ./src/components/portals/warehouse/WarehousePortal.tsx [Client Component Browser]
    ./src/app/page.tsx [Client Component Browser]
    ./src/app/page.tsx [Server Component]
    ./src/app/admin/page.tsx [Server Component]

  Client Component SSR:
    ./src/components/portals/shared/stock-batch-health.tsx [Client Component SSR]
    ./src/components/portals/warehouse/sections/stocks/stocks-view.tsx [Client Component SSR]
    ./src/components/portals/warehouse/WarehousePortal.tsx [Client Component SSR]
    ./src/app/page.tsx [Client Component SSR]
    ./src/app/page.tsx [Server Component]
    ./src/app/admin/page.tsx [Server Component] @ https://localhost:3000/_next/static/chunks/node_modules_next_dist_f3530cac._.js:3127
[ 5728739ms] [ERROR] ./src/components/portals/shared/stock-batch-health.tsx:3:8
Parsing ecmascript source code failed
  1 | import { Badge } from '@/components/ui/badge'
  2 | import {
> 3 | import { cn } from '@/lib/utils'
    |        ^
  4 | import { FILTER_SELECT_CLASS } from './filter-select'
  5 |   CRITICAL_MAX_DAYS_LEFT,
  6 |   EXPIRING_SOON_MAX_DAYS_LEFT,

Expected ',', got '{'

Import traces:
  Client Component Browser:
    ./src/components/portals/shared/stock-batch-health.tsx [Client Component Browser]
    ./src/components/portals/warehouse/sections/stocks/stocks-view.tsx [Client Component Browser]
    ./src/components/portals/warehouse/WarehousePortal.tsx [Client Component Browser]
    ./src/app/page.tsx [Client Component Browser]
    ./src/app/page.tsx [Server Component]
    ./src/app/admin/page.tsx [Server Component]

  Client Component SSR:
    ./src/components/portals/shared/stock-batch-health.tsx [Client Component SSR]
    ./src/components/portals/warehouse/sections/stocks/stocks-view.tsx [Client Component SSR]
    ./src/components/portals/warehouse/WarehousePortal.tsx [Client Component SSR]
    ./src/app/page.tsx [Client Component SSR]
    ./src/app/page.tsx [Server Component]
    ./src/app/admin/page.tsx [Server Component] @ https://localhost:3000/_next/static/chunks/node_modules_next_dist_f3530cac._.js:3127
[ 5728807ms] [ERROR] ./src/components/portals/shared/stock-batch-health.tsx:3:8
Parsing ecmascript source code failed
  1 | import { Badge } from '@/components/ui/badge'
  2 | import {
> 3 | import { cn } from '@/lib/utils'
    |        ^
  4 | import { FILTER_SELECT_CLASS } from './filter-select'
  5 |   CRITICAL_MAX_DAYS_LEFT,
  6 |   EXPIRING_SOON_MAX_DAYS_LEFT,

Expected ',', got '{'

Import traces:
  Client Component Browser:
    ./src/components/portals/shared/stock-batch-health.tsx [Client Component Browser]
    ./src/components/portals/warehouse/sections/stocks/stocks-view.tsx [Client Component Browser]
    ./src/components/portals/warehouse/WarehousePortal.tsx [Client Component Browser]
    ./src/app/page.tsx [Client Component Browser]
    ./src/app/page.tsx [Server Component]
    ./src/app/admin/page.tsx [Server Component]

  Client Component SSR:
    ./src/components/portals/shared/stock-batch-health.tsx [Client Component SSR]
    ./src/components/portals/warehouse/sections/stocks/stocks-view.tsx [Client Component SSR]
    ./src/components/portals/warehouse/WarehousePortal.tsx [Client Component SSR]
    ./src/app/page.tsx [Client Component SSR]
    ./src/app/page.tsx [Server Component]
    ./src/app/admin/page.tsx [Server Component] @ https://localhost:3000/_next/static/chunks/node_modules_next_dist_f3530cac._.js:3127
[ 5728879ms] [ERROR] ./src/components/portals/shared/stock-batch-health.tsx:3:8
Parsing ecmascript source code failed
  1 | import { Badge } from '@/components/ui/badge'
  2 | import {
> 3 | import { cn } from '@/lib/utils'
    |        ^
  4 | import { FILTER_SELECT_CLASS } from './filter-select'
  5 |   CRITICAL_MAX_DAYS_LEFT,
  6 |   EXPIRING_SOON_MAX_DAYS_LEFT,

Expected ',', got '{'

Import traces:
  Client Component Browser:
    ./src/components/portals/shared/stock-batch-health.tsx [Client Component Browser]
    ./src/components/portals/warehouse/sections/stocks/stocks-view.tsx [Client Component Browser]
    ./src/components/portals/warehouse/WarehousePortal.tsx [Client Component Browser]
    ./src/app/page.tsx [Client Component Browser]
    ./src/app/page.tsx [Server Component]
    ./src/app/admin/page.tsx [Server Component]

  Client Component SSR:
    ./src/components/portals/shared/stock-batch-health.tsx [Client Component SSR]
    ./src/components/portals/warehouse/sections/stocks/stocks-view.tsx [Client Component SSR]
    ./src/components/portals/warehouse/WarehousePortal.tsx [Client Component SSR]
    ./src/app/page.tsx [Client Component SSR]
    ./src/app/page.tsx [Server Component]
    ./src/app/admin/page.tsx [Server Component] @ https://localhost:3000/_next/static/chunks/node_modules_next_dist_f3530cac._.js:3127
[ 5728950ms] [ERROR] ./src/components/portals/shared/stock-batch-health.tsx:3:8
Parsing ecmascript source code failed
  1 | import { Badge } from '@/components/ui/badge'
  2 | import {
> 3 | import { cn } from '@/lib/utils'
    |        ^
  4 | import { FILTER_SELECT_CLASS } from './filter-select'
  5 |   CRITICAL_MAX_DAYS_LEFT,
  6 |   EXPIRING_SOON_MAX_DAYS_LEFT,

Expected ',', got '{'

Import traces:
  Client Component Browser:
    ./src/components/portals/shared/stock-batch-health.tsx [Client Component Browser]
    ./src/components/portals/warehouse/sections/stocks/stocks-view.tsx [Client Component Browser]
    ./src/components/portals/warehouse/WarehousePortal.tsx [Client Component Browser]
    ./src/app/page.tsx [Client Component Browser]
    ./src/app/page.tsx [Server Component]
    ./src/app/admin/page.tsx [Server Component]

  Client Component SSR:
    ./src/components/portals/shared/stock-batch-health.tsx [Client Component SSR]
    ./src/components/portals/warehouse/sections/stocks/stocks-view.tsx [Client Component SSR]
    ./src/components/portals/warehouse/WarehousePortal.tsx [Client Component SSR]
    ./src/app/page.tsx [Client Component SSR]
    ./src/app/page.tsx [Server Component]
    ./src/app/admin/page.tsx [Server Component] @ https://localhost:3000/_next/static/chunks/node_modules_next_dist_f3530cac._.js:3127
[ 5729001ms] [ERROR] ./src/components/portals/shared/stock-batch-health.tsx:3:8
Parsing ecmascript source code failed
  1 | import { Badge } from '@/components/ui/badge'
  2 | import {
> 3 | import { cn } from '@/lib/utils'
    |        ^
  4 | import { FILTER_SELECT_CLASS } from './filter-select'
  5 |   CRITICAL_MAX_DAYS_LEFT,
  6 |   EXPIRING_SOON_MAX_DAYS_LEFT,

Expected ',', got '{'

Import traces:
  Client Component Browser:
    ./src/components/portals/shared/stock-batch-health.tsx [Client Component Browser]
    ./src/components/portals/warehouse/sections/stocks/stocks-view.tsx [Client Component Browser]
    ./src/components/portals/warehouse/WarehousePortal.tsx [Client Component Browser]
    ./src/app/page.tsx [Client Component Browser]
    ./src/app/page.tsx [Server Component]
    ./src/app/admin/page.tsx [Server Component]

  Client Component SSR:
    ./src/components/portals/shared/stock-batch-health.tsx [Client Component SSR]
    ./src/components/portals/warehouse/sections/stocks/stocks-view.tsx [Client Component SSR]
    ./src/components/portals/warehouse/WarehousePortal.tsx [Client Component SSR]
    ./src/app/page.tsx [Client Component SSR]
    ./src/app/page.tsx [Server Component]
    ./src/app/admin/page.tsx [Server Component] @ https://localhost:3000/_next/static/chunks/node_modules_next_dist_f3530cac._.js:3127
[ 5729056ms] [ERROR] ./src/components/portals/shared/stock-batch-health.tsx:3:8
Parsing ecmascript source code failed
  1 | import { Badge } from '@/components/ui/badge'
  2 | import {
> 3 | import { cn } from '@/lib/utils'
    |        ^
  4 | import { FILTER_SELECT_CLASS } from './filter-select'
  5 |   CRITICAL_MAX_DAYS_LEFT,
  6 |   EXPIRING_SOON_MAX_DAYS_LEFT,

Expected ',', got '{'

Import traces:
  Client Component Browser:
    ./src/components/portals/shared/stock-batch-health.tsx [Client Component Browser]
    ./src/components/portals/warehouse/sections/stocks/stocks-view.tsx [Client Component Browser]
    ./src/components/portals/warehouse/WarehousePortal.tsx [Client Component Browser]
    ./src/app/page.tsx [Client Component Browser]
    ./src/app/page.tsx [Server Component]
    ./src/app/admin/page.tsx [Server Component]

  Client Component SSR:
    ./src/components/portals/shared/stock-batch-health.tsx [Client Component SSR]
    ./src/components/portals/warehouse/sections/stocks/stocks-view.tsx [Client Component SSR]
    ./src/components/portals/warehouse/WarehousePortal.tsx [Client Component SSR]
    ./src/app/page.tsx [Client Component SSR]
    ./src/app/page.tsx [Server Component]
    ./src/app/admin/page.tsx [Server Component] @ https://localhost:3000/_next/static/chunks/node_modules_next_dist_f3530cac._.js:3127
[ 5729132ms] [ERROR] ./src/components/portals/shared/stock-batch-health.tsx:3:8
Parsing ecmascript source code failed
  1 | import { Badge } from '@/components/ui/badge'
  2 | import {
> 3 | import { cn } from '@/lib/utils'
    |        ^
  4 | import { FILTER_SELECT_CLASS } from './filter-select'
  5 |   CRITICAL_MAX_DAYS_LEFT,
  6 |   EXPIRING_SOON_MAX_DAYS_LEFT,

Expected ',', got '{'

Import traces:
  Client Component Browser:
    ./src/components/portals/shared/stock-batch-health.tsx [Client Component Browser]
    ./src/components/portals/warehouse/sections/stocks/stocks-view.tsx [Client Component Browser]
    ./src/components/portals/warehouse/WarehousePortal.tsx [Client Component Browser]
    ./src/app/page.tsx [Client Component Browser]
    ./src/app/page.tsx [Server Component]
    ./src/app/admin/page.tsx [Server Component]

  Client Component SSR:
    ./src/components/portals/shared/stock-batch-health.tsx [Client Component SSR]
    ./src/components/portals/warehouse/sections/stocks/stocks-view.tsx [Client Component SSR]
    ./src/components/portals/warehouse/WarehousePortal.tsx [Client Component SSR]
    ./src/app/page.tsx [Client Component SSR]
    ./src/app/page.tsx [Server Component]
    ./src/app/admin/page.tsx [Server Component] @ https://localhost:3000/_next/static/chunks/node_modules_next_dist_f3530cac._.js:3127
[ 5729214ms] [ERROR] ./src/components/portals/shared/stock-batch-health.tsx:3:8
Parsing ecmascript source code failed
  1 | import { Badge } from '@/components/ui/badge'
  2 | import {
> 3 | import { cn } from '@/lib/utils'
    |        ^
  4 | import { FILTER_SELECT_CLASS } from './filter-select'
  5 |   CRITICAL_MAX_DAYS_LEFT,
  6 |   EXPIRING_SOON_MAX_DAYS_LEFT,

Expected ',', got '{'

Import traces:
  Client Component Browser:
    ./src/components/portals/shared/stock-batch-health.tsx [Client Component Browser]
    ./src/components/portals/warehouse/sections/stocks/stocks-view.tsx [Client Component Browser]
    ./src/components/portals/warehouse/WarehousePortal.tsx [Client Component Browser]
    ./src/app/page.tsx [Client Component Browser]
    ./src/app/page.tsx [Server Component]
    ./src/app/admin/page.tsx [Server Component]

  Client Component SSR:
    ./src/components/portals/shared/stock-batch-health.tsx [Client Component SSR]
    ./src/components/portals/warehouse/sections/stocks/stocks-view.tsx [Client Component SSR]
    ./src/components/portals/warehouse/WarehousePortal.tsx [Client Component SSR]
    ./src/app/page.tsx [Client Component SSR]
    ./src/app/page.tsx [Server Component]
    ./src/app/admin/page.tsx [Server Component] @ https://localhost:3000/_next/static/chunks/node_modules_next_dist_f3530cac._.js:3127
[ 5729276ms] [ERROR] ./src/components/portals/shared/stock-batch-health.tsx:3:8
Parsing ecmascript source code failed
  1 | import { Badge } from '@/components/ui/badge'
  2 | import {
> 3 | import { cn } from '@/lib/utils'
    |        ^
  4 | import { FILTER_SELECT_CLASS } from './filter-select'
  5 |   CRITICAL_MAX_DAYS_LEFT,
  6 |   EXPIRING_SOON_MAX_DAYS_LEFT,

Expected ',', got '{'

Import traces:
  Client Component Browser:
    ./src/components/portals/shared/stock-batch-health.tsx [Client Component Browser]
    ./src/components/portals/warehouse/sections/stocks/stocks-view.tsx [Client Component Browser]
    ./src/components/portals/warehouse/WarehousePortal.tsx [Client Component Browser]
    ./src/app/page.tsx [Client Component Browser]
    ./src/app/page.tsx [Server Component]
    ./src/app/admin/page.tsx [Server Component]

  Client Component SSR:
    ./src/components/portals/shared/stock-batch-health.tsx [Client Component SSR]
    ./src/components/portals/warehouse/sections/stocks/stocks-view.tsx [Client Component SSR]
    ./src/components/portals/warehouse/WarehousePortal.tsx [Client Component SSR]
    ./src/app/page.tsx [Client Component SSR]
    ./src/app/page.tsx [Server Component]
    ./src/app/admin/page.tsx [Server Component] @ https://localhost:3000/_next/static/chunks/node_modules_next_dist_f3530cac._.js:3127
[ 5729329ms] [ERROR] ./src/components/portals/shared/stock-batch-health.tsx:3:8
Parsing ecmascript source code failed
  1 | import { Badge } from '@/components/ui/badge'
  2 | import {
> 3 | import { cn } from '@/lib/utils'
    |        ^
  4 | import { FILTER_SELECT_CLASS } from './filter-select'
  5 |   CRITICAL_MAX_DAYS_LEFT,
  6 |   EXPIRING_SOON_MAX_DAYS_LEFT,

Expected ',', got '{'

Import traces:
  Client Component Browser:
    ./src/components/portals/shared/stock-batch-health.tsx [Client Component Browser]
    ./src/components/portals/warehouse/sections/stocks/stocks-view.tsx [Client Component Browser]
    ./src/components/portals/warehouse/WarehousePortal.tsx [Client Component Browser]
    ./src/app/page.tsx [Client Component Browser]
    ./src/app/page.tsx [Server Component]
    ./src/app/admin/page.tsx [Server Component]

  Client Component SSR:
    ./src/components/portals/shared/stock-batch-health.tsx [Client Component SSR]
    ./src/components/portals/warehouse/sections/stocks/stocks-view.tsx [Client Component SSR]
    ./src/components/portals/warehouse/WarehousePortal.tsx [Client Component SSR]
    ./src/app/page.tsx [Client Component SSR]
    ./src/app/page.tsx [Server Component]
    ./src/app/admin/page.tsx [Server Component] @ https://localhost:3000/_next/static/chunks/node_modules_next_dist_f3530cac._.js:3127
[ 5729392ms] [ERROR] ./src/components/portals/shared/stock-batch-health.tsx:3:8
Parsing ecmascript source code failed
  1 | import { Badge } from '@/components/ui/badge'
  2 | import {
> 3 | import { cn } from '@/lib/utils'
    |        ^
  4 | import { FILTER_SELECT_CLASS } from './filter-select'
  5 |   CRITICAL_MAX_DAYS_LEFT,
  6 |   EXPIRING_SOON_MAX_DAYS_LEFT,

Expected ',', got '{'

Import traces:
  Client Component Browser:
    ./src/components/portals/shared/stock-batch-health.tsx [Client Component Browser]
    ./src/components/portals/warehouse/sections/stocks/stocks-view.tsx [Client Component Browser]
    ./src/components/portals/warehouse/WarehousePortal.tsx [Client Component Browser]
    ./src/app/page.tsx [Client Component Browser]
    ./src/app/page.tsx [Server Component]
    ./src/app/admin/page.tsx [Server Component]

  Client Component SSR:
    ./src/components/portals/shared/stock-batch-health.tsx [Client Component SSR]
    ./src/components/portals/warehouse/sections/stocks/stocks-view.tsx [Client Component SSR]
    ./src/components/portals/warehouse/WarehousePortal.tsx [Client Component SSR]
    ./src/app/page.tsx [Client Component SSR]
    ./src/app/page.tsx [Server Component]
    ./src/app/admin/page.tsx [Server Component] @ https://localhost:3000/_next/static/chunks/node_modules_next_dist_f3530cac._.js:3127
[ 5729449ms] [ERROR] ./src/components/portals/shared/stock-batch-health.tsx:3:8
Parsing ecmascript source code failed
  1 | import { Badge } from '@/components/ui/badge'
  2 | import {
> 3 | import { cn } from '@/lib/utils'
    |        ^
  4 | import { FILTER_SELECT_CLASS } from './filter-select'
  5 |   CRITICAL_MAX_DAYS_LEFT,
  6 |   EXPIRING_SOON_MAX_DAYS_LEFT,

Expected ',', got '{'

Import traces:
  Client Component Browser:
    ./src/components/portals/shared/stock-batch-health.tsx [Client Component Browser]
    ./src/components/portals/warehouse/sections/stocks/stocks-view.tsx [Client Component Browser]
    ./src/components/portals/warehouse/WarehousePortal.tsx [Client Component Browser]
    ./src/app/page.tsx [Client Component Browser]
    ./src/app/page.tsx [Server Component]
    ./src/app/admin/page.tsx [Server Component]

  Client Component SSR:
    ./src/components/portals/shared/stock-batch-health.tsx [Client Component SSR]
    ./src/components/portals/warehouse/sections/stocks/stocks-view.tsx [Client Component SSR]
    ./src/components/portals/warehouse/WarehousePortal.tsx [Client Component SSR]
    ./src/app/page.tsx [Client Component SSR]
    ./src/app/page.tsx [Server Component]
    ./src/app/admin/page.tsx [Server Component] @ https://localhost:3000/_next/static/chunks/node_modules_next_dist_f3530cac._.js:3127
[ 5729510ms] [ERROR] ./src/components/portals/shared/stock-batch-health.tsx:3:8
Parsing ecmascript source code failed
  1 | import { Badge } from '@/components/ui/badge'
  2 | import {
> 3 | import { cn } from '@/lib/utils'
    |        ^
  4 | import { FILTER_SELECT_CLASS } from './filter-select'
  5 |   CRITICAL_MAX_DAYS_LEFT,
  6 |   EXPIRING_SOON_MAX_DAYS_LEFT,

Expected ',', got '{'

Import traces:
  Client Component Browser:
    ./src/components/portals/shared/stock-batch-health.tsx [Client Component Browser]
    ./src/components/portals/warehouse/sections/stocks/stocks-view.tsx [Client Component Browser]
    ./src/components/portals/warehouse/WarehousePortal.tsx [Client Component Browser]
    ./src/app/page.tsx [Client Component Browser]
    ./src/app/page.tsx [Server Component]
    ./src/app/admin/page.tsx [Server Component]

  Client Component SSR:
    ./src/components/portals/shared/stock-batch-health.tsx [Client Component SSR]
    ./src/components/portals/warehouse/sections/stocks/stocks-view.tsx [Client Component SSR]
    ./src/components/portals/warehouse/WarehousePortal.tsx [Client Component SSR]
    ./src/app/page.tsx [Client Component SSR]
    ./src/app/page.tsx [Server Component]
    ./src/app/admin/page.tsx [Server Component] @ https://localhost:3000/_next/static/chunks/node_modules_next_dist_f3530cac._.js:3127
[ 5729562ms] [ERROR] ./src/components/portals/shared/stock-batch-health.tsx:3:8
Parsing ecmascript source code failed
  1 | import { Badge } from '@/components/ui/badge'
  2 | import {
> 3 | import { cn } from '@/lib/utils'
    |        ^
  4 | import { FILTER_SELECT_CLASS } from './filter-select'
  5 |   CRITICAL_MAX_DAYS_LEFT,
  6 |   EXPIRING_SOON_MAX_DAYS_LEFT,

Expected ',', got '{'

Import traces:
  Client Component Browser:
    ./src/components/portals/shared/stock-batch-health.tsx [Client Component Browser]
    ./src/components/portals/warehouse/sections/stocks/stocks-view.tsx [Client Component Browser]
    ./src/components/portals/warehouse/WarehousePortal.tsx [Client Component Browser]
    ./src/app/page.tsx [Client Component Browser]
    ./src/app/page.tsx [Server Component]
    ./src/app/admin/page.tsx [Server Component]

  Client Component SSR:
    ./src/components/portals/shared/stock-batch-health.tsx [Client Component SSR]
    ./src/components/portals/warehouse/sections/stocks/stocks-view.tsx [Client Component SSR]
    ./src/components/portals/warehouse/WarehousePortal.tsx [Client Component SSR]
    ./src/app/page.tsx [Client Component SSR]
    ./src/app/page.tsx [Server Component]
    ./src/app/admin/page.tsx [Server Component] @ https://localhost:3000/_next/static/chunks/node_modules_next_dist_f3530cac._.js:3127
[ 5729639ms] [ERROR] ./src/components/portals/shared/stock-batch-health.tsx:3:8
Parsing ecmascript source code failed
  1 | import { Badge } from '@/components/ui/badge'
  2 | import {
> 3 | import { cn } from '@/lib/utils'
    |        ^
  4 | import { FILTER_SELECT_CLASS } from './filter-select'
  5 |   CRITICAL_MAX_DAYS_LEFT,
  6 |   EXPIRING_SOON_MAX_DAYS_LEFT,

Expected ',', got '{'

Import traces:
  Client Component Browser:
    ./src/components/portals/shared/stock-batch-health.tsx [Client Component Browser]
    ./src/components/portals/warehouse/sections/stocks/stocks-view.tsx [Client Component Browser]
    ./src/components/portals/warehouse/WarehousePortal.tsx [Client Component Browser]
    ./src/app/page.tsx [Client Component Browser]
    ./src/app/page.tsx [Server Component]
    ./src/app/admin/page.tsx [Server Component]

  Client Component SSR:
    ./src/components/portals/shared/stock-batch-health.tsx [Client Component SSR]
    ./src/components/portals/warehouse/sections/stocks/stocks-view.tsx [Client Component SSR]
    ./src/components/portals/warehouse/WarehousePortal.tsx [Client Component SSR]
    ./src/app/page.tsx [Client Component SSR]
    ./src/app/page.tsx [Server Component]
    ./src/app/admin/page.tsx [Server Component] @ https://localhost:3000/_next/static/chunks/node_modules_next_dist_f3530cac._.js:3127
[ 5729705ms] [ERROR] ./src/components/portals/shared/stock-batch-health.tsx:3:8
Parsing ecmascript source code failed
  1 | import { Badge } from '@/components/ui/badge'
  2 | import {
> 3 | import { cn } from '@/lib/utils'
    |        ^
  4 | import { FILTER_SELECT_CLASS } from './filter-select'
  5 |   CRITICAL_MAX_DAYS_LEFT,
  6 |   EXPIRING_SOON_MAX_DAYS_LEFT,

Expected ',', got '{'

Import traces:
  Client Component Browser:
    ./src/components/portals/shared/stock-batch-health.tsx [Client Component Browser]
    ./src/components/portals/warehouse/sections/stocks/stocks-view.tsx [Client Component Browser]
    ./src/components/portals/warehouse/WarehousePortal.tsx [Client Component Browser]
    ./src/app/page.tsx [Client Component Browser]
    ./src/app/page.tsx [Server Component]
    ./src/app/admin/page.tsx [Server Component]

  Client Component SSR:
    ./src/components/portals/shared/stock-batch-health.tsx [Client Component SSR]
    ./src/components/portals/warehouse/sections/stocks/stocks-view.tsx [Client Component SSR]
    ./src/components/portals/warehouse/WarehousePortal.tsx [Client Component SSR]
    ./src/app/page.tsx [Client Component SSR]
    ./src/app/page.tsx [Server Component]
    ./src/app/admin/page.tsx [Server Component] @ https://localhost:3000/_next/static/chunks/node_modules_next_dist_f3530cac._.js:3127
[ 5729760ms] [ERROR] ./src/components/portals/shared/stock-batch-health.tsx:3:8
Parsing ecmascript source code failed
  1 | import { Badge } from '@/components/ui/badge'
  2 | import {
> 3 | import { cn } from '@/lib/utils'
    |        ^
  4 | import { FILTER_SELECT_CLASS } from './filter-select'
  5 |   CRITICAL_MAX_DAYS_LEFT,
  6 |   EXPIRING_SOON_MAX_DAYS_LEFT,

Expected ',', got '{'

Import traces:
  Client Component Browser:
    ./src/components/portals/shared/stock-batch-health.tsx [Client Component Browser]
    ./src/components/portals/warehouse/sections/stocks/stocks-view.tsx [Client Component Browser]
    ./src/components/portals/warehouse/WarehousePortal.tsx [Client Component Browser]
    ./src/app/page.tsx [Client Component Browser]
    ./src/app/page.tsx [Server Component]
    ./src/app/admin/page.tsx [Server Component]

  Client Component SSR:
    ./src/components/portals/shared/stock-batch-health.tsx [Client Component SSR]
    ./src/components/portals/warehouse/sections/stocks/stocks-view.tsx [Client Component SSR]
    ./src/components/portals/warehouse/WarehousePortal.tsx [Client Component SSR]
    ./src/app/page.tsx [Client Component SSR]
    ./src/app/page.tsx [Server Component]
    ./src/app/admin/page.tsx [Server Component] @ https://localhost:3000/_next/static/chunks/node_modules_next_dist_f3530cac._.js:3127
[ 5729821ms] [ERROR] ./src/components/portals/shared/stock-batch-health.tsx:3:8
Parsing ecmascript source code failed
  1 | import { Badge } from '@/components/ui/badge'
  2 | import {
> 3 | import { cn } from '@/lib/utils'
    |        ^
  4 | import { FILTER_SELECT_CLASS } from './filter-select'
  5 |   CRITICAL_MAX_DAYS_LEFT,
  6 |   EXPIRING_SOON_MAX_DAYS_LEFT,

Expected ',', got '{'

Import traces:
  Client Component Browser:
    ./src/components/portals/shared/stock-batch-health.tsx [Client Component Browser]
    ./src/components/portals/warehouse/sections/stocks/stocks-view.tsx [Client Component Browser]
    ./src/components/portals/warehouse/WarehousePortal.tsx [Client Component Browser]
    ./src/app/page.tsx [Client Component Browser]
    ./src/app/page.tsx [Server Component]
    ./src/app/admin/page.tsx [Server Component]

  Client Component SSR:
    ./src/components/portals/shared/stock-batch-health.tsx [Client Component SSR]
    ./src/components/portals/warehouse/sections/stocks/stocks-view.tsx [Client Component SSR]
    ./src/components/portals/warehouse/WarehousePortal.tsx [Client Component SSR]
    ./src/app/page.tsx [Client Component SSR]
    ./src/app/page.tsx [Server Component]
    ./src/app/admin/page.tsx [Server Component] @ https://localhost:3000/_next/static/chunks/node_modules_next_dist_f3530cac._.js:3127
[ 5729873ms] [ERROR] ./src/components/portals/shared/stock-batch-health.tsx:3:8
Parsing ecmascript source code failed
  1 | import { Badge } from '@/components/ui/badge'
  2 | import {
> 3 | import { cn } from '@/lib/utils'
    |        ^
  4 | import { FILTER_SELECT_CLASS } from './filter-select'
  5 |   CRITICAL_MAX_DAYS_LEFT,
  6 |   EXPIRING_SOON_MAX_DAYS_LEFT,

Expected ',', got '{'

Import traces:
  Client Component Browser:
    ./src/components/portals/shared/stock-batch-health.tsx [Client Component Browser]
    ./src/components/portals/warehouse/sections/stocks/stocks-view.tsx [Client Component Browser]
    ./src/components/portals/warehouse/WarehousePortal.tsx [Client Component Browser]
    ./src/app/page.tsx [Client Component Browser]
    ./src/app/page.tsx [Server Component]
    ./src/app/admin/page.tsx [Server Component]

  Client Component SSR:
    ./src/components/portals/shared/stock-batch-health.tsx [Client Component SSR]
    ./src/components/portals/warehouse/sections/stocks/stocks-view.tsx [Client Component SSR]
    ./src/components/portals/warehouse/WarehousePortal.tsx [Client Component SSR]
    ./src/app/page.tsx [Client Component SSR]
    ./src/app/page.tsx [Server Component]
    ./src/app/admin/page.tsx [Server Component] @ https://localhost:3000/_next/static/chunks/node_modules_next_dist_f3530cac._.js:3127
[ 5729923ms] [ERROR] ./src/components/portals/shared/stock-batch-health.tsx:3:8
Parsing ecmascript source code failed
  1 | import { Badge } from '@/components/ui/badge'
  2 | import {
> 3 | import { cn } from '@/lib/utils'
    |        ^
  4 | import { FILTER_SELECT_CLASS } from './filter-select'
  5 |   CRITICAL_MAX_DAYS_LEFT,
  6 |   EXPIRING_SOON_MAX_DAYS_LEFT,

Expected ',', got '{'

Import traces:
  Client Component Browser:
    ./src/components/portals/shared/stock-batch-health.tsx [Client Component Browser]
    ./src/components/portals/warehouse/sections/stocks/stocks-view.tsx [Client Component Browser]
    ./src/components/portals/warehouse/WarehousePortal.tsx [Client Component Browser]
    ./src/app/page.tsx [Client Component Browser]
    ./src/app/page.tsx [Server Component]
    ./src/app/admin/page.tsx [Server Component]

  Client Component SSR:
    ./src/components/portals/shared/stock-batch-health.tsx [Client Component SSR]
    ./src/components/portals/warehouse/sections/stocks/stocks-view.tsx [Client Component SSR]
    ./src/components/portals/warehouse/WarehousePortal.tsx [Client Component SSR]
    ./src/app/page.tsx [Client Component SSR]
    ./src/app/page.tsx [Server Component]
    ./src/app/admin/page.tsx [Server Component] @ https://localhost:3000/_next/static/chunks/node_modules_next_dist_f3530cac._.js:3127
[ 5729971ms] [ERROR] ./src/components/portals/shared/stock-batch-health.tsx:3:8
Parsing ecmascript source code failed
  1 | import { Badge } from '@/components/ui/badge'
  2 | import {
> 3 | import { cn } from '@/lib/utils'
    |        ^
  4 | import { FILTER_SELECT_CLASS } from './filter-select'
  5 |   CRITICAL_MAX_DAYS_LEFT,
  6 |   EXPIRING_SOON_MAX_DAYS_LEFT,

Expected ',', got '{'

Import traces:
  Client Component Browser:
    ./src/components/portals/shared/stock-batch-health.tsx [Client Component Browser]
    ./src/components/portals/warehouse/sections/stocks/stocks-view.tsx [Client Component Browser]
    ./src/components/portals/warehouse/WarehousePortal.tsx [Client Component Browser]
    ./src/app/page.tsx [Client Component Browser]
    ./src/app/page.tsx [Server Component]
    ./src/app/admin/page.tsx [Server Component]

  Client Component SSR:
    ./src/components/portals/shared/stock-batch-health.tsx [Client Component SSR]
    ./src/components/portals/warehouse/sections/stocks/stocks-view.tsx [Client Component SSR]
    ./src/components/portals/warehouse/WarehousePortal.tsx [Client Component SSR]
    ./src/app/page.tsx [Client Component SSR]
    ./src/app/page.tsx [Server Component]
    ./src/app/admin/page.tsx [Server Component] @ https://localhost:3000/_next/static/chunks/node_modules_next_dist_f3530cac._.js:3127
[ 5730036ms] [ERROR] ./src/components/portals/shared/stock-batch-health.tsx:3:8
Parsing ecmascript source code failed
  1 | import { Badge } from '@/components/ui/badge'
  2 | import {
> 3 | import { cn } from '@/lib/utils'
    |        ^
  4 | import { FILTER_SELECT_CLASS } from './filter-select'
  5 |   CRITICAL_MAX_DAYS_LEFT,
  6 |   EXPIRING_SOON_MAX_DAYS_LEFT,

Expected ',', got '{'

Import traces:
  Client Component Browser:
    ./src/components/portals/shared/stock-batch-health.tsx [Client Component Browser]
    ./src/components/portals/warehouse/sections/stocks/stocks-view.tsx [Client Component Browser]
    ./src/components/portals/warehouse/WarehousePortal.tsx [Client Component Browser]
    ./src/app/page.tsx [Client Component Browser]
    ./src/app/page.tsx [Server Component]
    ./src/app/admin/page.tsx [Server Component]

  Client Component SSR:
    ./src/components/portals/shared/stock-batch-health.tsx [Client Component SSR]
    ./src/components/portals/warehouse/sections/stocks/stocks-view.tsx [Client Component SSR]
    ./src/components/portals/warehouse/WarehousePortal.tsx [Client Component SSR]
    ./src/app/page.tsx [Client Component SSR]
    ./src/app/page.tsx [Server Component]
    ./src/app/admin/page.tsx [Server Component] @ https://localhost:3000/_next/static/chunks/node_modules_next_dist_f3530cac._.js:3127
[ 5730088ms] [ERROR] ./src/components/portals/shared/stock-batch-health.tsx:3:8
Parsing ecmascript source code failed
  1 | import { Badge } from '@/components/ui/badge'
  2 | import {
> 3 | import { cn } from '@/lib/utils'
    |        ^
  4 | import { FILTER_SELECT_CLASS } from './filter-select'
  5 |   CRITICAL_MAX_DAYS_LEFT,
  6 |   EXPIRING_SOON_MAX_DAYS_LEFT,

Expected ',', got '{'

Import traces:
  Client Component Browser:
    ./src/components/portals/shared/stock-batch-health.tsx [Client Component Browser]
    ./src/components/portals/warehouse/sections/stocks/stocks-view.tsx [Client Component Browser]
    ./src/components/portals/warehouse/WarehousePortal.tsx [Client Component Browser]
    ./src/app/page.tsx [Client Component Browser]
    ./src/app/page.tsx [Server Component]
    ./src/app/admin/page.tsx [Server Component]

  Client Component SSR:
    ./src/components/portals/shared/stock-batch-health.tsx [Client Component SSR]
    ./src/components/portals/warehouse/sections/stocks/stocks-view.tsx [Client Component SSR]
    ./src/components/portals/warehouse/WarehousePortal.tsx [Client Component SSR]
    ./src/app/page.tsx [Client Component SSR]
    ./src/app/page.tsx [Server Component]
    ./src/app/admin/page.tsx [Server Component] @ https://localhost:3000/_next/static/chunks/node_modules_next_dist_f3530cac._.js:3127
[ 5730148ms] [ERROR] ./src/components/portals/shared/stock-batch-health.tsx:3:8
Parsing ecmascript source code failed
  1 | import { Badge } from '@/components/ui/badge'
  2 | import {
> 3 | import { cn } from '@/lib/utils'
    |        ^
  4 | import { FILTER_SELECT_CLASS } from './filter-select'
  5 |   CRITICAL_MAX_DAYS_LEFT,
  6 |   EXPIRING_SOON_MAX_DAYS_LEFT,

Expected ',', got '{'

Import traces:
  Client Component Browser:
    ./src/components/portals/shared/stock-batch-health.tsx [Client Component Browser]
    ./src/components/portals/warehouse/sections/stocks/stocks-view.tsx [Client Component Browser]
    ./src/components/portals/warehouse/WarehousePortal.tsx [Client Component Browser]
    ./src/app/page.tsx [Client Component Browser]
    ./src/app/page.tsx [Server Component]
    ./src/app/admin/page.tsx [Server Component]

  Client Component SSR:
    ./src/components/portals/shared/stock-batch-health.tsx [Client Component SSR]
    ./src/components/portals/warehouse/sections/stocks/stocks-view.tsx [Client Component SSR]
    ./src/components/portals/warehouse/WarehousePortal.tsx [Client Component SSR]
    ./src/app/page.tsx [Client Component SSR]
    ./src/app/page.tsx [Server Component]
    ./src/app/admin/page.tsx [Server Component] @ https://localhost:3000/_next/static/chunks/node_modules_next_dist_f3530cac._.js:3127
[ 5730197ms] [ERROR] ./src/components/portals/shared/stock-batch-health.tsx:3:8
Parsing ecmascript source code failed
  1 | import { Badge } from '@/components/ui/badge'
  2 | import {
> 3 | import { cn } from '@/lib/utils'
    |        ^
  4 | import { FILTER_SELECT_CLASS } from './filter-select'
  5 |   CRITICAL_MAX_DAYS_LEFT,
  6 |   EXPIRING_SOON_MAX_DAYS_LEFT,

Expected ',', got '{'

Import traces:
  Client Component Browser:
    ./src/components/portals/shared/stock-batch-health.tsx [Client Component Browser]
    ./src/components/portals/warehouse/sections/stocks/stocks-view.tsx [Client Component Browser]
    ./src/components/portals/warehouse/WarehousePortal.tsx [Client Component Browser]
    ./src/app/page.tsx [Client Component Browser]
    ./src/app/page.tsx [Server Component]
    ./src/app/admin/page.tsx [Server Component]

  Client Component SSR:
    ./src/components/portals/shared/stock-batch-health.tsx [Client Component SSR]
    ./src/components/portals/warehouse/sections/stocks/stocks-view.tsx [Client Component SSR]
    ./src/components/portals/warehouse/WarehousePortal.tsx [Client Component SSR]
    ./src/app/page.tsx [Client Component SSR]
    ./src/app/page.tsx [Server Component]
    ./src/app/admin/page.tsx [Server Component] @ https://localhost:3000/_next/static/chunks/node_modules_next_dist_f3530cac._.js:3127
[ 5730255ms] [ERROR] ./src/components/portals/shared/stock-batch-health.tsx:3:8
Parsing ecmascript source code failed
  1 | import { Badge } from '@/components/ui/badge'
  2 | import {
> 3 | import { cn } from '@/lib/utils'
    |        ^
  4 | import { FILTER_SELECT_CLASS } from './filter-select'
  5 |   CRITICAL_MAX_DAYS_LEFT,
  6 |   EXPIRING_SOON_MAX_DAYS_LEFT,

Expected ',', got '{'

Import traces:
  Client Component Browser:
    ./src/components/portals/shared/stock-batch-health.tsx [Client Component Browser]
    ./src/components/portals/warehouse/sections/stocks/stocks-view.tsx [Client Component Browser]
    ./src/components/portals/warehouse/WarehousePortal.tsx [Client Component Browser]
    ./src/app/page.tsx [Client Component Browser]
    ./src/app/page.tsx [Server Component]
    ./src/app/admin/page.tsx [Server Component]

  Client Component SSR:
    ./src/components/portals/shared/stock-batch-health.tsx [Client Component SSR]
    ./src/components/portals/warehouse/sections/stocks/stocks-view.tsx [Client Component SSR]
    ./src/components/portals/warehouse/WarehousePortal.tsx [Client Component SSR]
    ./src/app/page.tsx [Client Component SSR]
    ./src/app/page.tsx [Server Component]
    ./src/app/admin/page.tsx [Server Component] @ https://localhost:3000/_next/static/chunks/node_modules_next_dist_f3530cac._.js:3127
[ 5730320ms] [ERROR] ./src/components/portals/shared/stock-batch-health.tsx:3:8
Parsing ecmascript source code failed
  1 | import { Badge } from '@/components/ui/badge'
  2 | import {
> 3 | import { cn } from '@/lib/utils'
    |        ^
  4 | import { FILTER_SELECT_CLASS } from './filter-select'
  5 |   CRITICAL_MAX_DAYS_LEFT,
  6 |   EXPIRING_SOON_MAX_DAYS_LEFT,

Expected ',', got '{'

Import traces:
  Client Component Browser:
    ./src/components/portals/shared/stock-batch-health.tsx [Client Component Browser]
    ./src/components/portals/warehouse/sections/stocks/stocks-view.tsx [Client Component Browser]
    ./src/components/portals/warehouse/WarehousePortal.tsx [Client Component Browser]
    ./src/app/page.tsx [Client Component Browser]
    ./src/app/page.tsx [Server Component]
    ./src/app/admin/page.tsx [Server Component]

  Client Component SSR:
    ./src/components/portals/shared/stock-batch-health.tsx [Client Component SSR]
    ./src/components/portals/warehouse/sections/stocks/stocks-view.tsx [Client Component SSR]
    ./src/components/portals/warehouse/WarehousePortal.tsx [Client Component SSR]
    ./src/app/page.tsx [Client Component SSR]
    ./src/app/page.tsx [Server Component]
    ./src/app/admin/page.tsx [Server Component] @ https://localhost:3000/_next/static/chunks/node_modules_next_dist_f3530cac._.js:3127
[ 5730387ms] [ERROR] ./src/components/portals/shared/stock-batch-health.tsx:3:8
Parsing ecmascript source code failed
  1 | import { Badge } from '@/components/ui/badge'
  2 | import {
> 3 | import { cn } from '@/lib/utils'
    |        ^
  4 | import { FILTER_SELECT_CLASS } from './filter-select'
  5 |   CRITICAL_MAX_DAYS_LEFT,
  6 |   EXPIRING_SOON_MAX_DAYS_LEFT,

Expected ',', got '{'

Import traces:
  Client Component Browser:
    ./src/components/portals/shared/stock-batch-health.tsx [Client Component Browser]
    ./src/components/portals/warehouse/sections/stocks/stocks-view.tsx [Client Component Browser]
    ./src/components/portals/warehouse/WarehousePortal.tsx [Client Component Browser]
    ./src/app/page.tsx [Client Component Browser]
    ./src/app/page.tsx [Server Component]
    ./src/app/admin/page.tsx [Server Component]

  Client Component SSR:
    ./src/components/portals/shared/stock-batch-health.tsx [Client Component SSR]
    ./src/components/portals/warehouse/sections/stocks/stocks-view.tsx [Client Component SSR]
    ./src/components/portals/warehouse/WarehousePortal.tsx [Client Component SSR]
    ./src/app/page.tsx [Client Component SSR]
    ./src/app/page.tsx [Server Component]
    ./src/app/admin/page.tsx [Server Component] @ https://localhost:3000/_next/static/chunks/node_modules_next_dist_f3530cac._.js:3127
[ 5730439ms] [ERROR] ./src/components/portals/shared/stock-batch-health.tsx:3:8
Parsing ecmascript source code failed
  1 | import { Badge } from '@/components/ui/badge'
  2 | import {
> 3 | import { cn } from '@/lib/utils'
    |        ^
  4 | import { FILTER_SELECT_CLASS } from './filter-select'
  5 |   CRITICAL_MAX_DAYS_LEFT,
  6 |   EXPIRING_SOON_MAX_DAYS_LEFT,

Expected ',', got '{'

Import traces:
  Client Component Browser:
    ./src/components/portals/shared/stock-batch-health.tsx [Client Component Browser]
    ./src/components/portals/warehouse/sections/stocks/stocks-view.tsx [Client Component Browser]
    ./src/components/portals/warehouse/WarehousePortal.tsx [Client Component Browser]
    ./src/app/page.tsx [Client Component Browser]
    ./src/app/page.tsx [Server Component]
    ./src/app/admin/page.tsx [Server Component]

  Client Component SSR:
    ./src/components/portals/shared/stock-batch-health.tsx [Client Component SSR]
    ./src/components/portals/warehouse/sections/stocks/stocks-view.tsx [Client Component SSR]
    ./src/components/portals/warehouse/WarehousePortal.tsx [Client Component SSR]
    ./src/app/page.tsx [Client Component SSR]
    ./src/app/page.tsx [Server Component]
    ./src/app/admin/page.tsx [Server Component] @ https://localhost:3000/_next/static/chunks/node_modules_next_dist_f3530cac._.js:3127
[ 5730489ms] [ERROR] ./src/components/portals/shared/stock-batch-health.tsx:3:8
Parsing ecmascript source code failed
  1 | import { Badge } from '@/components/ui/badge'
  2 | import {
> 3 | import { cn } from '@/lib/utils'
    |        ^
  4 | import { FILTER_SELECT_CLASS } from './filter-select'
  5 |   CRITICAL_MAX_DAYS_LEFT,
  6 |   EXPIRING_SOON_MAX_DAYS_LEFT,

Expected ',', got '{'

Import traces:
  Client Component Browser:
    ./src/components/portals/shared/stock-batch-health.tsx [Client Component Browser]
    ./src/components/portals/warehouse/sections/stocks/stocks-view.tsx [Client Component Browser]
    ./src/components/portals/warehouse/WarehousePortal.tsx [Client Component Browser]
    ./src/app/page.tsx [Client Component Browser]
    ./src/app/page.tsx [Server Component]
    ./src/app/admin/page.tsx [Server Component]

  Client Component SSR:
    ./src/components/portals/shared/stock-batch-health.tsx [Client Component SSR]
    ./src/components/portals/warehouse/sections/stocks/stocks-view.tsx [Client Component SSR]
    ./src/components/portals/warehouse/WarehousePortal.tsx [Client Component SSR]
    ./src/app/page.tsx [Client Component SSR]
    ./src/app/page.tsx [Server Component]
    ./src/app/admin/page.tsx [Server Component] @ https://localhost:3000/_next/static/chunks/node_modules_next_dist_f3530cac._.js:3127
[ 5730554ms] [ERROR] ./src/components/portals/shared/stock-batch-health.tsx:3:8
Parsing ecmascript source code failed
  1 | import { Badge } from '@/components/ui/badge'
  2 | import {
> 3 | import { cn } from '@/lib/utils'
    |        ^
  4 | import { FILTER_SELECT_CLASS } from './filter-select'
  5 |   CRITICAL_MAX_DAYS_LEFT,
  6 |   EXPIRING_SOON_MAX_DAYS_LEFT,

Expected ',', got '{'

Import traces:
  Client Component Browser:
    ./src/components/portals/shared/stock-batch-health.tsx [Client Component Browser]
    ./src/components/portals/warehouse/sections/stocks/stocks-view.tsx [Client Component Browser]
    ./src/components/portals/warehouse/WarehousePortal.tsx [Client Component Browser]
    ./src/app/page.tsx [Client Component Browser]
    ./src/app/page.tsx [Server Component]
    ./src/app/admin/page.tsx [Server Component]

  Client Component SSR:
    ./src/components/portals/shared/stock-batch-health.tsx [Client Component SSR]
    ./src/components/portals/warehouse/sections/stocks/stocks-view.tsx [Client Component SSR]
    ./src/components/portals/warehouse/WarehousePortal.tsx [Client Component SSR]
    ./src/app/page.tsx [Client Component SSR]
    ./src/app/page.tsx [Server Component]
    ./src/app/admin/page.tsx [Server Component] @ https://localhost:3000/_next/static/chunks/node_modules_next_dist_f3530cac._.js:3127
[ 5730620ms] [ERROR] ./src/components/portals/shared/stock-batch-health.tsx:3:8
Parsing ecmascript source code failed
  1 | import { Badge } from '@/components/ui/badge'
  2 | import {
> 3 | import { cn } from '@/lib/utils'
    |        ^
  4 | import { FILTER_SELECT_CLASS } from './filter-select'
  5 |   CRITICAL_MAX_DAYS_LEFT,
  6 |   EXPIRING_SOON_MAX_DAYS_LEFT,

Expected ',', got '{'

Import traces:
  Client Component Browser:
    ./src/components/portals/shared/stock-batch-health.tsx [Client Component Browser]
    ./src/components/portals/warehouse/sections/stocks/stocks-view.tsx [Client Component Browser]
    ./src/components/portals/warehouse/WarehousePortal.tsx [Client Component Browser]
    ./src/app/page.tsx [Client Component Browser]
    ./src/app/page.tsx [Server Component]
    ./src/app/admin/page.tsx [Server Component]

  Client Component SSR:
    ./src/components/portals/shared/stock-batch-health.tsx [Client Component SSR]
    ./src/components/portals/warehouse/sections/stocks/stocks-view.tsx [Client Component SSR]
    ./src/components/portals/warehouse/WarehousePortal.tsx [Client Component SSR]
    ./src/app/page.tsx [Client Component SSR]
    ./src/app/page.tsx [Server Component]
    ./src/app/admin/page.tsx [Server Component] @ https://localhost:3000/_next/static/chunks/node_modules_next_dist_f3530cac._.js:3127
[ 5730683ms] [ERROR] ./src/components/portals/shared/stock-batch-health.tsx:3:8
Parsing ecmascript source code failed
  1 | import { Badge } from '@/components/ui/badge'
  2 | import {
> 3 | import { cn } from '@/lib/utils'
    |        ^
  4 | import { FILTER_SELECT_CLASS } from './filter-select'
  5 |   CRITICAL_MAX_DAYS_LEFT,
  6 |   EXPIRING_SOON_MAX_DAYS_LEFT,

Expected ',', got '{'

Import traces:
  Client Component Browser:
    ./src/components/portals/shared/stock-batch-health.tsx [Client Component Browser]
    ./src/components/portals/warehouse/sections/stocks/stocks-view.tsx [Client Component Browser]
    ./src/components/portals/warehouse/WarehousePortal.tsx [Client Component Browser]
    ./src/app/page.tsx [Client Component Browser]
    ./src/app/page.tsx [Server Component]
    ./src/app/admin/page.tsx [Server Component]

  Client Component SSR:
    ./src/components/portals/shared/stock-batch-health.tsx [Client Component SSR]
    ./src/components/portals/warehouse/sections/stocks/stocks-view.tsx [Client Component SSR]
    ./src/components/portals/warehouse/WarehousePortal.tsx [Client Component SSR]
    ./src/app/page.tsx [Client Component SSR]
    ./src/app/page.tsx [Server Component]
    ./src/app/admin/page.tsx [Server Component] @ https://localhost:3000/_next/static/chunks/node_modules_next_dist_f3530cac._.js:3127
[ 5730747ms] [ERROR] ./src/components/portals/shared/stock-batch-health.tsx:3:8
Parsing ecmascript source code failed
  1 | import { Badge } from '@/components/ui/badge'
  2 | import {
> 3 | import { cn } from '@/lib/utils'
    |        ^
  4 | import { FILTER_SELECT_CLASS } from './filter-select'
  5 |   CRITICAL_MAX_DAYS_LEFT,
  6 |   EXPIRING_SOON_MAX_DAYS_LEFT,

Expected ',', got '{'

Import traces:
  Client Component Browser:
    ./src/components/portals/shared/stock-batch-health.tsx [Client Component Browser]
    ./src/components/portals/warehouse/sections/stocks/stocks-view.tsx [Client Component Browser]
    ./src/components/portals/warehouse/WarehousePortal.tsx [Client Component Browser]
    ./src/app/page.tsx [Client Component Browser]
    ./src/app/page.tsx [Server Component]
    ./src/app/admin/page.tsx [Server Component]

  Client Component SSR:
    ./src/components/portals/shared/stock-batch-health.tsx [Client Component SSR]
    ./src/components/portals/warehouse/sections/stocks/stocks-view.tsx [Client Component SSR]
    ./src/components/portals/warehouse/WarehousePortal.tsx [Client Component SSR]
    ./src/app/page.tsx [Client Component SSR]
    ./src/app/page.tsx [Server Component]
    ./src/app/admin/page.tsx [Server Component] @ https://localhost:3000/_next/static/chunks/node_modules_next_dist_f3530cac._.js:3127
[ 5730805ms] [ERROR] ./src/components/portals/shared/stock-batch-health.tsx:3:8
Parsing ecmascript source code failed
  1 | import { Badge } from '@/components/ui/badge'
  2 | import {
> 3 | import { cn } from '@/lib/utils'
    |        ^
  4 | import { FILTER_SELECT_CLASS } from './filter-select'
  5 |   CRITICAL_MAX_DAYS_LEFT,
  6 |   EXPIRING_SOON_MAX_DAYS_LEFT,

Expected ',', got '{'

Import traces:
  Client Component Browser:
    ./src/components/portals/shared/stock-batch-health.tsx [Client Component Browser]
    ./src/components/portals/warehouse/sections/stocks/stocks-view.tsx [Client Component Browser]
    ./src/components/portals/warehouse/WarehousePortal.tsx [Client Component Browser]
    ./src/app/page.tsx [Client Component Browser]
    ./src/app/page.tsx [Server Component]
    ./src/app/admin/page.tsx [Server Component]

  Client Component SSR:
    ./src/components/portals/shared/stock-batch-health.tsx [Client Component SSR]
    ./src/components/portals/warehouse/sections/stocks/stocks-view.tsx [Client Component SSR]
    ./src/components/portals/warehouse/WarehousePortal.tsx [Client Component SSR]
    ./src/app/page.tsx [Client Component SSR]
    ./src/app/page.tsx [Server Component]
    ./src/app/admin/page.tsx [Server Component] @ https://localhost:3000/_next/static/chunks/node_modules_next_dist_f3530cac._.js:3127
[ 5730869ms] [ERROR] ./src/components/portals/shared/stock-batch-health.tsx:3:8
Parsing ecmascript source code failed
  1 | import { Badge } from '@/components/ui/badge'
  2 | import {
> 3 | import { cn } from '@/lib/utils'
    |        ^
  4 | import { FILTER_SELECT_CLASS } from './filter-select'
  5 |   CRITICAL_MAX_DAYS_LEFT,
  6 |   EXPIRING_SOON_MAX_DAYS_LEFT,

Expected ',', got '{'

Import traces:
  Client Component Browser:
    ./src/components/portals/shared/stock-batch-health.tsx [Client Component Browser]
    ./src/components/portals/warehouse/sections/stocks/stocks-view.tsx [Client Component Browser]
    ./src/components/portals/warehouse/WarehousePortal.tsx [Client Component Browser]
    ./src/app/page.tsx [Client Component Browser]
    ./src/app/page.tsx [Server Component]
    ./src/app/admin/page.tsx [Server Component]

  Client Component SSR:
    ./src/components/portals/shared/stock-batch-health.tsx [Client Component SSR]
    ./src/components/portals/warehouse/sections/stocks/stocks-view.tsx [Client Component SSR]
    ./src/components/portals/warehouse/WarehousePortal.tsx [Client Component SSR]
    ./src/app/page.tsx [Client Component SSR]
    ./src/app/page.tsx [Server Component]
    ./src/app/admin/page.tsx [Server Component] @ https://localhost:3000/_next/static/chunks/node_modules_next_dist_f3530cac._.js:3127
[ 5730922ms] [ERROR] ./src/components/portals/shared/stock-batch-health.tsx:3:8
Parsing ecmascript source code failed
  1 | import { Badge } from '@/components/ui/badge'
  2 | import {
> 3 | import { cn } from '@/lib/utils'
    |        ^
  4 | import { FILTER_SELECT_CLASS } from './filter-select'
  5 |   CRITICAL_MAX_DAYS_LEFT,
  6 |   EXPIRING_SOON_MAX_DAYS_LEFT,

Expected ',', got '{'

Import traces:
  Client Component Browser:
    ./src/components/portals/shared/stock-batch-health.tsx [Client Component Browser]
    ./src/components/portals/warehouse/sections/stocks/stocks-view.tsx [Client Component Browser]
    ./src/components/portals/warehouse/WarehousePortal.tsx [Client Component Browser]
    ./src/app/page.tsx [Client Component Browser]
    ./src/app/page.tsx [Server Component]
    ./src/app/admin/page.tsx [Server Component]

  Client Component SSR:
    ./src/components/portals/shared/stock-batch-health.tsx [Client Component SSR]
    ./src/components/portals/warehouse/sections/stocks/stocks-view.tsx [Client Component SSR]
    ./src/components/portals/warehouse/WarehousePortal.tsx [Client Component SSR]
    ./src/app/page.tsx [Client Component SSR]
    ./src/app/page.tsx [Server Component]
    ./src/app/admin/page.tsx [Server Component] @ https://localhost:3000/_next/static/chunks/node_modules_next_dist_f3530cac._.js:3127
[ 5730988ms] [ERROR] ./src/components/portals/shared/stock-batch-health.tsx:3:8
Parsing ecmascript source code failed
  1 | import { Badge } from '@/components/ui/badge'
  2 | import {
> 3 | import { cn } from '@/lib/utils'
    |        ^
  4 | import { FILTER_SELECT_CLASS } from './filter-select'
  5 |   CRITICAL_MAX_DAYS_LEFT,
  6 |   EXPIRING_SOON_MAX_DAYS_LEFT,

Expected ',', got '{'

Import traces:
  Client Component Browser:
    ./src/components/portals/shared/stock-batch-health.tsx [Client Component Browser]
    ./src/components/portals/warehouse/sections/stocks/stocks-view.tsx [Client Component Browser]
    ./src/components/portals/warehouse/WarehousePortal.tsx [Client Component Browser]
    ./src/app/page.tsx [Client Component Browser]
    ./src/app/page.tsx [Server Component]
    ./src/app/admin/page.tsx [Server Component]

  Client Component SSR:
    ./src/components/portals/shared/stock-batch-health.tsx [Client Component SSR]
    ./src/components/portals/warehouse/sections/stocks/stocks-view.tsx [Client Component SSR]
    ./src/components/portals/warehouse/WarehousePortal.tsx [Client Component SSR]
    ./src/app/page.tsx [Client Component SSR]
    ./src/app/page.tsx [Server Component]
    ./src/app/admin/page.tsx [Server Component] @ https://localhost:3000/_next/static/chunks/node_modules_next_dist_f3530cac._.js:3127
[ 5731038ms] [ERROR] ./src/components/portals/shared/stock-batch-health.tsx:3:8
Parsing ecmascript source code failed
  1 | import { Badge } from '@/components/ui/badge'
  2 | import {
> 3 | import { cn } from '@/lib/utils'
    |        ^
  4 | import { FILTER_SELECT_CLASS } from './filter-select'
  5 |   CRITICAL_MAX_DAYS_LEFT,
  6 |   EXPIRING_SOON_MAX_DAYS_LEFT,

Expected ',', got '{'

Import traces:
  Client Component Browser:
    ./src/components/portals/shared/stock-batch-health.tsx [Client Component Browser]
    ./src/components/portals/warehouse/sections/stocks/stocks-view.tsx [Client Component Browser]
    ./src/components/portals/warehouse/WarehousePortal.tsx [Client Component Browser]
    ./src/app/page.tsx [Client Component Browser]
    ./src/app/page.tsx [Server Component]
    ./src/app/admin/page.tsx [Server Component]

  Client Component SSR:
    ./src/components/portals/shared/stock-batch-health.tsx [Client Component SSR]
    ./src/components/portals/warehouse/sections/stocks/stocks-view.tsx [Client Component SSR]
    ./src/components/portals/warehouse/WarehousePortal.tsx [Client Component SSR]
    ./src/app/page.tsx [Client Component SSR]
    ./src/app/page.tsx [Server Component]
    ./src/app/admin/page.tsx [Server Component] @ https://localhost:3000/_next/static/chunks/node_modules_next_dist_f3530cac._.js:3127
[ 5731090ms] [ERROR] ./src/components/portals/shared/stock-batch-health.tsx:3:8
Parsing ecmascript source code failed
  1 | import { Badge } from '@/components/ui/badge'
  2 | import {
> 3 | import { cn } from '@/lib/utils'
    |        ^
  4 | import { FILTER_SELECT_CLASS } from './filter-select'
  5 |   CRITICAL_MAX_DAYS_LEFT,
  6 |   EXPIRING_SOON_MAX_DAYS_LEFT,

Expected ',', got '{'

Import traces:
  Client Component Browser:
    ./src/components/portals/shared/stock-batch-health.tsx [Client Component Browser]
    ./src/components/portals/warehouse/sections/stocks/stocks-view.tsx [Client Component Browser]
    ./src/components/portals/warehouse/WarehousePortal.tsx [Client Component Browser]
    ./src/app/page.tsx [Client Component Browser]
    ./src/app/page.tsx [Server Component]
    ./src/app/admin/page.tsx [Server Component]

  Client Component SSR:
    ./src/components/portals/shared/stock-batch-health.tsx [Client Component SSR]
    ./src/components/portals/warehouse/sections/stocks/stocks-view.tsx [Client Component SSR]
    ./src/components/portals/warehouse/WarehousePortal.tsx [Client Component SSR]
    ./src/app/page.tsx [Client Component SSR]
    ./src/app/page.tsx [Server Component]
    ./src/app/admin/page.tsx [Server Component] @ https://localhost:3000/_next/static/chunks/node_modules_next_dist_f3530cac._.js:3127
[ 5731154ms] [ERROR] ./src/components/portals/shared/stock-batch-health.tsx:3:8
Parsing ecmascript source code failed
  1 | import { Badge } from '@/components/ui/badge'
  2 | import {
> 3 | import { cn } from '@/lib/utils'
    |        ^
  4 | import { FILTER_SELECT_CLASS } from './filter-select'
  5 |   CRITICAL_MAX_DAYS_LEFT,
  6 |   EXPIRING_SOON_MAX_DAYS_LEFT,

Expected ',', got '{'

Import traces:
  Client Component Browser:
    ./src/components/portals/shared/stock-batch-health.tsx [Client Component Browser]
    ./src/components/portals/warehouse/sections/stocks/stocks-view.tsx [Client Component Browser]
    ./src/components/portals/warehouse/WarehousePortal.tsx [Client Component Browser]
    ./src/app/page.tsx [Client Component Browser]
    ./src/app/page.tsx [Server Component]
    ./src/app/admin/page.tsx [Server Component]

  Client Component SSR:
    ./src/components/portals/shared/stock-batch-health.tsx [Client Component SSR]
    ./src/components/portals/warehouse/sections/stocks/stocks-view.tsx [Client Component SSR]
    ./src/components/portals/warehouse/WarehousePortal.tsx [Client Component SSR]
    ./src/app/page.tsx [Client Component SSR]
    ./src/app/page.tsx [Server Component]
    ./src/app/admin/page.tsx [Server Component] @ https://localhost:3000/_next/static/chunks/node_modules_next_dist_f3530cac._.js:3127
[ 5731221ms] [ERROR] ./src/components/portals/shared/stock-batch-health.tsx:3:8
Parsing ecmascript source code failed
  1 | import { Badge } from '@/components/ui/badge'
  2 | import {
> 3 | import { cn } from '@/lib/utils'
    |        ^
  4 | import { FILTER_SELECT_CLASS } from './filter-select'
  5 |   CRITICAL_MAX_DAYS_LEFT,
  6 |   EXPIRING_SOON_MAX_DAYS_LEFT,

Expected ',', got '{'

Import traces:
  Client Component Browser:
    ./src/components/portals/shared/stock-batch-health.tsx [Client Component Browser]
    ./src/components/portals/warehouse/sections/stocks/stocks-view.tsx [Client Component Browser]
    ./src/components/portals/warehouse/WarehousePortal.tsx [Client Component Browser]
    ./src/app/page.tsx [Client Component Browser]
    ./src/app/page.tsx [Server Component]
    ./src/app/admin/page.tsx [Server Component]

  Client Component SSR:
    ./src/components/portals/shared/stock-batch-health.tsx [Client Component SSR]
    ./src/components/portals/warehouse/sections/stocks/stocks-view.tsx [Client Component SSR]
    ./src/components/portals/warehouse/WarehousePortal.tsx [Client Component SSR]
    ./src/app/page.tsx [Client Component SSR]
    ./src/app/page.tsx [Server Component]
    ./src/app/admin/page.tsx [Server Component] @ https://localhost:3000/_next/static/chunks/node_modules_next_dist_f3530cac._.js:3127
[ 5731273ms] [ERROR] ./src/components/portals/shared/stock-batch-health.tsx:3:8
Parsing ecmascript source code failed
  1 | import { Badge } from '@/components/ui/badge'
  2 | import {
> 3 | import { cn } from '@/lib/utils'
    |        ^
  4 | import { FILTER_SELECT_CLASS } from './filter-select'
  5 |   CRITICAL_MAX_DAYS_LEFT,
  6 |   EXPIRING_SOON_MAX_DAYS_LEFT,

Expected ',', got '{'

Import traces:
  Client Component Browser:
    ./src/components/portals/shared/stock-batch-health.tsx [Client Component Browser]
    ./src/components/portals/warehouse/sections/stocks/stocks-view.tsx [Client Component Browser]
    ./src/components/portals/warehouse/WarehousePortal.tsx [Client Component Browser]
    ./src/app/page.tsx [Client Component Browser]
    ./src/app/page.tsx [Server Component]
    ./src/app/admin/page.tsx [Server Component]

  Client Component SSR:
    ./src/components/portals/shared/stock-batch-health.tsx [Client Component SSR]
    ./src/components/portals/warehouse/sections/stocks/stocks-view.tsx [Client Component SSR]
    ./src/components/portals/warehouse/WarehousePortal.tsx [Client Component SSR]
    ./src/app/page.tsx [Client Component SSR]
    ./src/app/page.tsx [Server Component]
    ./src/app/admin/page.tsx [Server Component] @ https://localhost:3000/_next/static/chunks/node_modules_next_dist_f3530cac._.js:3127
[ 5731337ms] [ERROR] ./src/components/portals/shared/stock-batch-health.tsx:3:8
Parsing ecmascript source code failed
  1 | import { Badge } from '@/components/ui/badge'
  2 | import {
> 3 | import { cn } from '@/lib/utils'
    |        ^
  4 | import { FILTER_SELECT_CLASS } from './filter-select'
  5 |   CRITICAL_MAX_DAYS_LEFT,
  6 |   EXPIRING_SOON_MAX_DAYS_LEFT,

Expected ',', got '{'

Import traces:
  Client Component Browser:
    ./src/components/portals/shared/stock-batch-health.tsx [Client Component Browser]
    ./src/components/portals/warehouse/sections/stocks/stocks-view.tsx [Client Component Browser]
    ./src/components/portals/warehouse/WarehousePortal.tsx [Client Component Browser]
    ./src/app/page.tsx [Client Component Browser]
    ./src/app/page.tsx [Server Component]
    ./src/app/admin/page.tsx [Server Component]

  Client Component SSR:
    ./src/components/portals/shared/stock-batch-health.tsx [Client Component SSR]
    ./src/components/portals/warehouse/sections/stocks/stocks-view.tsx [Client Component SSR]
    ./src/components/portals/warehouse/WarehousePortal.tsx [Client Component SSR]
    ./src/app/page.tsx [Client Component SSR]
    ./src/app/page.tsx [Server Component]
    ./src/app/admin/page.tsx [Server Component] @ https://localhost:3000/_next/static/chunks/node_modules_next_dist_f3530cac._.js:3127
[ 5731400ms] [ERROR] ./src/components/portals/shared/stock-batch-health.tsx:3:8
Parsing ecmascript source code failed
  1 | import { Badge } from '@/components/ui/badge'
  2 | import {
> 3 | import { cn } from '@/lib/utils'
    |        ^
  4 | import { FILTER_SELECT_CLASS } from './filter-select'
  5 |   CRITICAL_MAX_DAYS_LEFT,
  6 |   EXPIRING_SOON_MAX_DAYS_LEFT,

Expected ',', got '{'

Import traces:
  Client Component Browser:
    ./src/components/portals/shared/stock-batch-health.tsx [Client Component Browser]
    ./src/components/portals/warehouse/sections/stocks/stocks-view.tsx [Client Component Browser]
    ./src/components/portals/warehouse/WarehousePortal.tsx [Client Component Browser]
    ./src/app/page.tsx [Client Component Browser]
    ./src/app/page.tsx [Server Component]
    ./src/app/admin/page.tsx [Server Component]

  Client Component SSR:
    ./src/components/portals/shared/stock-batch-health.tsx [Client Component SSR]
    ./src/components/portals/warehouse/sections/stocks/stocks-view.tsx [Client Component SSR]
    ./src/components/portals/warehouse/WarehousePortal.tsx [Client Component SSR]
    ./src/app/page.tsx [Client Component SSR]
    ./src/app/page.tsx [Server Component]
    ./src/app/admin/page.tsx [Server Component] @ https://localhost:3000/_next/static/chunks/node_modules_next_dist_f3530cac._.js:3127
[ 5731463ms] [ERROR] ./src/components/portals/shared/stock-batch-health.tsx:3:8
Parsing ecmascript source code failed
  1 | import { Badge } from '@/components/ui/badge'
  2 | import {
> 3 | import { cn } from '@/lib/utils'
    |        ^
  4 | import { FILTER_SELECT_CLASS } from './filter-select'
  5 |   CRITICAL_MAX_DAYS_LEFT,
  6 |   EXPIRING_SOON_MAX_DAYS_LEFT,

Expected ',', got '{'

Import traces:
  Client Component Browser:
    ./src/components/portals/shared/stock-batch-health.tsx [Client Component Browser]
    ./src/components/portals/warehouse/sections/stocks/stocks-view.tsx [Client Component Browser]
    ./src/components/portals/warehouse/WarehousePortal.tsx [Client Component Browser]
    ./src/app/page.tsx [Client Component Browser]
    ./src/app/page.tsx [Server Component]
    ./src/app/admin/page.tsx [Server Component]

  Client Component SSR:
    ./src/components/portals/shared/stock-batch-health.tsx [Client Component SSR]
    ./src/components/portals/warehouse/sections/stocks/stocks-view.tsx [Client Component SSR]
    ./src/components/portals/warehouse/WarehousePortal.tsx [Client Component SSR]
    ./src/app/page.tsx [Client Component SSR]
    ./src/app/page.tsx [Server Component]
    ./src/app/admin/page.tsx [Server Component] @ https://localhost:3000/_next/static/chunks/node_modules_next_dist_f3530cac._.js:3127
[ 5731523ms] [ERROR] ./src/components/portals/shared/stock-batch-health.tsx:3:8
Parsing ecmascript source code failed
  1 | import { Badge } from '@/components/ui/badge'
  2 | import {
> 3 | import { cn } from '@/lib/utils'
    |        ^
  4 | import { FILTER_SELECT_CLASS } from './filter-select'
  5 |   CRITICAL_MAX_DAYS_LEFT,
  6 |   EXPIRING_SOON_MAX_DAYS_LEFT,

Expected ',', got '{'

Import traces:
  Client Component Browser:
    ./src/components/portals/shared/stock-batch-health.tsx [Client Component Browser]
    ./src/components/portals/warehouse/sections/stocks/stocks-view.tsx [Client Component Browser]
    ./src/components/portals/warehouse/WarehousePortal.tsx [Client Component Browser]
    ./src/app/page.tsx [Client Component Browser]
    ./src/app/page.tsx [Server Component]
    ./src/app/admin/page.tsx [Server Component]

  Client Component SSR:
    ./src/components/portals/shared/stock-batch-health.tsx [Client Component SSR]
    ./src/components/portals/warehouse/sections/stocks/stocks-view.tsx [Client Component SSR]
    ./src/components/portals/warehouse/WarehousePortal.tsx [Client Component SSR]
    ./src/app/page.tsx [Client Component SSR]
    ./src/app/page.tsx [Server Component]
    ./src/app/admin/page.tsx [Server Component] @ https://localhost:3000/_next/static/chunks/node_modules_next_dist_f3530cac._.js:3127
[ 5731588ms] [ERROR] ./src/components/portals/shared/stock-batch-health.tsx:3:8
Parsing ecmascript source code failed
  1 | import { Badge } from '@/components/ui/badge'
  2 | import {
> 3 | import { cn } from '@/lib/utils'
    |        ^
  4 | import { FILTER_SELECT_CLASS } from './filter-select'
  5 |   CRITICAL_MAX_DAYS_LEFT,
  6 |   EXPIRING_SOON_MAX_DAYS_LEFT,

Expected ',', got '{'

Import traces:
  Client Component Browser:
    ./src/components/portals/shared/stock-batch-health.tsx [Client Component Browser]
    ./src/components/portals/warehouse/sections/stocks/stocks-view.tsx [Client Component Browser]
    ./src/components/portals/warehouse/WarehousePortal.tsx [Client Component Browser]
    ./src/app/page.tsx [Client Component Browser]
    ./src/app/page.tsx [Server Component]
    ./src/app/admin/page.tsx [Server Component]

  Client Component SSR:
    ./src/components/portals/shared/stock-batch-health.tsx [Client Component SSR]
    ./src/components/portals/warehouse/sections/stocks/stocks-view.tsx [Client Component SSR]
    ./src/components/portals/warehouse/WarehousePortal.tsx [Client Component SSR]
    ./src/app/page.tsx [Client Component SSR]
    ./src/app/page.tsx [Server Component]
    ./src/app/admin/page.tsx [Server Component] @ https://localhost:3000/_next/static/chunks/node_modules_next_dist_f3530cac._.js:3127
[ 5731641ms] [ERROR] ./src/components/portals/shared/stock-batch-health.tsx:3:8
Parsing ecmascript source code failed
  1 | import { Badge } from '@/components/ui/badge'
  2 | import {
> 3 | import { cn } from '@/lib/utils'
    |        ^
  4 | import { FILTER_SELECT_CLASS } from './filter-select'
  5 |   CRITICAL_MAX_DAYS_LEFT,
  6 |   EXPIRING_SOON_MAX_DAYS_LEFT,

Expected ',', got '{'

Import traces:
  Client Component Browser:
    ./src/components/portals/shared/stock-batch-health.tsx [Client Component Browser]
    ./src/components/portals/warehouse/sections/stocks/stocks-view.tsx [Client Component Browser]
    ./src/components/portals/warehouse/WarehousePortal.tsx [Client Component Browser]
    ./src/app/page.tsx [Client Component Browser]
    ./src/app/page.tsx [Server Component]
    ./src/app/admin/page.tsx [Server Component]

  Client Component SSR:
    ./src/components/portals/shared/stock-batch-health.tsx [Client Component SSR]
    ./src/components/portals/warehouse/sections/stocks/stocks-view.tsx [Client Component SSR]
    ./src/components/portals/warehouse/WarehousePortal.tsx [Client Component SSR]
    ./src/app/page.tsx [Client Component SSR]
    ./src/app/page.tsx [Server Component]
    ./src/app/admin/page.tsx [Server Component] @ https://localhost:3000/_next/static/chunks/node_modules_next_dist_f3530cac._.js:3127
[ 5731705ms] [ERROR] ./src/components/portals/shared/stock-batch-health.tsx:3:8
Parsing ecmascript source code failed
  1 | import { Badge } from '@/components/ui/badge'
  2 | import {
> 3 | import { cn } from '@/lib/utils'
    |        ^
  4 | import { FILTER_SELECT_CLASS } from './filter-select'
  5 |   CRITICAL_MAX_DAYS_LEFT,
  6 |   EXPIRING_SOON_MAX_DAYS_LEFT,

Expected ',', got '{'

Import traces:
  Client Component Browser:
    ./src/components/portals/shared/stock-batch-health.tsx [Client Component Browser]
    ./src/components/portals/warehouse/sections/stocks/stocks-view.tsx [Client Component Browser]
    ./src/components/portals/warehouse/WarehousePortal.tsx [Client Component Browser]
    ./src/app/page.tsx [Client Component Browser]
    ./src/app/page.tsx [Server Component]
    ./src/app/admin/page.tsx [Server Component]

  Client Component SSR:
    ./src/components/portals/shared/stock-batch-health.tsx [Client Component SSR]
    ./src/components/portals/warehouse/sections/stocks/stocks-view.tsx [Client Component SSR]
    ./src/components/portals/warehouse/WarehousePortal.tsx [Client Component SSR]
    ./src/app/page.tsx [Client Component SSR]
    ./src/app/page.tsx [Server Component]
    ./src/app/admin/page.tsx [Server Component] @ https://localhost:3000/_next/static/chunks/node_modules_next_dist_f3530cac._.js:3127
[ 5731756ms] [ERROR] ./src/components/portals/shared/stock-batch-health.tsx:3:8
Parsing ecmascript source code failed
  1 | import { Badge } from '@/components/ui/badge'
  2 | import {
> 3 | import { cn } from '@/lib/utils'
    |        ^
  4 | import { FILTER_SELECT_CLASS } from './filter-select'
  5 |   CRITICAL_MAX_DAYS_LEFT,
  6 |   EXPIRING_SOON_MAX_DAYS_LEFT,

Expected ',', got '{'

Import traces:
  Client Component Browser:
    ./src/components/portals/shared/stock-batch-health.tsx [Client Component Browser]
    ./src/components/portals/warehouse/sections/stocks/stocks-view.tsx [Client Component Browser]
    ./src/components/portals/warehouse/WarehousePortal.tsx [Client Component Browser]
    ./src/app/page.tsx [Client Component Browser]
    ./src/app/page.tsx [Server Component]
    ./src/app/admin/page.tsx [Server Component]

  Client Component SSR:
    ./src/components/portals/shared/stock-batch-health.tsx [Client Component SSR]
    ./src/components/portals/warehouse/sections/stocks/stocks-view.tsx [Client Component SSR]
    ./src/components/portals/warehouse/WarehousePortal.tsx [Client Component SSR]
    ./src/app/page.tsx [Client Component SSR]
    ./src/app/page.tsx [Server Component]
    ./src/app/admin/page.tsx [Server Component] @ https://localhost:3000/_next/static/chunks/node_modules_next_dist_f3530cac._.js:3127
[ 5731822ms] [ERROR] ./src/components/portals/shared/stock-batch-health.tsx:3:8
Parsing ecmascript source code failed
  1 | import { Badge } from '@/components/ui/badge'
  2 | import {
> 3 | import { cn } from '@/lib/utils'
    |        ^
  4 | import { FILTER_SELECT_CLASS } from './filter-select'
  5 |   CRITICAL_MAX_DAYS_LEFT,
  6 |   EXPIRING_SOON_MAX_DAYS_LEFT,

Expected ',', got '{'

Import traces:
  Client Component Browser:
    ./src/components/portals/shared/stock-batch-health.tsx [Client Component Browser]
    ./src/components/portals/warehouse/sections/stocks/stocks-view.tsx [Client Component Browser]
    ./src/components/portals/warehouse/WarehousePortal.tsx [Client Component Browser]
    ./src/app/page.tsx [Client Component Browser]
    ./src/app/page.tsx [Server Component]
    ./src/app/admin/page.tsx [Server Component]

  Client Component SSR:
    ./src/components/portals/shared/stock-batch-health.tsx [Client Component SSR]
    ./src/components/portals/warehouse/sections/stocks/stocks-view.tsx [Client Component SSR]
    ./src/components/portals/warehouse/WarehousePortal.tsx [Client Component SSR]
    ./src/app/page.tsx [Client Component SSR]
    ./src/app/page.tsx [Server Component]
    ./src/app/admin/page.tsx [Server Component] @ https://localhost:3000/_next/static/chunks/node_modules_next_dist_f3530cac._.js:3127
[ 5731887ms] [ERROR] ./src/components/portals/shared/stock-batch-health.tsx:3:8
Parsing ecmascript source code failed
  1 | import { Badge } from '@/components/ui/badge'
  2 | import {
> 3 | import { cn } from '@/lib/utils'
    |        ^
  4 | import { FILTER_SELECT_CLASS } from './filter-select'
  5 |   CRITICAL_MAX_DAYS_LEFT,
  6 |   EXPIRING_SOON_MAX_DAYS_LEFT,

Expected ',', got '{'

Import traces:
  Client Component Browser:
    ./src/components/portals/shared/stock-batch-health.tsx [Client Component Browser]
    ./src/components/portals/warehouse/sections/stocks/stocks-view.tsx [Client Component Browser]
    ./src/components/portals/warehouse/WarehousePortal.tsx [Client Component Browser]
    ./src/app/page.tsx [Client Component Browser]
    ./src/app/page.tsx [Server Component]
    ./src/app/admin/page.tsx [Server Component]

  Client Component SSR:
    ./src/components/portals/shared/stock-batch-health.tsx [Client Component SSR]
    ./src/components/portals/warehouse/sections/stocks/stocks-view.tsx [Client Component SSR]
    ./src/components/portals/warehouse/WarehousePortal.tsx [Client Component SSR]
    ./src/app/page.tsx [Client Component SSR]
    ./src/app/page.tsx [Server Component]
    ./src/app/admin/page.tsx [Server Component] @ https://localhost:3000/_next/static/chunks/node_modules_next_dist_f3530cac._.js:3127
[ 5731934ms] [ERROR] ./src/components/portals/shared/stock-batch-health.tsx:3:8
Parsing ecmascript source code failed
  1 | import { Badge } from '@/components/ui/badge'
  2 | import {
> 3 | import { cn } from '@/lib/utils'
    |        ^
  4 | import { FILTER_SELECT_CLASS } from './filter-select'
  5 |   CRITICAL_MAX_DAYS_LEFT,
  6 |   EXPIRING_SOON_MAX_DAYS_LEFT,

Expected ',', got '{'

Import traces:
  Client Component Browser:
    ./src/components/portals/shared/stock-batch-health.tsx [Client Component Browser]
    ./src/components/portals/warehouse/sections/stocks/stocks-view.tsx [Client Component Browser]
    ./src/components/portals/warehouse/WarehousePortal.tsx [Client Component Browser]
    ./src/app/page.tsx [Client Component Browser]
    ./src/app/page.tsx [Server Component]
    ./src/app/admin/page.tsx [Server Component]

  Client Component SSR:
    ./src/components/portals/shared/stock-batch-health.tsx [Client Component SSR]
    ./src/components/portals/warehouse/sections/stocks/stocks-view.tsx [Client Component SSR]
    ./src/components/portals/warehouse/WarehousePortal.tsx [Client Component SSR]
    ./src/app/page.tsx [Client Component SSR]
    ./src/app/page.tsx [Server Component]
    ./src/app/admin/page.tsx [Server Component] @ https://localhost:3000/_next/static/chunks/node_modules_next_dist_f3530cac._.js:3127
[ 5731977ms] [ERROR] ./src/components/portals/shared/stock-batch-health.tsx:3:8
Parsing ecmascript source code failed
  1 | import { Badge } from '@/components/ui/badge'
  2 | import {
> 3 | import { cn } from '@/lib/utils'
    |        ^
  4 | import { FILTER_SELECT_CLASS } from './filter-select'
  5 |   CRITICAL_MAX_DAYS_LEFT,
  6 |   EXPIRING_SOON_MAX_DAYS_LEFT,

Expected ',', got '{'

Import traces:
  Client Component Browser:
    ./src/components/portals/shared/stock-batch-health.tsx [Client Component Browser]
    ./src/components/portals/warehouse/sections/stocks/stocks-view.tsx [Client Component Browser]
    ./src/components/portals/warehouse/WarehousePortal.tsx [Client Component Browser]
    ./src/app/page.tsx [Client Component Browser]
    ./src/app/page.tsx [Server Component]
    ./src/app/admin/page.tsx [Server Component]

  Client Component SSR:
    ./src/components/portals/shared/stock-batch-health.tsx [Client Component SSR]
    ./src/components/portals/warehouse/sections/stocks/stocks-view.tsx [Client Component SSR]
    ./src/components/portals/warehouse/WarehousePortal.tsx [Client Component SSR]
    ./src/app/page.tsx [Client Component SSR]
    ./src/app/page.tsx [Server Component]
    ./src/app/admin/page.tsx [Server Component] @ https://localhost:3000/_next/static/chunks/node_modules_next_dist_f3530cac._.js:3127
[ 5732039ms] [ERROR] ./src/components/portals/shared/stock-batch-health.tsx:3:8
Parsing ecmascript source code failed
  1 | import { Badge } from '@/components/ui/badge'
  2 | import {
> 3 | import { cn } from '@/lib/utils'
    |        ^
  4 | import { FILTER_SELECT_CLASS } from './filter-select'
  5 |   CRITICAL_MAX_DAYS_LEFT,
  6 |   EXPIRING_SOON_MAX_DAYS_LEFT,

Expected ',', got '{'

Import traces:
  Client Component Browser:
    ./src/components/portals/shared/stock-batch-health.tsx [Client Component Browser]
    ./src/components/portals/warehouse/sections/stocks/stocks-view.tsx [Client Component Browser]
    ./src/components/portals/warehouse/WarehousePortal.tsx [Client Component Browser]
    ./src/app/page.tsx [Client Component Browser]
    ./src/app/page.tsx [Server Component]
    ./src/app/admin/page.tsx [Server Component]

  Client Component SSR:
    ./src/components/portals/shared/stock-batch-health.tsx [Client Component SSR]
    ./src/components/portals/warehouse/sections/stocks/stocks-view.tsx [Client Component SSR]
    ./src/components/portals/warehouse/WarehousePortal.tsx [Client Component SSR]
    ./src/app/page.tsx [Client Component SSR]
    ./src/app/page.tsx [Server Component]
    ./src/app/admin/page.tsx [Server Component] @ https://localhost:3000/_next/static/chunks/node_modules_next_dist_f3530cac._.js:3127
[ 5732088ms] [ERROR] ./src/components/portals/shared/stock-batch-health.tsx:3:8
Parsing ecmascript source code failed
  1 | import { Badge } from '@/components/ui/badge'
  2 | import {
> 3 | import { cn } from '@/lib/utils'
    |        ^
  4 | import { FILTER_SELECT_CLASS } from './filter-select'
  5 |   CRITICAL_MAX_DAYS_LEFT,
  6 |   EXPIRING_SOON_MAX_DAYS_LEFT,

Expected ',', got '{'

Import traces:
  Client Component Browser:
    ./src/components/portals/shared/stock-batch-health.tsx [Client Component Browser]
    ./src/components/portals/warehouse/sections/stocks/stocks-view.tsx [Client Component Browser]
    ./src/components/portals/warehouse/WarehousePortal.tsx [Client Component Browser]
    ./src/app/page.tsx [Client Component Browser]
    ./src/app/page.tsx [Server Component]
    ./src/app/admin/page.tsx [Server Component]

  Client Component SSR:
    ./src/components/portals/shared/stock-batch-health.tsx [Client Component SSR]
    ./src/components/portals/warehouse/sections/stocks/stocks-view.tsx [Client Component SSR]
    ./src/components/portals/warehouse/WarehousePortal.tsx [Client Component SSR]
    ./src/app/page.tsx [Client Component SSR]
    ./src/app/page.tsx [Server Component]
    ./src/app/admin/page.tsx [Server Component] @ https://localhost:3000/_next/static/chunks/node_modules_next_dist_f3530cac._.js:3127
[ 5732142ms] [ERROR] ./src/components/portals/shared/stock-batch-health.tsx:3:8
Parsing ecmascript source code failed
  1 | import { Badge } from '@/components/ui/badge'
  2 | import {
> 3 | import { cn } from '@/lib/utils'
    |        ^
  4 | import { FILTER_SELECT_CLASS } from './filter-select'
  5 |   CRITICAL_MAX_DAYS_LEFT,
  6 |   EXPIRING_SOON_MAX_DAYS_LEFT,

Expected ',', got '{'

Import traces:
  Client Component Browser:
    ./src/components/portals/shared/stock-batch-health.tsx [Client Component Browser]
    ./src/components/portals/warehouse/sections/stocks/stocks-view.tsx [Client Component Browser]
    ./src/components/portals/warehouse/WarehousePortal.tsx [Client Component Browser]
    ./src/app/page.tsx [Client Component Browser]
    ./src/app/page.tsx [Server Component]
    ./src/app/admin/page.tsx [Server Component]

  Client Component SSR:
    ./src/components/portals/shared/stock-batch-health.tsx [Client Component SSR]
    ./src/components/portals/warehouse/sections/stocks/stocks-view.tsx [Client Component SSR]
    ./src/components/portals/warehouse/WarehousePortal.tsx [Client Component SSR]
    ./src/app/page.tsx [Client Component SSR]
    ./src/app/page.tsx [Server Component]
    ./src/app/admin/page.tsx [Server Component] @ https://localhost:3000/_next/static/chunks/node_modules_next_dist_f3530cac._.js:3127
[ 5732205ms] [ERROR] ./src/components/portals/shared/stock-batch-health.tsx:3:8
Parsing ecmascript source code failed
  1 | import { Badge } from '@/components/ui/badge'
  2 | import {
> 3 | import { cn } from '@/lib/utils'
    |        ^
  4 | import { FILTER_SELECT_CLASS } from './filter-select'
  5 |   CRITICAL_MAX_DAYS_LEFT,
  6 |   EXPIRING_SOON_MAX_DAYS_LEFT,

Expected ',', got '{'

Import traces:
  Client Component Browser:
    ./src/components/portals/shared/stock-batch-health.tsx [Client Component Browser]
    ./src/components/portals/warehouse/sections/stocks/stocks-view.tsx [Client Component Browser]
    ./src/components/portals/warehouse/WarehousePortal.tsx [Client Component Browser]
    ./src/app/page.tsx [Client Component Browser]
    ./src/app/page.tsx [Server Component]
    ./src/app/admin/page.tsx [Server Component]

  Client Component SSR:
    ./src/components/portals/shared/stock-batch-health.tsx [Client Component SSR]
    ./src/components/portals/warehouse/sections/stocks/stocks-view.tsx [Client Component SSR]
    ./src/components/portals/warehouse/WarehousePortal.tsx [Client Component SSR]
    ./src/app/page.tsx [Client Component SSR]
    ./src/app/page.tsx [Server Component]
    ./src/app/admin/page.tsx [Server Component] @ https://localhost:3000/_next/static/chunks/node_modules_next_dist_f3530cac._.js:3127
[ 5732272ms] [ERROR] ./src/components/portals/shared/stock-batch-health.tsx:3:8
Parsing ecmascript source code failed
  1 | import { Badge } from '@/components/ui/badge'
  2 | import {
> 3 | import { cn } from '@/lib/utils'
    |        ^
  4 | import { FILTER_SELECT_CLASS } from './filter-select'
  5 |   CRITICAL_MAX_DAYS_LEFT,
  6 |   EXPIRING_SOON_MAX_DAYS_LEFT,

Expected ',', got '{'

Import traces:
  Client Component Browser:
    ./src/components/portals/shared/stock-batch-health.tsx [Client Component Browser]
    ./src/components/portals/warehouse/sections/stocks/stocks-view.tsx [Client Component Browser]
    ./src/components/portals/warehouse/WarehousePortal.tsx [Client Component Browser]
    ./src/app/page.tsx [Client Component Browser]
    ./src/app/page.tsx [Server Component]
    ./src/app/admin/page.tsx [Server Component]

  Client Component SSR:
    ./src/components/portals/shared/stock-batch-health.tsx [Client Component SSR]
    ./src/components/portals/warehouse/sections/stocks/stocks-view.tsx [Client Component SSR]
    ./src/components/portals/warehouse/WarehousePortal.tsx [Client Component SSR]
    ./src/app/page.tsx [Client Component SSR]
    ./src/app/page.tsx [Server Component]
    ./src/app/admin/page.tsx [Server Component] @ https://localhost:3000/_next/static/chunks/node_modules_next_dist_f3530cac._.js:3127
[ 5732339ms] [ERROR] ./src/components/portals/shared/stock-batch-health.tsx:3:8
Parsing ecmascript source code failed
  1 | import { Badge } from '@/components/ui/badge'
  2 | import {
> 3 | import { cn } from '@/lib/utils'
    |        ^
  4 | import { FILTER_SELECT_CLASS } from './filter-select'
  5 |   CRITICAL_MAX_DAYS_LEFT,
  6 |   EXPIRING_SOON_MAX_DAYS_LEFT,

Expected ',', got '{'

Import traces:
  Client Component Browser:
    ./src/components/portals/shared/stock-batch-health.tsx [Client Component Browser]
    ./src/components/portals/warehouse/sections/stocks/stocks-view.tsx [Client Component Browser]
    ./src/components/portals/warehouse/WarehousePortal.tsx [Client Component Browser]
    ./src/app/page.tsx [Client Component Browser]
    ./src/app/page.tsx [Server Component]
    ./src/app/admin/page.tsx [Server Component]

  Client Component SSR:
    ./src/components/portals/shared/stock-batch-health.tsx [Client Component SSR]
    ./src/components/portals/warehouse/sections/stocks/stocks-view.tsx [Client Component SSR]
    ./src/components/portals/warehouse/WarehousePortal.tsx [Client Component SSR]
    ./src/app/page.tsx [Client Component SSR]
    ./src/app/page.tsx [Server Component]
    ./src/app/admin/page.tsx [Server Component] @ https://localhost:3000/_next/static/chunks/node_modules_next_dist_f3530cac._.js:3127
[ 5732403ms] [ERROR] ./src/components/portals/shared/stock-batch-health.tsx:3:8
Parsing ecmascript source code failed
  1 | import { Badge } from '@/components/ui/badge'
  2 | import {
> 3 | import { cn } from '@/lib/utils'
    |        ^
  4 | import { FILTER_SELECT_CLASS } from './filter-select'
  5 |   CRITICAL_MAX_DAYS_LEFT,
  6 |   EXPIRING_SOON_MAX_DAYS_LEFT,

Expected ',', got '{'

Import traces:
  Client Component Browser:
    ./src/components/portals/shared/stock-batch-health.tsx [Client Component Browser]
    ./src/components/portals/warehouse/sections/stocks/stocks-view.tsx [Client Component Browser]
    ./src/components/portals/warehouse/WarehousePortal.tsx [Client Component Browser]
    ./src/app/page.tsx [Client Component Browser]
    ./src/app/page.tsx [Server Component]
    ./src/app/admin/page.tsx [Server Component]

  Client Component SSR:
    ./src/components/portals/shared/stock-batch-health.tsx [Client Component SSR]
    ./src/components/portals/warehouse/sections/stocks/stocks-view.tsx [Client Component SSR]
    ./src/components/portals/warehouse/WarehousePortal.tsx [Client Component SSR]
    ./src/app/page.tsx [Client Component SSR]
    ./src/app/page.tsx [Server Component]
    ./src/app/admin/page.tsx [Server Component] @ https://localhost:3000/_next/static/chunks/node_modules_next_dist_f3530cac._.js:3127
[ 5732457ms] [ERROR] ./src/components/portals/shared/stock-batch-health.tsx:3:8
Parsing ecmascript source code failed
  1 | import { Badge } from '@/components/ui/badge'
  2 | import {
> 3 | import { cn } from '@/lib/utils'
    |        ^
  4 | import { FILTER_SELECT_CLASS } from './filter-select'
  5 |   CRITICAL_MAX_DAYS_LEFT,
  6 |   EXPIRING_SOON_MAX_DAYS_LEFT,

Expected ',', got '{'

Import traces:
  Client Component Browser:
    ./src/components/portals/shared/stock-batch-health.tsx [Client Component Browser]
    ./src/components/portals/warehouse/sections/stocks/stocks-view.tsx [Client Component Browser]
    ./src/components/portals/warehouse/WarehousePortal.tsx [Client Component Browser]
    ./src/app/page.tsx [Client Component Browser]
    ./src/app/page.tsx [Server Component]
    ./src/app/admin/page.tsx [Server Component]

  Client Component SSR:
    ./src/components/portals/shared/stock-batch-health.tsx [Client Component SSR]
    ./src/components/portals/warehouse/sections/stocks/stocks-view.tsx [Client Component SSR]
    ./src/components/portals/warehouse/WarehousePortal.tsx [Client Component SSR]
    ./src/app/page.tsx [Client Component SSR]
    ./src/app/page.tsx [Server Component]
    ./src/app/admin/page.tsx [Server Component] @ https://localhost:3000/_next/static/chunks/node_modules_next_dist_f3530cac._.js:3127
[ 5732520ms] [ERROR] ./src/components/portals/shared/stock-batch-health.tsx:3:8
Parsing ecmascript source code failed
  1 | import { Badge } from '@/components/ui/badge'
  2 | import {
> 3 | import { cn } from '@/lib/utils'
    |        ^
  4 | import { FILTER_SELECT_CLASS } from './filter-select'
  5 |   CRITICAL_MAX_DAYS_LEFT,
  6 |   EXPIRING_SOON_MAX_DAYS_LEFT,

Expected ',', got '{'

Import traces:
  Client Component Browser:
    ./src/components/portals/shared/stock-batch-health.tsx [Client Component Browser]
    ./src/components/portals/warehouse/sections/stocks/stocks-view.tsx [Client Component Browser]
    ./src/components/portals/warehouse/WarehousePortal.tsx [Client Component Browser]
    ./src/app/page.tsx [Client Component Browser]
    ./src/app/page.tsx [Server Component]
    ./src/app/admin/page.tsx [Server Component]

  Client Component SSR:
    ./src/components/portals/shared/stock-batch-health.tsx [Client Component SSR]
    ./src/components/portals/warehouse/sections/stocks/stocks-view.tsx [Client Component SSR]
    ./src/components/portals/warehouse/WarehousePortal.tsx [Client Component SSR]
    ./src/app/page.tsx [Client Component SSR]
    ./src/app/page.tsx [Server Component]
    ./src/app/admin/page.tsx [Server Component] @ https://localhost:3000/_next/static/chunks/node_modules_next_dist_f3530cac._.js:3127
[ 5732573ms] [ERROR] ./src/components/portals/shared/stock-batch-health.tsx:3:8
Parsing ecmascript source code failed
  1 | import { Badge } from '@/components/ui/badge'
  2 | import {
> 3 | import { cn } from '@/lib/utils'
    |        ^
  4 | import { FILTER_SELECT_CLASS } from './filter-select'
  5 |   CRITICAL_MAX_DAYS_LEFT,
  6 |   EXPIRING_SOON_MAX_DAYS_LEFT,

Expected ',', got '{'

Import traces:
  Client Component Browser:
    ./src/components/portals/shared/stock-batch-health.tsx [Client Component Browser]
    ./src/components/portals/warehouse/sections/stocks/stocks-view.tsx [Client Component Browser]
    ./src/components/portals/warehouse/WarehousePortal.tsx [Client Component Browser]
    ./src/app/page.tsx [Client Component Browser]
    ./src/app/page.tsx [Server Component]
    ./src/app/admin/page.tsx [Server Component]

  Client Component SSR:
    ./src/components/portals/shared/stock-batch-health.tsx [Client Component SSR]
    ./src/components/portals/warehouse/sections/stocks/stocks-view.tsx [Client Component SSR]
    ./src/components/portals/warehouse/WarehousePortal.tsx [Client Component SSR]
    ./src/app/page.tsx [Client Component SSR]
    ./src/app/page.tsx [Server Component]
    ./src/app/admin/page.tsx [Server Component] @ https://localhost:3000/_next/static/chunks/node_modules_next_dist_f3530cac._.js:3127
[ 5732639ms] [ERROR] ./src/components/portals/shared/stock-batch-health.tsx:3:8
Parsing ecmascript source code failed
  1 | import { Badge } from '@/components/ui/badge'
  2 | import {
> 3 | import { cn } from '@/lib/utils'
    |        ^
  4 | import { FILTER_SELECT_CLASS } from './filter-select'
  5 |   CRITICAL_MAX_DAYS_LEFT,
  6 |   EXPIRING_SOON_MAX_DAYS_LEFT,

Expected ',', got '{'

Import traces:
  Client Component Browser:
    ./src/components/portals/shared/stock-batch-health.tsx [Client Component Browser]
    ./src/components/portals/warehouse/sections/stocks/stocks-view.tsx [Client Component Browser]
    ./src/components/portals/warehouse/WarehousePortal.tsx [Client Component Browser]
    ./src/app/page.tsx [Client Component Browser]
    ./src/app/page.tsx [Server Component]
    ./src/app/admin/page.tsx [Server Component]

  Client Component SSR:
    ./src/components/portals/shared/stock-batch-health.tsx [Client Component SSR]
    ./src/components/portals/warehouse/sections/stocks/stocks-view.tsx [Client Component SSR]
    ./src/components/portals/warehouse/WarehousePortal.tsx [Client Component SSR]
    ./src/app/page.tsx [Client Component SSR]
    ./src/app/page.tsx [Server Component]
    ./src/app/admin/page.tsx [Server Component] @ https://localhost:3000/_next/static/chunks/node_modules_next_dist_f3530cac._.js:3127
[ 5732705ms] [ERROR] ./src/components/portals/shared/stock-batch-health.tsx:3:8
Parsing ecmascript source code failed
  1 | import { Badge } from '@/components/ui/badge'
  2 | import {
> 3 | import { cn } from '@/lib/utils'
    |        ^
  4 | import { FILTER_SELECT_CLASS } from './filter-select'
  5 |   CRITICAL_MAX_DAYS_LEFT,
  6 |   EXPIRING_SOON_MAX_DAYS_LEFT,

Expected ',', got '{'

Import traces:
  Client Component Browser:
    ./src/components/portals/shared/stock-batch-health.tsx [Client Component Browser]
    ./src/components/portals/warehouse/sections/stocks/stocks-view.tsx [Client Component Browser]
    ./src/components/portals/warehouse/WarehousePortal.tsx [Client Component Browser]
    ./src/app/page.tsx [Client Component Browser]
    ./src/app/page.tsx [Server Component]
    ./src/app/admin/page.tsx [Server Component]

  Client Component SSR:
    ./src/components/portals/shared/stock-batch-health.tsx [Client Component SSR]
    ./src/components/portals/warehouse/sections/stocks/stocks-view.tsx [Client Component SSR]
    ./src/components/portals/warehouse/WarehousePortal.tsx [Client Component SSR]
    ./src/app/page.tsx [Client Component SSR]
    ./src/app/page.tsx [Server Component]
    ./src/app/admin/page.tsx [Server Component] @ https://localhost:3000/_next/static/chunks/node_modules_next_dist_f3530cac._.js:3127
[ 5732772ms] [ERROR] ./src/components/portals/shared/stock-batch-health.tsx:3:8
Parsing ecmascript source code failed
  1 | import { Badge } from '@/components/ui/badge'
  2 | import {
> 3 | import { cn } from '@/lib/utils'
    |        ^
  4 | import { FILTER_SELECT_CLASS } from './filter-select'
  5 |   CRITICAL_MAX_DAYS_LEFT,
  6 |   EXPIRING_SOON_MAX_DAYS_LEFT,

Expected ',', got '{'

Import traces:
  Client Component Browser:
    ./src/components/portals/shared/stock-batch-health.tsx [Client Component Browser]
    ./src/components/portals/warehouse/sections/stocks/stocks-view.tsx [Client Component Browser]
    ./src/components/portals/warehouse/WarehousePortal.tsx [Client Component Browser]
    ./src/app/page.tsx [Client Component Browser]
    ./src/app/page.tsx [Server Component]
    ./src/app/admin/page.tsx [Server Component]

  Client Component SSR:
    ./src/components/portals/shared/stock-batch-health.tsx [Client Component SSR]
    ./src/components/portals/warehouse/sections/stocks/stocks-view.tsx [Client Component SSR]
    ./src/components/portals/warehouse/WarehousePortal.tsx [Client Component SSR]
    ./src/app/page.tsx [Client Component SSR]
    ./src/app/page.tsx [Server Component]
    ./src/app/admin/page.tsx [Server Component] @ https://localhost:3000/_next/static/chunks/node_modules_next_dist_f3530cac._.js:3127
[ 5732835ms] [ERROR] ./src/components/portals/shared/stock-batch-health.tsx:3:8
Parsing ecmascript source code failed
  1 | import { Badge } from '@/components/ui/badge'
  2 | import {
> 3 | import { cn } from '@/lib/utils'
    |        ^
  4 | import { FILTER_SELECT_CLASS } from './filter-select'
  5 |   CRITICAL_MAX_DAYS_LEFT,
  6 |   EXPIRING_SOON_MAX_DAYS_LEFT,

Expected ',', got '{'

Import traces:
  Client Component Browser:
    ./src/components/portals/shared/stock-batch-health.tsx [Client Component Browser]
    ./src/components/portals/warehouse/sections/stocks/stocks-view.tsx [Client Component Browser]
    ./src/components/portals/warehouse/WarehousePortal.tsx [Client Component Browser]
    ./src/app/page.tsx [Client Component Browser]
    ./src/app/page.tsx [Server Component]
    ./src/app/admin/page.tsx [Server Component]

  Client Component SSR:
    ./src/components/portals/shared/stock-batch-health.tsx [Client Component SSR]
    ./src/components/portals/warehouse/sections/stocks/stocks-view.tsx [Client Component SSR]
    ./src/components/portals/warehouse/WarehousePortal.tsx [Client Component SSR]
    ./src/app/page.tsx [Client Component SSR]
    ./src/app/page.tsx [Server Component]
    ./src/app/admin/page.tsx [Server Component] @ https://localhost:3000/_next/static/chunks/node_modules_next_dist_f3530cac._.js:3127
[ 5732899ms] [ERROR] ./src/components/portals/shared/stock-batch-health.tsx:3:8
Parsing ecmascript source code failed
  1 | import { Badge } from '@/components/ui/badge'
  2 | import {
> 3 | import { cn } from '@/lib/utils'
    |        ^
  4 | import { FILTER_SELECT_CLASS } from './filter-select'
  5 |   CRITICAL_MAX_DAYS_LEFT,
  6 |   EXPIRING_SOON_MAX_DAYS_LEFT,

Expected ',', got '{'

Import traces:
  Client Component Browser:
    ./src/components/portals/shared/stock-batch-health.tsx [Client Component Browser]
    ./src/components/portals/warehouse/sections/stocks/stocks-view.tsx [Client Component Browser]
    ./src/components/portals/warehouse/WarehousePortal.tsx [Client Component Browser]
    ./src/app/page.tsx [Client Component Browser]
    ./src/app/page.tsx [Server Component]
    ./src/app/admin/page.tsx [Server Component]

  Client Component SSR:
    ./src/components/portals/shared/stock-batch-health.tsx [Client Component SSR]
    ./src/components/portals/warehouse/sections/stocks/stocks-view.tsx [Client Component SSR]
    ./src/components/portals/warehouse/WarehousePortal.tsx [Client Component SSR]
    ./src/app/page.tsx [Client Component SSR]
    ./src/app/page.tsx [Server Component]
    ./src/app/admin/page.tsx [Server Component] @ https://localhost:3000/_next/static/chunks/node_modules_next_dist_f3530cac._.js:3127
[ 5732957ms] [ERROR] ./src/components/portals/shared/stock-batch-health.tsx:3:8
Parsing ecmascript source code failed
  1 | import { Badge } from '@/components/ui/badge'
  2 | import {
> 3 | import { cn } from '@/lib/utils'
    |        ^
  4 | import { FILTER_SELECT_CLASS } from './filter-select'
  5 |   CRITICAL_MAX_DAYS_LEFT,
  6 |   EXPIRING_SOON_MAX_DAYS_LEFT,

Expected ',', got '{'

Import traces:
  Client Component Browser:
    ./src/components/portals/shared/stock-batch-health.tsx [Client Component Browser]
    ./src/components/portals/warehouse/sections/stocks/stocks-view.tsx [Client Component Browser]
    ./src/components/portals/warehouse/WarehousePortal.tsx [Client Component Browser]
    ./src/app/page.tsx [Client Component Browser]
    ./src/app/page.tsx [Server Component]
    ./src/app/admin/page.tsx [Server Component]

  Client Component SSR:
    ./src/components/portals/shared/stock-batch-health.tsx [Client Component SSR]
    ./src/components/portals/warehouse/sections/stocks/stocks-view.tsx [Client Component SSR]
    ./src/components/portals/warehouse/WarehousePortal.tsx [Client Component SSR]
    ./src/app/page.tsx [Client Component SSR]
    ./src/app/page.tsx [Server Component]
    ./src/app/admin/page.tsx [Server Component] @ https://localhost:3000/_next/static/chunks/node_modules_next_dist_f3530cac._.js:3127
[ 5733020ms] [ERROR] ./src/components/portals/shared/stock-batch-health.tsx:3:8
Parsing ecmascript source code failed
  1 | import { Badge } from '@/components/ui/badge'
  2 | import {
> 3 | import { cn } from '@/lib/utils'
    |        ^
  4 | import { FILTER_SELECT_CLASS } from './filter-select'
  5 |   CRITICAL_MAX_DAYS_LEFT,
  6 |   EXPIRING_SOON_MAX_DAYS_LEFT,

Expected ',', got '{'

Import traces:
  Client Component Browser:
    ./src/components/portals/shared/stock-batch-health.tsx [Client Component Browser]
    ./src/components/portals/warehouse/sections/stocks/stocks-view.tsx [Client Component Browser]
    ./src/components/portals/warehouse/WarehousePortal.tsx [Client Component Browser]
    ./src/app/page.tsx [Client Component Browser]
    ./src/app/page.tsx [Server Component]
    ./src/app/admin/page.tsx [Server Component]

  Client Component SSR:
    ./src/components/portals/shared/stock-batch-health.tsx [Client Component SSR]
    ./src/components/portals/warehouse/sections/stocks/stocks-view.tsx [Client Component SSR]
    ./src/components/portals/warehouse/WarehousePortal.tsx [Client Component SSR]
    ./src/app/page.tsx [Client Component SSR]
    ./src/app/page.tsx [Server Component]
    ./src/app/admin/page.tsx [Server Component] @ https://localhost:3000/_next/static/chunks/node_modules_next_dist_f3530cac._.js:3127
[ 5733072ms] [ERROR] ./src/components/portals/shared/stock-batch-health.tsx:3:8
Parsing ecmascript source code failed
  1 | import { Badge } from '@/components/ui/badge'
  2 | import {
> 3 | import { cn } from '@/lib/utils'
    |        ^
  4 | import { FILTER_SELECT_CLASS } from './filter-select'
  5 |   CRITICAL_MAX_DAYS_LEFT,
  6 |   EXPIRING_SOON_MAX_DAYS_LEFT,

Expected ',', got '{'

Import traces:
  Client Component Browser:
    ./src/components/portals/shared/stock-batch-health.tsx [Client Component Browser]
    ./src/components/portals/warehouse/sections/stocks/stocks-view.tsx [Client Component Browser]
    ./src/components/portals/warehouse/WarehousePortal.tsx [Client Component Browser]
    ./src/app/page.tsx [Client Component Browser]
    ./src/app/page.tsx [Server Component]
    ./src/app/admin/page.tsx [Server Component]

  Client Component SSR:
    ./src/components/portals/shared/stock-batch-health.tsx [Client Component SSR]
    ./src/components/portals/warehouse/sections/stocks/stocks-view.tsx [Client Component SSR]
    ./src/components/portals/warehouse/WarehousePortal.tsx [Client Component SSR]
    ./src/app/page.tsx [Client Component SSR]
    ./src/app/page.tsx [Server Component]
    ./src/app/admin/page.tsx [Server Component] @ https://localhost:3000/_next/static/chunks/node_modules_next_dist_f3530cac._.js:3127
[ 5733124ms] [ERROR] ./src/components/portals/shared/stock-batch-health.tsx:3:8
Parsing ecmascript source code failed
  1 | import { Badge } from '@/components/ui/badge'
  2 | import {
> 3 | import { cn } from '@/lib/utils'
    |        ^
  4 | import { FILTER_SELECT_CLASS } from './filter-select'
  5 |   CRITICAL_MAX_DAYS_LEFT,
  6 |   EXPIRING_SOON_MAX_DAYS_LEFT,

Expected ',', got '{'

Import traces:
  Client Component Browser:
    ./src/components/portals/shared/stock-batch-health.tsx [Client Component Browser]
    ./src/components/portals/warehouse/sections/stocks/stocks-view.tsx [Client Component Browser]
    ./src/components/portals/warehouse/WarehousePortal.tsx [Client Component Browser]
    ./src/app/page.tsx [Client Component Browser]
    ./src/app/page.tsx [Server Component]
    ./src/app/admin/page.tsx [Server Component]

  Client Component SSR:
    ./src/components/portals/shared/stock-batch-health.tsx [Client Component SSR]
    ./src/components/portals/warehouse/sections/stocks/stocks-view.tsx [Client Component SSR]
    ./src/components/portals/warehouse/WarehousePortal.tsx [Client Component SSR]
    ./src/app/page.tsx [Client Component SSR]
    ./src/app/page.tsx [Server Component]
    ./src/app/admin/page.tsx [Server Component] @ https://localhost:3000/_next/static/chunks/node_modules_next_dist_f3530cac._.js:3127
[ 5733190ms] [ERROR] ./src/components/portals/shared/stock-batch-health.tsx:3:8
Parsing ecmascript source code failed
  1 | import { Badge } from '@/components/ui/badge'
  2 | import {
> 3 | import { cn } from '@/lib/utils'
    |        ^
  4 | import { FILTER_SELECT_CLASS } from './filter-select'
  5 |   CRITICAL_MAX_DAYS_LEFT,
  6 |   EXPIRING_SOON_MAX_DAYS_LEFT,

Expected ',', got '{'

Import traces:
  Client Component Browser:
    ./src/components/portals/shared/stock-batch-health.tsx [Client Component Browser]
    ./src/components/portals/warehouse/sections/stocks/stocks-view.tsx [Client Component Browser]
    ./src/components/portals/warehouse/WarehousePortal.tsx [Client Component Browser]
    ./src/app/page.tsx [Client Component Browser]
    ./src/app/page.tsx [Server Component]
    ./src/app/admin/page.tsx [Server Component]

  Client Component SSR:
    ./src/components/portals/shared/stock-batch-health.tsx [Client Component SSR]
    ./src/components/portals/warehouse/sections/stocks/stocks-view.tsx [Client Component SSR]
    ./src/components/portals/warehouse/WarehousePortal.tsx [Client Component SSR]
    ./src/app/page.tsx [Client Component SSR]
    ./src/app/page.tsx [Server Component]
    ./src/app/admin/page.tsx [Server Component] @ https://localhost:3000/_next/static/chunks/node_modules_next_dist_f3530cac._.js:3127
[ 5733242ms] [ERROR] ./src/components/portals/shared/stock-batch-health.tsx:3:8
Parsing ecmascript source code failed
  1 | import { Badge } from '@/components/ui/badge'
  2 | import {
> 3 | import { cn } from '@/lib/utils'
    |        ^
  4 | import { FILTER_SELECT_CLASS } from './filter-select'
  5 |   CRITICAL_MAX_DAYS_LEFT,
  6 |   EXPIRING_SOON_MAX_DAYS_LEFT,

Expected ',', got '{'

Import traces:
  Client Component Browser:
    ./src/components/portals/shared/stock-batch-health.tsx [Client Component Browser]
    ./src/components/portals/warehouse/sections/stocks/stocks-view.tsx [Client Component Browser]
    ./src/components/portals/warehouse/WarehousePortal.tsx [Client Component Browser]
    ./src/app/page.tsx [Client Component Browser]
    ./src/app/page.tsx [Server Component]
    ./src/app/admin/page.tsx [Server Component]

  Client Component SSR:
    ./src/components/portals/shared/stock-batch-health.tsx [Client Component SSR]
    ./src/components/portals/warehouse/sections/stocks/stocks-view.tsx [Client Component SSR]
    ./src/components/portals/warehouse/WarehousePortal.tsx [Client Component SSR]
    ./src/app/page.tsx [Client Component SSR]
    ./src/app/page.tsx [Server Component]
    ./src/app/admin/page.tsx [Server Component] @ https://localhost:3000/_next/static/chunks/node_modules_next_dist_f3530cac._.js:3127
[ 5733307ms] [ERROR] ./src/components/portals/shared/stock-batch-health.tsx:3:8
Parsing ecmascript source code failed
  1 | import { Badge } from '@/components/ui/badge'
  2 | import {
> 3 | import { cn } from '@/lib/utils'
    |        ^
  4 | import { FILTER_SELECT_CLASS } from './filter-select'
  5 |   CRITICAL_MAX_DAYS_LEFT,
  6 |   EXPIRING_SOON_MAX_DAYS_LEFT,

Expected ',', got '{'

Import traces:
  Client Component Browser:
    ./src/components/portals/shared/stock-batch-health.tsx [Client Component Browser]
    ./src/components/portals/warehouse/sections/stocks/stocks-view.tsx [Client Component Browser]
    ./src/components/portals/warehouse/WarehousePortal.tsx [Client Component Browser]
    ./src/app/page.tsx [Client Component Browser]
    ./src/app/page.tsx [Server Component]
    ./src/app/admin/page.tsx [Server Component]

  Client Component SSR:
    ./src/components/portals/shared/stock-batch-health.tsx [Client Component SSR]
    ./src/components/portals/warehouse/sections/stocks/stocks-view.tsx [Client Component SSR]
    ./src/components/portals/warehouse/WarehousePortal.tsx [Client Component SSR]
    ./src/app/page.tsx [Client Component SSR]
    ./src/app/page.tsx [Server Component]
    ./src/app/admin/page.tsx [Server Component] @ https://localhost:3000/_next/static/chunks/node_modules_next_dist_f3530cac._.js:3127
[ 5733359ms] [ERROR] ./src/components/portals/shared/stock-batch-health.tsx:3:8
Parsing ecmascript source code failed
  1 | import { Badge } from '@/components/ui/badge'
  2 | import {
> 3 | import { cn } from '@/lib/utils'
    |        ^
  4 | import { FILTER_SELECT_CLASS } from './filter-select'
  5 |   CRITICAL_MAX_DAYS_LEFT,
  6 |   EXPIRING_SOON_MAX_DAYS_LEFT,

Expected ',', got '{'

Import traces:
  Client Component Browser:
    ./src/components/portals/shared/stock-batch-health.tsx [Client Component Browser]
    ./src/components/portals/warehouse/sections/stocks/stocks-view.tsx [Client Component Browser]
    ./src/components/portals/warehouse/WarehousePortal.tsx [Client Component Browser]
    ./src/app/page.tsx [Client Component Browser]
    ./src/app/page.tsx [Server Component]
    ./src/app/admin/page.tsx [Server Component]

  Client Component SSR:
    ./src/components/portals/shared/stock-batch-health.tsx [Client Component SSR]
    ./src/components/portals/warehouse/sections/stocks/stocks-view.tsx [Client Component SSR]
    ./src/components/portals/warehouse/WarehousePortal.tsx [Client Component SSR]
    ./src/app/page.tsx [Client Component SSR]
    ./src/app/page.tsx [Server Component]
    ./src/app/admin/page.tsx [Server Component] @ https://localhost:3000/_next/static/chunks/node_modules_next_dist_f3530cac._.js:3127
[ 5733410ms] [ERROR] ./src/components/portals/shared/stock-batch-health.tsx:3:8
Parsing ecmascript source code failed
  1 | import { Badge } from '@/components/ui/badge'
  2 | import {
> 3 | import { cn } from '@/lib/utils'
    |        ^
  4 | import { FILTER_SELECT_CLASS } from './filter-select'
  5 |   CRITICAL_MAX_DAYS_LEFT,
  6 |   EXPIRING_SOON_MAX_DAYS_LEFT,

Expected ',', got '{'

Import traces:
  Client Component Browser:
    ./src/components/portals/shared/stock-batch-health.tsx [Client Component Browser]
    ./src/components/portals/warehouse/sections/stocks/stocks-view.tsx [Client Component Browser]
    ./src/components/portals/warehouse/WarehousePortal.tsx [Client Component Browser]
    ./src/app/page.tsx [Client Component Browser]
    ./src/app/page.tsx [Server Component]
    ./src/app/admin/page.tsx [Server Component]

  Client Component SSR:
    ./src/components/portals/shared/stock-batch-health.tsx [Client Component SSR]
    ./src/components/portals/warehouse/sections/stocks/stocks-view.tsx [Client Component SSR]
    ./src/components/portals/warehouse/WarehousePortal.tsx [Client Component SSR]
    ./src/app/page.tsx [Client Component SSR]
    ./src/app/page.tsx [Server Component]
    ./src/app/admin/page.tsx [Server Component] @ https://localhost:3000/_next/static/chunks/node_modules_next_dist_f3530cac._.js:3127
[ 5733466ms] [ERROR] ./src/components/portals/shared/stock-batch-health.tsx:3:8
Parsing ecmascript source code failed
  1 | import { Badge } from '@/components/ui/badge'
  2 | import {
> 3 | import { cn } from '@/lib/utils'
    |        ^
  4 | import { FILTER_SELECT_CLASS } from './filter-select'
  5 |   CRITICAL_MAX_DAYS_LEFT,
  6 |   EXPIRING_SOON_MAX_DAYS_LEFT,

Expected ',', got '{'

Import traces:
  Client Component Browser:
    ./src/components/portals/shared/stock-batch-health.tsx [Client Component Browser]
    ./src/components/portals/warehouse/sections/stocks/stocks-view.tsx [Client Component Browser]
    ./src/components/portals/warehouse/WarehousePortal.tsx [Client Component Browser]
    ./src/app/page.tsx [Client Component Browser]
    ./src/app/page.tsx [Server Component]
    ./src/app/admin/page.tsx [Server Component]

  Client Component SSR:
    ./src/components/portals/shared/stock-batch-health.tsx [Client Component SSR]
    ./src/components/portals/warehouse/sections/stocks/stocks-view.tsx [Client Component SSR]
    ./src/components/portals/warehouse/WarehousePortal.tsx [Client Component SSR]
    ./src/app/page.tsx [Client Component SSR]
    ./src/app/page.tsx [Server Component]
    ./src/app/admin/page.tsx [Server Component] @ https://localhost:3000/_next/static/chunks/node_modules_next_dist_f3530cac._.js:3127
[ 5733513ms] [ERROR] ./src/components/portals/shared/stock-batch-health.tsx:3:8
Parsing ecmascript source code failed
  1 | import { Badge } from '@/components/ui/badge'
  2 | import {
> 3 | import { cn } from '@/lib/utils'
    |        ^
  4 | import { FILTER_SELECT_CLASS } from './filter-select'
  5 |   CRITICAL_MAX_DAYS_LEFT,
  6 |   EXPIRING_SOON_MAX_DAYS_LEFT,

Expected ',', got '{'

Import traces:
  Client Component Browser:
    ./src/components/portals/shared/stock-batch-health.tsx [Client Component Browser]
    ./src/components/portals/warehouse/sections/stocks/stocks-view.tsx [Client Component Browser]
    ./src/components/portals/warehouse/WarehousePortal.tsx [Client Component Browser]
    ./src/app/page.tsx [Client Component Browser]
    ./src/app/page.tsx [Server Component]
    ./src/app/admin/page.tsx [Server Component]

  Client Component SSR:
    ./src/components/portals/shared/stock-batch-health.tsx [Client Component SSR]
    ./src/components/portals/warehouse/sections/stocks/stocks-view.tsx [Client Component SSR]
    ./src/components/portals/warehouse/WarehousePortal.tsx [Client Component SSR]
    ./src/app/page.tsx [Client Component SSR]
    ./src/app/page.tsx [Server Component]
    ./src/app/admin/page.tsx [Server Component] @ https://localhost:3000/_next/static/chunks/node_modules_next_dist_f3530cac._.js:3127
[ 5733573ms] [ERROR] ./src/components/portals/shared/stock-batch-health.tsx:3:8
Parsing ecmascript source code failed
  1 | import { Badge } from '@/components/ui/badge'
  2 | import {
> 3 | import { cn } from '@/lib/utils'
    |        ^
  4 | import { FILTER_SELECT_CLASS } from './filter-select'
  5 |   CRITICAL_MAX_DAYS_LEFT,
  6 |   EXPIRING_SOON_MAX_DAYS_LEFT,

Expected ',', got '{'

Import traces:
  Client Component Browser:
    ./src/components/portals/shared/stock-batch-health.tsx [Client Component Browser]
    ./src/components/portals/warehouse/sections/stocks/stocks-view.tsx [Client Component Browser]
    ./src/components/portals/warehouse/WarehousePortal.tsx [Client Component Browser]
    ./src/app/page.tsx [Client Component Browser]
    ./src/app/page.tsx [Server Component]
    ./src/app/admin/page.tsx [Server Component]

  Client Component SSR:
    ./src/components/portals/shared/stock-batch-health.tsx [Client Component SSR]
    ./src/components/portals/warehouse/sections/stocks/stocks-view.tsx [Client Component SSR]
    ./src/components/portals/warehouse/WarehousePortal.tsx [Client Component SSR]
    ./src/app/page.tsx [Client Component SSR]
    ./src/app/page.tsx [Server Component]
    ./src/app/admin/page.tsx [Server Component] @ https://localhost:3000/_next/static/chunks/node_modules_next_dist_f3530cac._.js:3127
[ 5733622ms] [ERROR] ./src/components/portals/shared/stock-batch-health.tsx:3:8
Parsing ecmascript source code failed
  1 | import { Badge } from '@/components/ui/badge'
  2 | import {
> 3 | import { cn } from '@/lib/utils'
    |        ^
  4 | import { FILTER_SELECT_CLASS } from './filter-select'
  5 |   CRITICAL_MAX_DAYS_LEFT,
  6 |   EXPIRING_SOON_MAX_DAYS_LEFT,

Expected ',', got '{'

Import traces:
  Client Component Browser:
    ./src/components/portals/shared/stock-batch-health.tsx [Client Component Browser]
    ./src/components/portals/warehouse/sections/stocks/stocks-view.tsx [Client Component Browser]
    ./src/components/portals/warehouse/WarehousePortal.tsx [Client Component Browser]
    ./src/app/page.tsx [Client Component Browser]
    ./src/app/page.tsx [Server Component]
    ./src/app/admin/page.tsx [Server Component]

  Client Component SSR:
    ./src/components/portals/shared/stock-batch-health.tsx [Client Component SSR]
    ./src/components/portals/warehouse/sections/stocks/stocks-view.tsx [Client Component SSR]
    ./src/components/portals/warehouse/WarehousePortal.tsx [Client Component SSR]
    ./src/app/page.tsx [Client Component SSR]
    ./src/app/page.tsx [Server Component]
    ./src/app/admin/page.tsx [Server Component] @ https://localhost:3000/_next/static/chunks/node_modules_next_dist_f3530cac._.js:3127
[ 5733673ms] [ERROR] ./src/components/portals/shared/stock-batch-health.tsx:3:8
Parsing ecmascript source code failed
  1 | import { Badge } from '@/components/ui/badge'
  2 | import {
> 3 | import { cn } from '@/lib/utils'
    |        ^
  4 | import { FILTER_SELECT_CLASS } from './filter-select'
  5 |   CRITICAL_MAX_DAYS_LEFT,
  6 |   EXPIRING_SOON_MAX_DAYS_LEFT,

Expected ',', got '{'

Import traces:
  Client Component Browser:
    ./src/components/portals/shared/stock-batch-health.tsx [Client Component Browser]
    ./src/components/portals/warehouse/sections/stocks/stocks-view.tsx [Client Component Browser]
    ./src/components/portals/warehouse/WarehousePortal.tsx [Client Component Browser]
    ./src/app/page.tsx [Client Component Browser]
    ./src/app/page.tsx [Server Component]
    ./src/app/admin/page.tsx [Server Component]

  Client Component SSR:
    ./src/components/portals/shared/stock-batch-health.tsx [Client Component SSR]
    ./src/components/portals/warehouse/sections/stocks/stocks-view.tsx [Client Component SSR]
    ./src/components/portals/warehouse/WarehousePortal.tsx [Client Component SSR]
    ./src/app/page.tsx [Client Component SSR]
    ./src/app/page.tsx [Server Component]
    ./src/app/admin/page.tsx [Server Component] @ https://localhost:3000/_next/static/chunks/node_modules_next_dist_f3530cac._.js:3127
[ 5733740ms] [ERROR] ./src/components/portals/shared/stock-batch-health.tsx:3:8
Parsing ecmascript source code failed
  1 | import { Badge } from '@/components/ui/badge'
  2 | import {
> 3 | import { cn } from '@/lib/utils'
    |        ^
  4 | import { FILTER_SELECT_CLASS } from './filter-select'
  5 |   CRITICAL_MAX_DAYS_LEFT,
  6 |   EXPIRING_SOON_MAX_DAYS_LEFT,

Expected ',', got '{'

Import traces:
  Client Component Browser:
    ./src/components/portals/shared/stock-batch-health.tsx [Client Component Browser]
    ./src/components/portals/warehouse/sections/stocks/stocks-view.tsx [Client Component Browser]
    ./src/components/portals/warehouse/WarehousePortal.tsx [Client Component Browser]
    ./src/app/page.tsx [Client Component Browser]
    ./src/app/page.tsx [Server Component]
    ./src/app/admin/page.tsx [Server Component]

  Client Component SSR:
    ./src/components/portals/shared/stock-batch-health.tsx [Client Component SSR]
    ./src/components/portals/warehouse/sections/stocks/stocks-view.tsx [Client Component SSR]
    ./src/components/portals/warehouse/WarehousePortal.tsx [Client Component SSR]
    ./src/app/page.tsx [Client Component SSR]
    ./src/app/page.tsx [Server Component]
    ./src/app/admin/page.tsx [Server Component] @ https://localhost:3000/_next/static/chunks/node_modules_next_dist_f3530cac._.js:3127
[ 5733804ms] [ERROR] ./src/components/portals/shared/stock-batch-health.tsx:3:8
Parsing ecmascript source code failed
  1 | import { Badge } from '@/components/ui/badge'
  2 | import {
> 3 | import { cn } from '@/lib/utils'
    |        ^
  4 | import { FILTER_SELECT_CLASS } from './filter-select'
  5 |   CRITICAL_MAX_DAYS_LEFT,
  6 |   EXPIRING_SOON_MAX_DAYS_LEFT,

Expected ',', got '{'

Import traces:
  Client Component Browser:
    ./src/components/portals/shared/stock-batch-health.tsx [Client Component Browser]
    ./src/components/portals/warehouse/sections/stocks/stocks-view.tsx [Client Component Browser]
    ./src/components/portals/warehouse/WarehousePortal.tsx [Client Component Browser]
    ./src/app/page.tsx [Client Component Browser]
    ./src/app/page.tsx [Server Component]
    ./src/app/admin/page.tsx [Server Component]

  Client Component SSR:
    ./src/components/portals/shared/stock-batch-health.tsx [Client Component SSR]
    ./src/components/portals/warehouse/sections/stocks/stocks-view.tsx [Client Component SSR]
    ./src/components/portals/warehouse/WarehousePortal.tsx [Client Component SSR]
    ./src/app/page.tsx [Client Component SSR]
    ./src/app/page.tsx [Server Component]
    ./src/app/admin/page.tsx [Server Component] @ https://localhost:3000/_next/static/chunks/node_modules_next_dist_f3530cac._.js:3127
[ 5733857ms] [ERROR] ./src/components/portals/shared/stock-batch-health.tsx:3:8
Parsing ecmascript source code failed
  1 | import { Badge } from '@/components/ui/badge'
  2 | import {
> 3 | import { cn } from '@/lib/utils'
    |        ^
  4 | import { FILTER_SELECT_CLASS } from './filter-select'
  5 |   CRITICAL_MAX_DAYS_LEFT,
  6 |   EXPIRING_SOON_MAX_DAYS_LEFT,

Expected ',', got '{'

Import traces:
  Client Component Browser:
    ./src/components/portals/shared/stock-batch-health.tsx [Client Component Browser]
    ./src/components/portals/warehouse/sections/stocks/stocks-view.tsx [Client Component Browser]
    ./src/components/portals/warehouse/WarehousePortal.tsx [Client Component Browser]
    ./src/app/page.tsx [Client Component Browser]
    ./src/app/page.tsx [Server Component]
    ./src/app/admin/page.tsx [Server Component]

  Client Component SSR:
    ./src/components/portals/shared/stock-batch-health.tsx [Client Component SSR]
    ./src/components/portals/warehouse/sections/stocks/stocks-view.tsx [Client Component SSR]
    ./src/components/portals/warehouse/WarehousePortal.tsx [Client Component SSR]
    ./src/app/page.tsx [Client Component SSR]
    ./src/app/page.tsx [Server Component]
    ./src/app/admin/page.tsx [Server Component] @ https://localhost:3000/_next/static/chunks/node_modules_next_dist_f3530cac._.js:3127
[ 5733921ms] [ERROR] ./src/components/portals/shared/stock-batch-health.tsx:3:8
Parsing ecmascript source code failed
  1 | import { Badge } from '@/components/ui/badge'
  2 | import {
> 3 | import { cn } from '@/lib/utils'
    |        ^
  4 | import { FILTER_SELECT_CLASS } from './filter-select'
  5 |   CRITICAL_MAX_DAYS_LEFT,
  6 |   EXPIRING_SOON_MAX_DAYS_LEFT,

Expected ',', got '{'

Import traces:
  Client Component Browser:
    ./src/components/portals/shared/stock-batch-health.tsx [Client Component Browser]
    ./src/components/portals/warehouse/sections/stocks/stocks-view.tsx [Client Component Browser]
    ./src/components/portals/warehouse/WarehousePortal.tsx [Client Component Browser]
    ./src/app/page.tsx [Client Component Browser]
    ./src/app/page.tsx [Server Component]
    ./src/app/admin/page.tsx [Server Component]

  Client Component SSR:
    ./src/components/portals/shared/stock-batch-health.tsx [Client Component SSR]
    ./src/components/portals/warehouse/sections/stocks/stocks-view.tsx [Client Component SSR]
    ./src/components/portals/warehouse/WarehousePortal.tsx [Client Component SSR]
    ./src/app/page.tsx [Client Component SSR]
    ./src/app/page.tsx [Server Component]
    ./src/app/admin/page.tsx [Server Component] @ https://localhost:3000/_next/static/chunks/node_modules_next_dist_f3530cac._.js:3127
[ 5733990ms] [ERROR] ./src/components/portals/shared/stock-batch-health.tsx:3:8
Parsing ecmascript source code failed
  1 | import { Badge } from '@/components/ui/badge'
  2 | import {
> 3 | import { cn } from '@/lib/utils'
    |        ^
  4 | import { FILTER_SELECT_CLASS } from './filter-select'
  5 |   CRITICAL_MAX_DAYS_LEFT,
  6 |   EXPIRING_SOON_MAX_DAYS_LEFT,

Expected ',', got '{'

Import traces:
  Client Component Browser:
    ./src/components/portals/shared/stock-batch-health.tsx [Client Component Browser]
    ./src/components/portals/warehouse/sections/stocks/stocks-view.tsx [Client Component Browser]
    ./src/components/portals/warehouse/WarehousePortal.tsx [Client Component Browser]
    ./src/app/page.tsx [Client Component Browser]
    ./src/app/page.tsx [Server Component]
    ./src/app/admin/page.tsx [Server Component]

  Client Component SSR:
    ./src/components/portals/shared/stock-batch-health.tsx [Client Component SSR]
    ./src/components/portals/warehouse/sections/stocks/stocks-view.tsx [Client Component SSR]
    ./src/components/portals/warehouse/WarehousePortal.tsx [Client Component SSR]
    ./src/app/page.tsx [Client Component SSR]
    ./src/app/page.tsx [Server Component]
    ./src/app/admin/page.tsx [Server Component] @ https://localhost:3000/_next/static/chunks/node_modules_next_dist_f3530cac._.js:3127
[ 5734044ms] [ERROR] ./src/components/portals/shared/stock-batch-health.tsx:3:8
Parsing ecmascript source code failed
  1 | import { Badge } from '@/components/ui/badge'
  2 | import {
> 3 | import { cn } from '@/lib/utils'
    |        ^
  4 | import { FILTER_SELECT_CLASS } from './filter-select'
  5 |   CRITICAL_MAX_DAYS_LEFT,
  6 |   EXPIRING_SOON_MAX_DAYS_LEFT,

Expected ',', got '{'

Import traces:
  Client Component Browser:
    ./src/components/portals/shared/stock-batch-health.tsx [Client Component Browser]
    ./src/components/portals/warehouse/sections/stocks/stocks-view.tsx [Client Component Browser]
    ./src/components/portals/warehouse/WarehousePortal.tsx [Client Component Browser]
    ./src/app/page.tsx [Client Component Browser]
    ./src/app/page.tsx [Server Component]
    ./src/app/admin/page.tsx [Server Component]

  Client Component SSR:
    ./src/components/portals/shared/stock-batch-health.tsx [Client Component SSR]
    ./src/components/portals/warehouse/sections/stocks/stocks-view.tsx [Client Component SSR]
    ./src/components/portals/warehouse/WarehousePortal.tsx [Client Component SSR]
    ./src/app/page.tsx [Client Component SSR]
    ./src/app/page.tsx [Server Component]
    ./src/app/admin/page.tsx [Server Component] @ https://localhost:3000/_next/static/chunks/node_modules_next_dist_f3530cac._.js:3127
[ 5734106ms] [ERROR] ./src/components/portals/shared/stock-batch-health.tsx:3:8
Parsing ecmascript source code failed
  1 | import { Badge } from '@/components/ui/badge'
  2 | import {
> 3 | import { cn } from '@/lib/utils'
    |        ^
  4 | import { FILTER_SELECT_CLASS } from './filter-select'
  5 |   CRITICAL_MAX_DAYS_LEFT,
  6 |   EXPIRING_SOON_MAX_DAYS_LEFT,

Expected ',', got '{'

Import traces:
  Client Component Browser:
    ./src/components/portals/shared/stock-batch-health.tsx [Client Component Browser]
    ./src/components/portals/warehouse/sections/stocks/stocks-view.tsx [Client Component Browser]
    ./src/components/portals/warehouse/WarehousePortal.tsx [Client Component Browser]
    ./src/app/page.tsx [Client Component Browser]
    ./src/app/page.tsx [Server Component]
    ./src/app/admin/page.tsx [Server Component]

  Client Component SSR:
    ./src/components/portals/shared/stock-batch-health.tsx [Client Component SSR]
    ./src/components/portals/warehouse/sections/stocks/stocks-view.tsx [Client Component SSR]
    ./src/components/portals/warehouse/WarehousePortal.tsx [Client Component SSR]
    ./src/app/page.tsx [Client Component SSR]
    ./src/app/page.tsx [Server Component]
    ./src/app/admin/page.tsx [Server Component] @ https://localhost:3000/_next/static/chunks/node_modules_next_dist_f3530cac._.js:3127
[ 5734180ms] [ERROR] ./src/components/portals/shared/stock-batch-health.tsx:3:8
Parsing ecmascript source code failed
  1 | import { Badge } from '@/components/ui/badge'
  2 | import {
> 3 | import { cn } from '@/lib/utils'
    |        ^
  4 | import { FILTER_SELECT_CLASS } from './filter-select'
  5 |   CRITICAL_MAX_DAYS_LEFT,
  6 |   EXPIRING_SOON_MAX_DAYS_LEFT,

Expected ',', got '{'

Import traces:
  Client Component Browser:
    ./src/components/portals/shared/stock-batch-health.tsx [Client Component Browser]
    ./src/components/portals/warehouse/sections/stocks/stocks-view.tsx [Client Component Browser]
    ./src/components/portals/warehouse/WarehousePortal.tsx [Client Component Browser]
    ./src/app/page.tsx [Client Component Browser]
    ./src/app/page.tsx [Server Component]
    ./src/app/admin/page.tsx [Server Component]

  Client Component SSR:
    ./src/components/portals/shared/stock-batch-health.tsx [Client Component SSR]
    ./src/components/portals/warehouse/sections/stocks/stocks-view.tsx [Client Component SSR]
    ./src/components/portals/warehouse/WarehousePortal.tsx [Client Component SSR]
    ./src/app/page.tsx [Client Component SSR]
    ./src/app/page.tsx [Server Component]
    ./src/app/admin/page.tsx [Server Component] @ https://localhost:3000/_next/static/chunks/node_modules_next_dist_f3530cac._.js:3127
[ 5734240ms] [ERROR] ./src/components/portals/shared/stock-batch-health.tsx:3:8
Parsing ecmascript source code failed
  1 | import { Badge } from '@/components/ui/badge'
  2 | import {
> 3 | import { cn } from '@/lib/utils'
    |        ^
  4 | import { FILTER_SELECT_CLASS } from './filter-select'
  5 |   CRITICAL_MAX_DAYS_LEFT,
  6 |   EXPIRING_SOON_MAX_DAYS_LEFT,

Expected ',', got '{'

Import traces:
  Client Component Browser:
    ./src/components/portals/shared/stock-batch-health.tsx [Client Component Browser]
    ./src/components/portals/warehouse/sections/stocks/stocks-view.tsx [Client Component Browser]
    ./src/components/portals/warehouse/WarehousePortal.tsx [Client Component Browser]
    ./src/app/page.tsx [Client Component Browser]
    ./src/app/page.tsx [Server Component]
    ./src/app/admin/page.tsx [Server Component]

  Client Component SSR:
    ./src/components/portals/shared/stock-batch-health.tsx [Client Component SSR]
    ./src/components/portals/warehouse/sections/stocks/stocks-view.tsx [Client Component SSR]
    ./src/components/portals/warehouse/WarehousePortal.tsx [Client Component SSR]
    ./src/app/page.tsx [Client Component SSR]
    ./src/app/page.tsx [Server Component]
    ./src/app/admin/page.tsx [Server Component] @ https://localhost:3000/_next/static/chunks/node_modules_next_dist_f3530cac._.js:3127
[ 5734296ms] [ERROR] ./src/components/portals/shared/stock-batch-health.tsx:3:8
Parsing ecmascript source code failed
  1 | import { Badge } from '@/components/ui/badge'
  2 | import {
> 3 | import { cn } from '@/lib/utils'
    |        ^
  4 | import { FILTER_SELECT_CLASS } from './filter-select'
  5 |   CRITICAL_MAX_DAYS_LEFT,
  6 |   EXPIRING_SOON_MAX_DAYS_LEFT,

Expected ',', got '{'

Import traces:
  Client Component Browser:
    ./src/components/portals/shared/stock-batch-health.tsx [Client Component Browser]
    ./src/components/portals/warehouse/sections/stocks/stocks-view.tsx [Client Component Browser]
    ./src/components/portals/warehouse/WarehousePortal.tsx [Client Component Browser]
    ./src/app/page.tsx [Client Component Browser]
    ./src/app/page.tsx [Server Component]
    ./src/app/admin/page.tsx [Server Component]

  Client Component SSR:
    ./src/components/portals/shared/stock-batch-health.tsx [Client Component SSR]
    ./src/components/portals/warehouse/sections/stocks/stocks-view.tsx [Client Component SSR]
    ./src/components/portals/warehouse/WarehousePortal.tsx [Client Component SSR]
    ./src/app/page.tsx [Client Component SSR]
    ./src/app/page.tsx [Server Component]
    ./src/app/admin/page.tsx [Server Component] @ https://localhost:3000/_next/static/chunks/node_modules_next_dist_f3530cac._.js:3127
[ 5734341ms] [ERROR] ./src/components/portals/shared/stock-batch-health.tsx:3:8
Parsing ecmascript source code failed
  1 | import { Badge } from '@/components/ui/badge'
  2 | import {
> 3 | import { cn } from '@/lib/utils'
    |        ^
  4 | import { FILTER_SELECT_CLASS } from './filter-select'
  5 |   CRITICAL_MAX_DAYS_LEFT,
  6 |   EXPIRING_SOON_MAX_DAYS_LEFT,

Expected ',', got '{'

Import traces:
  Client Component Browser:
    ./src/components/portals/shared/stock-batch-health.tsx [Client Component Browser]
    ./src/components/portals/warehouse/sections/stocks/stocks-view.tsx [Client Component Browser]
    ./src/components/portals/warehouse/WarehousePortal.tsx [Client Component Browser]
    ./src/app/page.tsx [Client Component Browser]
    ./src/app/page.tsx [Server Component]
    ./src/app/admin/page.tsx [Server Component]

  Client Component SSR:
    ./src/components/portals/shared/stock-batch-health.tsx [Client Component SSR]
    ./src/components/portals/warehouse/sections/stocks/stocks-view.tsx [Client Component SSR]
    ./src/components/portals/warehouse/WarehousePortal.tsx [Client Component SSR]
    ./src/app/page.tsx [Client Component SSR]
    ./src/app/page.tsx [Server Component]
    ./src/app/admin/page.tsx [Server Component] @ https://localhost:3000/_next/static/chunks/node_modules_next_dist_f3530cac._.js:3127
[ 5734406ms] [ERROR] ./src/components/portals/shared/stock-batch-health.tsx:3:8
Parsing ecmascript source code failed
  1 | import { Badge } from '@/components/ui/badge'
  2 | import {
> 3 | import { cn } from '@/lib/utils'
    |        ^
  4 | import { FILTER_SELECT_CLASS } from './filter-select'
  5 |   CRITICAL_MAX_DAYS_LEFT,
  6 |   EXPIRING_SOON_MAX_DAYS_LEFT,

Expected ',', got '{'

Import traces:
  Client Component Browser:
    ./src/components/portals/shared/stock-batch-health.tsx [Client Component Browser]
    ./src/components/portals/warehouse/sections/stocks/stocks-view.tsx [Client Component Browser]
    ./src/components/portals/warehouse/WarehousePortal.tsx [Client Component Browser]
    ./src/app/page.tsx [Client Component Browser]
    ./src/app/page.tsx [Server Component]
    ./src/app/admin/page.tsx [Server Component]

  Client Component SSR:
    ./src/components/portals/shared/stock-batch-health.tsx [Client Component SSR]
    ./src/components/portals/warehouse/sections/stocks/stocks-view.tsx [Client Component SSR]
    ./src/components/portals/warehouse/WarehousePortal.tsx [Client Component SSR]
    ./src/app/page.tsx [Client Component SSR]
    ./src/app/page.tsx [Server Component]
    ./src/app/admin/page.tsx [Server Component] @ https://localhost:3000/_next/static/chunks/node_modules_next_dist_f3530cac._.js:3127
[ 5734459ms] [ERROR] ./src/components/portals/shared/stock-batch-health.tsx:3:8
Parsing ecmascript source code failed
  1 | import { Badge } from '@/components/ui/badge'
  2 | import {
> 3 | import { cn } from '@/lib/utils'
    |        ^
  4 | import { FILTER_SELECT_CLASS } from './filter-select'
  5 |   CRITICAL_MAX_DAYS_LEFT,
  6 |   EXPIRING_SOON_MAX_DAYS_LEFT,

Expected ',', got '{'

Import traces:
  Client Component Browser:
    ./src/components/portals/shared/stock-batch-health.tsx [Client Component Browser]
    ./src/components/portals/warehouse/sections/stocks/stocks-view.tsx [Client Component Browser]
    ./src/components/portals/warehouse/WarehousePortal.tsx [Client Component Browser]
    ./src/app/page.tsx [Client Component Browser]
    ./src/app/page.tsx [Server Component]
    ./src/app/admin/page.tsx [Server Component]

  Client Component SSR:
    ./src/components/portals/shared/stock-batch-health.tsx [Client Component SSR]
    ./src/components/portals/warehouse/sections/stocks/stocks-view.tsx [Client Component SSR]
    ./src/components/portals/warehouse/WarehousePortal.tsx [Client Component SSR]
    ./src/app/page.tsx [Client Component SSR]
    ./src/app/page.tsx [Server Component]
    ./src/app/admin/page.tsx [Server Component] @ https://localhost:3000/_next/static/chunks/node_modules_next_dist_f3530cac._.js:3127
[ 5734504ms] [ERROR] ./src/components/portals/shared/stock-batch-health.tsx:3:8
Parsing ecmascript source code failed
  1 | import { Badge } from '@/components/ui/badge'
  2 | import {
> 3 | import { cn } from '@/lib/utils'
    |        ^
  4 | import { FILTER_SELECT_CLASS } from './filter-select'
  5 |   CRITICAL_MAX_DAYS_LEFT,
  6 |   EXPIRING_SOON_MAX_DAYS_LEFT,

Expected ',', got '{'

Import traces:
  Client Component Browser:
    ./src/components/portals/shared/stock-batch-health.tsx [Client Component Browser]
    ./src/components/portals/warehouse/sections/stocks/stocks-view.tsx [Client Component Browser]
    ./src/components/portals/warehouse/WarehousePortal.tsx [Client Component Browser]
    ./src/app/page.tsx [Client Component Browser]
    ./src/app/page.tsx [Server Component]
    ./src/app/admin/page.tsx [Server Component]

  Client Component SSR:
    ./src/components/portals/shared/stock-batch-health.tsx [Client Component SSR]
    ./src/components/portals/warehouse/sections/stocks/stocks-view.tsx [Client Component SSR]
    ./src/components/portals/warehouse/WarehousePortal.tsx [Client Component SSR]
    ./src/app/page.tsx [Client Component SSR]
    ./src/app/page.tsx [Server Component]
    ./src/app/admin/page.tsx [Server Component] @ https://localhost:3000/_next/static/chunks/node_modules_next_dist_f3530cac._.js:3127
[ 5734557ms] [ERROR] ./src/components/portals/shared/stock-batch-health.tsx:3:8
Parsing ecmascript source code failed
  1 | import { Badge } from '@/components/ui/badge'
  2 | import {
> 3 | import { cn } from '@/lib/utils'
    |        ^
  4 | import { FILTER_SELECT_CLASS } from './filter-select'
  5 |   CRITICAL_MAX_DAYS_LEFT,
  6 |   EXPIRING_SOON_MAX_DAYS_LEFT,

Expected ',', got '{'

Import traces:
  Client Component Browser:
    ./src/components/portals/shared/stock-batch-health.tsx [Client Component Browser]
    ./src/components/portals/warehouse/sections/stocks/stocks-view.tsx [Client Component Browser]
    ./src/components/portals/warehouse/WarehousePortal.tsx [Client Component Browser]
    ./src/app/page.tsx [Client Component Browser]
    ./src/app/page.tsx [Server Component]
    ./src/app/admin/page.tsx [Server Component]

  Client Component SSR:
    ./src/components/portals/shared/stock-batch-health.tsx [Client Component SSR]
    ./src/components/portals/warehouse/sections/stocks/stocks-view.tsx [Client Component SSR]
    ./src/components/portals/warehouse/WarehousePortal.tsx [Client Component SSR]
    ./src/app/page.tsx [Client Component SSR]
    ./src/app/page.tsx [Server Component]
    ./src/app/admin/page.tsx [Server Component] @ https://localhost:3000/_next/static/chunks/node_modules_next_dist_f3530cac._.js:3127
[ 5734625ms] [ERROR] ./src/components/portals/shared/stock-batch-health.tsx:3:8
Parsing ecmascript source code failed
  1 | import { Badge } from '@/components/ui/badge'
  2 | import {
> 3 | import { cn } from '@/lib/utils'
    |        ^
  4 | import { FILTER_SELECT_CLASS } from './filter-select'
  5 |   CRITICAL_MAX_DAYS_LEFT,
  6 |   EXPIRING_SOON_MAX_DAYS_LEFT,

Expected ',', got '{'

Import traces:
  Client Component Browser:
    ./src/components/portals/shared/stock-batch-health.tsx [Client Component Browser]
    ./src/components/portals/warehouse/sections/stocks/stocks-view.tsx [Client Component Browser]
    ./src/components/portals/warehouse/WarehousePortal.tsx [Client Component Browser]
    ./src/app/page.tsx [Client Component Browser]
    ./src/app/page.tsx [Server Component]
    ./src/app/admin/page.tsx [Server Component]

  Client Component SSR:
    ./src/components/portals/shared/stock-batch-health.tsx [Client Component SSR]
    ./src/components/portals/warehouse/sections/stocks/stocks-view.tsx [Client Component SSR]
    ./src/components/portals/warehouse/WarehousePortal.tsx [Client Component SSR]
    ./src/app/page.tsx [Client Component SSR]
    ./src/app/page.tsx [Server Component]
    ./src/app/admin/page.tsx [Server Component] @ https://localhost:3000/_next/static/chunks/node_modules_next_dist_f3530cac._.js:3127
[ 5734687ms] [ERROR] ./src/components/portals/shared/stock-batch-health.tsx:3:8
Parsing ecmascript source code failed
  1 | import { Badge } from '@/components/ui/badge'
  2 | import {
> 3 | import { cn } from '@/lib/utils'
    |        ^
  4 | import { FILTER_SELECT_CLASS } from './filter-select'
  5 |   CRITICAL_MAX_DAYS_LEFT,
  6 |   EXPIRING_SOON_MAX_DAYS_LEFT,

Expected ',', got '{'

Import traces:
  Client Component Browser:
    ./src/components/portals/shared/stock-batch-health.tsx [Client Component Browser]
    ./src/components/portals/warehouse/sections/stocks/stocks-view.tsx [Client Component Browser]
    ./src/components/portals/warehouse/WarehousePortal.tsx [Client Component Browser]
    ./src/app/page.tsx [Client Component Browser]
    ./src/app/page.tsx [Server Component]
    ./src/app/admin/page.tsx [Server Component]

  Client Component SSR:
    ./src/components/portals/shared/stock-batch-health.tsx [Client Component SSR]
    ./src/components/portals/warehouse/sections/stocks/stocks-view.tsx [Client Component SSR]
    ./src/components/portals/warehouse/WarehousePortal.tsx [Client Component SSR]
    ./src/app/page.tsx [Client Component SSR]
    ./src/app/page.tsx [Server Component]
    ./src/app/admin/page.tsx [Server Component] @ https://localhost:3000/_next/static/chunks/node_modules_next_dist_f3530cac._.js:3127
[ 5734740ms] [ERROR] ./src/components/portals/shared/stock-batch-health.tsx:3:8
Parsing ecmascript source code failed
  1 | import { Badge } from '@/components/ui/badge'
  2 | import {
> 3 | import { cn } from '@/lib/utils'
    |        ^
  4 | import { FILTER_SELECT_CLASS } from './filter-select'
  5 |   CRITICAL_MAX_DAYS_LEFT,
  6 |   EXPIRING_SOON_MAX_DAYS_LEFT,

Expected ',', got '{'

Import traces:
  Client Component Browser:
    ./src/components/portals/shared/stock-batch-health.tsx [Client Component Browser]
    ./src/components/portals/warehouse/sections/stocks/stocks-view.tsx [Client Component Browser]
    ./src/components/portals/warehouse/WarehousePortal.tsx [Client Component Browser]
    ./src/app/page.tsx [Client Component Browser]
    ./src/app/page.tsx [Server Component]
    ./src/app/admin/page.tsx [Server Component]

  Client Component SSR:
    ./src/components/portals/shared/stock-batch-health.tsx [Client Component SSR]
    ./src/components/portals/warehouse/sections/stocks/stocks-view.tsx [Client Component SSR]
    ./src/components/portals/warehouse/WarehousePortal.tsx [Client Component SSR]
    ./src/app/page.tsx [Client Component SSR]
    ./src/app/page.tsx [Server Component]
    ./src/app/admin/page.tsx [Server Component] @ https://localhost:3000/_next/static/chunks/node_modules_next_dist_f3530cac._.js:3127
[ 5734801ms] [ERROR] ./src/components/portals/shared/stock-batch-health.tsx:3:8
Parsing ecmascript source code failed
  1 | import { Badge } from '@/components/ui/badge'
  2 | import {
> 3 | import { cn } from '@/lib/utils'
    |        ^
  4 | import { FILTER_SELECT_CLASS } from './filter-select'
  5 |   CRITICAL_MAX_DAYS_LEFT,
  6 |   EXPIRING_SOON_MAX_DAYS_LEFT,

Expected ',', got '{'

Import traces:
  Client Component Browser:
    ./src/components/portals/shared/stock-batch-health.tsx [Client Component Browser]
    ./src/components/portals/warehouse/sections/stocks/stocks-view.tsx [Client Component Browser]
    ./src/components/portals/warehouse/WarehousePortal.tsx [Client Component Browser]
    ./src/app/page.tsx [Client Component Browser]
    ./src/app/page.tsx [Server Component]
    ./src/app/admin/page.tsx [Server Component]

  Client Component SSR:
    ./src/components/portals/shared/stock-batch-health.tsx [Client Component SSR]
    ./src/components/portals/warehouse/sections/stocks/stocks-view.tsx [Client Component SSR]
    ./src/components/portals/warehouse/WarehousePortal.tsx [Client Component SSR]
    ./src/app/page.tsx [Client Component SSR]
    ./src/app/page.tsx [Server Component]
    ./src/app/admin/page.tsx [Server Component] @ https://localhost:3000/_next/static/chunks/node_modules_next_dist_f3530cac._.js:3127
[ 5734871ms] [ERROR] ./src/components/portals/shared/stock-batch-health.tsx:3:8
Parsing ecmascript source code failed
  1 | import { Badge } from '@/components/ui/badge'
  2 | import {
> 3 | import { cn } from '@/lib/utils'
    |        ^
  4 | import { FILTER_SELECT_CLASS } from './filter-select'
  5 |   CRITICAL_MAX_DAYS_LEFT,
  6 |   EXPIRING_SOON_MAX_DAYS_LEFT,

Expected ',', got '{'

Import traces:
  Client Component Browser:
    ./src/components/portals/shared/stock-batch-health.tsx [Client Component Browser]
    ./src/components/portals/warehouse/sections/stocks/stocks-view.tsx [Client Component Browser]
    ./src/components/portals/warehouse/WarehousePortal.tsx [Client Component Browser]
    ./src/app/page.tsx [Client Component Browser]
    ./src/app/page.tsx [Server Component]
    ./src/app/admin/page.tsx [Server Component]

  Client Component SSR:
    ./src/components/portals/shared/stock-batch-health.tsx [Client Component SSR]
    ./src/components/portals/warehouse/sections/stocks/stocks-view.tsx [Client Component SSR]
    ./src/components/portals/warehouse/WarehousePortal.tsx [Client Component SSR]
    ./src/app/page.tsx [Client Component SSR]
    ./src/app/page.tsx [Server Component]
    ./src/app/admin/page.tsx [Server Component] @ https://localhost:3000/_next/static/chunks/node_modules_next_dist_f3530cac._.js:3127
[ 5734928ms] [ERROR] ./src/components/portals/shared/stock-batch-health.tsx:3:8
Parsing ecmascript source code failed
  1 | import { Badge } from '@/components/ui/badge'
  2 | import {
> 3 | import { cn } from '@/lib/utils'
    |        ^
  4 | import { FILTER_SELECT_CLASS } from './filter-select'
  5 |   CRITICAL_MAX_DAYS_LEFT,
  6 |   EXPIRING_SOON_MAX_DAYS_LEFT,

Expected ',', got '{'

Import traces:
  Client Component Browser:
    ./src/components/portals/shared/stock-batch-health.tsx [Client Component Browser]
    ./src/components/portals/warehouse/sections/stocks/stocks-view.tsx [Client Component Browser]
    ./src/components/portals/warehouse/WarehousePortal.tsx [Client Component Browser]
    ./src/app/page.tsx [Client Component Browser]
    ./src/app/page.tsx [Server Component]
    ./src/app/admin/page.tsx [Server Component]

  Client Component SSR:
    ./src/components/portals/shared/stock-batch-health.tsx [Client Component SSR]
    ./src/components/portals/warehouse/sections/stocks/stocks-view.tsx [Client Component SSR]
    ./src/components/portals/warehouse/WarehousePortal.tsx [Client Component SSR]
    ./src/app/page.tsx [Client Component SSR]
    ./src/app/page.tsx [Server Component]
    ./src/app/admin/page.tsx [Server Component] @ https://localhost:3000/_next/static/chunks/node_modules_next_dist_f3530cac._.js:3127
[ 5734993ms] [ERROR] ./src/components/portals/shared/stock-batch-health.tsx:3:8
Parsing ecmascript source code failed
  1 | import { Badge } from '@/components/ui/badge'
  2 | import {
> 3 | import { cn } from '@/lib/utils'
    |        ^
  4 | import { FILTER_SELECT_CLASS } from './filter-select'
  5 |   CRITICAL_MAX_DAYS_LEFT,
  6 |   EXPIRING_SOON_MAX_DAYS_LEFT,

Expected ',', got '{'

Import traces:
  Client Component Browser:
    ./src/components/portals/shared/stock-batch-health.tsx [Client Component Browser]
    ./src/components/portals/warehouse/sections/stocks/stocks-view.tsx [Client Component Browser]
    ./src/components/portals/warehouse/WarehousePortal.tsx [Client Component Browser]
    ./src/app/page.tsx [Client Component Browser]
    ./src/app/page.tsx [Server Component]
    ./src/app/admin/page.tsx [Server Component]

  Client Component SSR:
    ./src/components/portals/shared/stock-batch-health.tsx [Client Component SSR]
    ./src/components/portals/warehouse/sections/stocks/stocks-view.tsx [Client Component SSR]
    ./src/components/portals/warehouse/WarehousePortal.tsx [Client Component SSR]
    ./src/app/page.tsx [Client Component SSR]
    ./src/app/page.tsx [Server Component]
    ./src/app/admin/page.tsx [Server Component] @ https://localhost:3000/_next/static/chunks/node_modules_next_dist_f3530cac._.js:3127
[ 5735059ms] [ERROR] ./src/components/portals/shared/stock-batch-health.tsx:3:8
Parsing ecmascript source code failed
  1 | import { Badge } from '@/components/ui/badge'
  2 | import {
> 3 | import { cn } from '@/lib/utils'
    |        ^
  4 | import { FILTER_SELECT_CLASS } from './filter-select'
  5 |   CRITICAL_MAX_DAYS_LEFT,
  6 |   EXPIRING_SOON_MAX_DAYS_LEFT,

Expected ',', got '{'

Import traces:
  Client Component Browser:
    ./src/components/portals/shared/stock-batch-health.tsx [Client Component Browser]
    ./src/components/portals/warehouse/sections/stocks/stocks-view.tsx [Client Component Browser]
    ./src/components/portals/warehouse/WarehousePortal.tsx [Client Component Browser]
    ./src/app/page.tsx [Client Component Browser]
    ./src/app/page.tsx [Server Component]
    ./src/app/admin/page.tsx [Server Component]

  Client Component SSR:
    ./src/components/portals/shared/stock-batch-health.tsx [Client Component SSR]
    ./src/components/portals/warehouse/sections/stocks/stocks-view.tsx [Client Component SSR]
    ./src/components/portals/warehouse/WarehousePortal.tsx [Client Component SSR]
    ./src/app/page.tsx [Client Component SSR]
    ./src/app/page.tsx [Server Component]
    ./src/app/admin/page.tsx [Server Component] @ https://localhost:3000/_next/static/chunks/node_modules_next_dist_f3530cac._.js:3127
[ 5735124ms] [ERROR] ./src/components/portals/shared/stock-batch-health.tsx:3:8
Parsing ecmascript source code failed
  1 | import { Badge } from '@/components/ui/badge'
  2 | import {
> 3 | import { cn } from '@/lib/utils'
    |        ^
  4 | import { FILTER_SELECT_CLASS } from './filter-select'
  5 |   CRITICAL_MAX_DAYS_LEFT,
  6 |   EXPIRING_SOON_MAX_DAYS_LEFT,

Expected ',', got '{'

Import traces:
  Client Component Browser:
    ./src/components/portals/shared/stock-batch-health.tsx [Client Component Browser]
    ./src/components/portals/warehouse/sections/stocks/stocks-view.tsx [Client Component Browser]
    ./src/components/portals/warehouse/WarehousePortal.tsx [Client Component Browser]
    ./src/app/page.tsx [Client Component Browser]
    ./src/app/page.tsx [Server Component]
    ./src/app/admin/page.tsx [Server Component]

  Client Component SSR:
    ./src/components/portals/shared/stock-batch-health.tsx [Client Component SSR]
    ./src/components/portals/warehouse/sections/stocks/stocks-view.tsx [Client Component SSR]
    ./src/components/portals/warehouse/WarehousePortal.tsx [Client Component SSR]
    ./src/app/page.tsx [Client Component SSR]
    ./src/app/page.tsx [Server Component]
    ./src/app/admin/page.tsx [Server Component] @ https://localhost:3000/_next/static/chunks/node_modules_next_dist_f3530cac._.js:3127
[ 5735190ms] [ERROR] ./src/components/portals/shared/stock-batch-health.tsx:3:8
Parsing ecmascript source code failed
  1 | import { Badge } from '@/components/ui/badge'
  2 | import {
> 3 | import { cn } from '@/lib/utils'
    |        ^
  4 | import { FILTER_SELECT_CLASS } from './filter-select'
  5 |   CRITICAL_MAX_DAYS_LEFT,
  6 |   EXPIRING_SOON_MAX_DAYS_LEFT,

Expected ',', got '{'

Import traces:
  Client Component Browser:
    ./src/components/portals/shared/stock-batch-health.tsx [Client Component Browser]
    ./src/components/portals/warehouse/sections/stocks/stocks-view.tsx [Client Component Browser]
    ./src/components/portals/warehouse/WarehousePortal.tsx [Client Component Browser]
    ./src/app/page.tsx [Client Component Browser]
    ./src/app/page.tsx [Server Component]
    ./src/app/admin/page.tsx [Server Component]

  Client Component SSR:
    ./src/components/portals/shared/stock-batch-health.tsx [Client Component SSR]
    ./src/components/portals/warehouse/sections/stocks/stocks-view.tsx [Client Component SSR]
    ./src/components/portals/warehouse/WarehousePortal.tsx [Client Component SSR]
    ./src/app/page.tsx [Client Component SSR]
    ./src/app/page.tsx [Server Component]
    ./src/app/admin/page.tsx [Server Component] @ https://localhost:3000/_next/static/chunks/node_modules_next_dist_f3530cac._.js:3127
[ 5735256ms] [ERROR] ./src/components/portals/shared/stock-batch-health.tsx:3:8
Parsing ecmascript source code failed
  1 | import { Badge } from '@/components/ui/badge'
  2 | import {
> 3 | import { cn } from '@/lib/utils'
    |        ^
  4 | import { FILTER_SELECT_CLASS } from './filter-select'
  5 |   CRITICAL_MAX_DAYS_LEFT,
  6 |   EXPIRING_SOON_MAX_DAYS_LEFT,

Expected ',', got '{'

Import traces:
  Client Component Browser:
    ./src/components/portals/shared/stock-batch-health.tsx [Client Component Browser]
    ./src/components/portals/warehouse/sections/stocks/stocks-view.tsx [Client Component Browser]
    ./src/components/portals/warehouse/WarehousePortal.tsx [Client Component Browser]
    ./src/app/page.tsx [Client Component Browser]
    ./src/app/page.tsx [Server Component]
    ./src/app/admin/page.tsx [Server Component]

  Client Component SSR:
    ./src/components/portals/shared/stock-batch-health.tsx [Client Component SSR]
    ./src/components/portals/warehouse/sections/stocks/stocks-view.tsx [Client Component SSR]
    ./src/components/portals/warehouse/WarehousePortal.tsx [Client Component SSR]
    ./src/app/page.tsx [Client Component SSR]
    ./src/app/page.tsx [Server Component]
    ./src/app/admin/page.tsx [Server Component] @ https://localhost:3000/_next/static/chunks/node_modules_next_dist_f3530cac._.js:3127
[ 5735323ms] [ERROR] ./src/components/portals/shared/stock-batch-health.tsx:3:8
Parsing ecmascript source code failed
  1 | import { Badge } from '@/components/ui/badge'
  2 | import {
> 3 | import { cn } from '@/lib/utils'
    |        ^
  4 | import { FILTER_SELECT_CLASS } from './filter-select'
  5 |   CRITICAL_MAX_DAYS_LEFT,
  6 |   EXPIRING_SOON_MAX_DAYS_LEFT,

Expected ',', got '{'

Import traces:
  Client Component Browser:
    ./src/components/portals/shared/stock-batch-health.tsx [Client Component Browser]
    ./src/components/portals/warehouse/sections/stocks/stocks-view.tsx [Client Component Browser]
    ./src/components/portals/warehouse/WarehousePortal.tsx [Client Component Browser]
    ./src/app/page.tsx [Client Component Browser]
    ./src/app/page.tsx [Server Component]
    ./src/app/admin/page.tsx [Server Component]

  Client Component SSR:
    ./src/components/portals/shared/stock-batch-health.tsx [Client Component SSR]
    ./src/components/portals/warehouse/sections/stocks/stocks-view.tsx [Client Component SSR]
    ./src/components/portals/warehouse/WarehousePortal.tsx [Client Component SSR]
    ./src/app/page.tsx [Client Component SSR]
    ./src/app/page.tsx [Server Component]
    ./src/app/admin/page.tsx [Server Component] @ https://localhost:3000/_next/static/chunks/node_modules_next_dist_f3530cac._.js:3127
[ 5735376ms] [ERROR] ./src/components/portals/shared/stock-batch-health.tsx:3:8
Parsing ecmascript source code failed
  1 | import { Badge } from '@/components/ui/badge'
  2 | import {
> 3 | import { cn } from '@/lib/utils'
    |        ^
  4 | import { FILTER_SELECT_CLASS } from './filter-select'
  5 |   CRITICAL_MAX_DAYS_LEFT,
  6 |   EXPIRING_SOON_MAX_DAYS_LEFT,

Expected ',', got '{'

Import traces:
  Client Component Browser:
    ./src/components/portals/shared/stock-batch-health.tsx [Client Component Browser]
    ./src/components/portals/warehouse/sections/stocks/stocks-view.tsx [Client Component Browser]
    ./src/components/portals/warehouse/WarehousePortal.tsx [Client Component Browser]
    ./src/app/page.tsx [Client Component Browser]
    ./src/app/page.tsx [Server Component]
    ./src/app/admin/page.tsx [Server Component]

  Client Component SSR:
    ./src/components/portals/shared/stock-batch-health.tsx [Client Component SSR]
    ./src/components/portals/warehouse/sections/stocks/stocks-view.tsx [Client Component SSR]
    ./src/components/portals/warehouse/WarehousePortal.tsx [Client Component SSR]
    ./src/app/page.tsx [Client Component SSR]
    ./src/app/page.tsx [Server Component]
    ./src/app/admin/page.tsx [Server Component] @ https://localhost:3000/_next/static/chunks/node_modules_next_dist_f3530cac._.js:3127
[ 5735442ms] [ERROR] ./src/components/portals/shared/stock-batch-health.tsx:3:8
Parsing ecmascript source code failed
  1 | import { Badge } from '@/components/ui/badge'
  2 | import {
> 3 | import { cn } from '@/lib/utils'
    |        ^
  4 | import { FILTER_SELECT_CLASS } from './filter-select'
  5 |   CRITICAL_MAX_DAYS_LEFT,
  6 |   EXPIRING_SOON_MAX_DAYS_LEFT,

Expected ',', got '{'

Import traces:
  Client Component Browser:
    ./src/components/portals/shared/stock-batch-health.tsx [Client Component Browser]
    ./src/components/portals/warehouse/sections/stocks/stocks-view.tsx [Client Component Browser]
    ./src/components/portals/warehouse/WarehousePortal.tsx [Client Component Browser]
    ./src/app/page.tsx [Client Component Browser]
    ./src/app/page.tsx [Server Component]
    ./src/app/admin/page.tsx [Server Component]

  Client Component SSR:
    ./src/components/portals/shared/stock-batch-health.tsx [Client Component SSR]
    ./src/components/portals/warehouse/sections/stocks/stocks-view.tsx [Client Component SSR]
    ./src/components/portals/warehouse/WarehousePortal.tsx [Client Component SSR]
    ./src/app/page.tsx [Client Component SSR]
    ./src/app/page.tsx [Server Component]
    ./src/app/admin/page.tsx [Server Component] @ https://localhost:3000/_next/static/chunks/node_modules_next_dist_f3530cac._.js:3127
[ 5735509ms] [ERROR] ./src/components/portals/shared/stock-batch-health.tsx:3:8
Parsing ecmascript source code failed
  1 | import { Badge } from '@/components/ui/badge'
  2 | import {
> 3 | import { cn } from '@/lib/utils'
    |        ^
  4 | import { FILTER_SELECT_CLASS } from './filter-select'
  5 |   CRITICAL_MAX_DAYS_LEFT,
  6 |   EXPIRING_SOON_MAX_DAYS_LEFT,

Expected ',', got '{'

Import traces:
  Client Component Browser:
    ./src/components/portals/shared/stock-batch-health.tsx [Client Component Browser]
    ./src/components/portals/warehouse/sections/stocks/stocks-view.tsx [Client Component Browser]
    ./src/components/portals/warehouse/WarehousePortal.tsx [Client Component Browser]
    ./src/app/page.tsx [Client Component Browser]
    ./src/app/page.tsx [Server Component]
    ./src/app/admin/page.tsx [Server Component]

  Client Component SSR:
    ./src/components/portals/shared/stock-batch-health.tsx [Client Component SSR]
    ./src/components/portals/warehouse/sections/stocks/stocks-view.tsx [Client Component SSR]
    ./src/components/portals/warehouse/WarehousePortal.tsx [Client Component SSR]
    ./src/app/page.tsx [Client Component SSR]
    ./src/app/page.tsx [Server Component]
    ./src/app/admin/page.tsx [Server Component] @ https://localhost:3000/_next/static/chunks/node_modules_next_dist_f3530cac._.js:3127
[ 5735576ms] [ERROR] ./src/components/portals/shared/stock-batch-health.tsx:3:8
Parsing ecmascript source code failed
  1 | import { Badge } from '@/components/ui/badge'
  2 | import {
> 3 | import { cn } from '@/lib/utils'
    |        ^
  4 | import { FILTER_SELECT_CLASS } from './filter-select'
  5 |   CRITICAL_MAX_DAYS_LEFT,
  6 |   EXPIRING_SOON_MAX_DAYS_LEFT,

Expected ',', got '{'

Import traces:
  Client Component Browser:
    ./src/components/portals/shared/stock-batch-health.tsx [Client Component Browser]
    ./src/components/portals/warehouse/sections/stocks/stocks-view.tsx [Client Component Browser]
    ./src/components/portals/warehouse/WarehousePortal.tsx [Client Component Browser]
    ./src/app/page.tsx [Client Component Browser]
    ./src/app/page.tsx [Server Component]
    ./src/app/admin/page.tsx [Server Component]

  Client Component SSR:
    ./src/components/portals/shared/stock-batch-health.tsx [Client Component SSR]
    ./src/components/portals/warehouse/sections/stocks/stocks-view.tsx [Client Component SSR]
    ./src/components/portals/warehouse/WarehousePortal.tsx [Client Component SSR]
    ./src/app/page.tsx [Client Component SSR]
    ./src/app/page.tsx [Server Component]
    ./src/app/admin/page.tsx [Server Component] @ https://localhost:3000/_next/static/chunks/node_modules_next_dist_f3530cac._.js:3127
[ 5735640ms] [ERROR] ./src/components/portals/shared/stock-batch-health.tsx:3:8
Parsing ecmascript source code failed
  1 | import { Badge } from '@/components/ui/badge'
  2 | import {
> 3 | import { cn } from '@/lib/utils'
    |        ^
  4 | import { FILTER_SELECT_CLASS } from './filter-select'
  5 |   CRITICAL_MAX_DAYS_LEFT,
  6 |   EXPIRING_SOON_MAX_DAYS_LEFT,

Expected ',', got '{'

Import traces:
  Client Component Browser:
    ./src/components/portals/shared/stock-batch-health.tsx [Client Component Browser]
    ./src/components/portals/warehouse/sections/stocks/stocks-view.tsx [Client Component Browser]
    ./src/components/portals/warehouse/WarehousePortal.tsx [Client Component Browser]
    ./src/app/page.tsx [Client Component Browser]
    ./src/app/page.tsx [Server Component]
    ./src/app/admin/page.tsx [Server Component]

  Client Component SSR:
    ./src/components/portals/shared/stock-batch-health.tsx [Client Component SSR]
    ./src/components/portals/warehouse/sections/stocks/stocks-view.tsx [Client Component SSR]
    ./src/components/portals/warehouse/WarehousePortal.tsx [Client Component SSR]
    ./src/app/page.tsx [Client Component SSR]
    ./src/app/page.tsx [Server Component]
    ./src/app/admin/page.tsx [Server Component] @ https://localhost:3000/_next/static/chunks/node_modules_next_dist_f3530cac._.js:3127
[ 5735692ms] [ERROR] ./src/components/portals/shared/stock-batch-health.tsx:3:8
Parsing ecmascript source code failed
  1 | import { Badge } from '@/components/ui/badge'
  2 | import {
> 3 | import { cn } from '@/lib/utils'
    |        ^
  4 | import { FILTER_SELECT_CLASS } from './filter-select'
  5 |   CRITICAL_MAX_DAYS_LEFT,
  6 |   EXPIRING_SOON_MAX_DAYS_LEFT,

Expected ',', got '{'

Import traces:
  Client Component Browser:
    ./src/components/portals/shared/stock-batch-health.tsx [Client Component Browser]
    ./src/components/portals/warehouse/sections/stocks/stocks-view.tsx [Client Component Browser]
    ./src/components/portals/warehouse/WarehousePortal.tsx [Client Component Browser]
    ./src/app/page.tsx [Client Component Browser]
    ./src/app/page.tsx [Server Component]
    ./src/app/admin/page.tsx [Server Component]

  Client Component SSR:
    ./src/components/portals/shared/stock-batch-health.tsx [Client Component SSR]
    ./src/components/portals/warehouse/sections/stocks/stocks-view.tsx [Client Component SSR]
    ./src/components/portals/warehouse/WarehousePortal.tsx [Client Component SSR]
    ./src/app/page.tsx [Client Component SSR]
    ./src/app/page.tsx [Server Component]
    ./src/app/admin/page.tsx [Server Component] @ https://localhost:3000/_next/static/chunks/node_modules_next_dist_f3530cac._.js:3127
[ 5735757ms] [ERROR] ./src/components/portals/shared/stock-batch-health.tsx:3:8
Parsing ecmascript source code failed
  1 | import { Badge } from '@/components/ui/badge'
  2 | import {
> 3 | import { cn } from '@/lib/utils'
    |        ^
  4 | import { FILTER_SELECT_CLASS } from './filter-select'
  5 |   CRITICAL_MAX_DAYS_LEFT,
  6 |   EXPIRING_SOON_MAX_DAYS_LEFT,

Expected ',', got '{'

Import traces:
  Client Component Browser:
    ./src/components/portals/shared/stock-batch-health.tsx [Client Component Browser]
    ./src/components/portals/warehouse/sections/stocks/stocks-view.tsx [Client Component Browser]
    ./src/components/portals/warehouse/WarehousePortal.tsx [Client Component Browser]
    ./src/app/page.tsx [Client Component Browser]
    ./src/app/page.tsx [Server Component]
    ./src/app/admin/page.tsx [Server Component]

  Client Component SSR:
    ./src/components/portals/shared/stock-batch-health.tsx [Client Component SSR]
    ./src/components/portals/warehouse/sections/stocks/stocks-view.tsx [Client Component SSR]
    ./src/components/portals/warehouse/WarehousePortal.tsx [Client Component SSR]
    ./src/app/page.tsx [Client Component SSR]
    ./src/app/page.tsx [Server Component]
    ./src/app/admin/page.tsx [Server Component] @ https://localhost:3000/_next/static/chunks/node_modules_next_dist_f3530cac._.js:3127
[ 5735823ms] [ERROR] ./src/components/portals/shared/stock-batch-health.tsx:3:8
Parsing ecmascript source code failed
  1 | import { Badge } from '@/components/ui/badge'
  2 | import {
> 3 | import { cn } from '@/lib/utils'
    |        ^
  4 | import { FILTER_SELECT_CLASS } from './filter-select'
  5 |   CRITICAL_MAX_DAYS_LEFT,
  6 |   EXPIRING_SOON_MAX_DAYS_LEFT,

Expected ',', got '{'

Import traces:
  Client Component Browser:
    ./src/components/portals/shared/stock-batch-health.tsx [Client Component Browser]
    ./src/components/portals/warehouse/sections/stocks/stocks-view.tsx [Client Component Browser]
    ./src/components/portals/warehouse/WarehousePortal.tsx [Client Component Browser]
    ./src/app/page.tsx [Client Component Browser]
    ./src/app/page.tsx [Server Component]
    ./src/app/admin/page.tsx [Server Component]

  Client Component SSR:
    ./src/components/portals/shared/stock-batch-health.tsx [Client Component SSR]
    ./src/components/portals/warehouse/sections/stocks/stocks-view.tsx [Client Component SSR]
    ./src/components/portals/warehouse/WarehousePortal.tsx [Client Component SSR]
    ./src/app/page.tsx [Client Component SSR]
    ./src/app/page.tsx [Server Component]
    ./src/app/admin/page.tsx [Server Component] @ https://localhost:3000/_next/static/chunks/node_modules_next_dist_f3530cac._.js:3127
[ 5735888ms] [ERROR] ./src/components/portals/shared/stock-batch-health.tsx:3:8
Parsing ecmascript source code failed
  1 | import { Badge } from '@/components/ui/badge'
  2 | import {
> 3 | import { cn } from '@/lib/utils'
    |        ^
  4 | import { FILTER_SELECT_CLASS } from './filter-select'
  5 |   CRITICAL_MAX_DAYS_LEFT,
  6 |   EXPIRING_SOON_MAX_DAYS_LEFT,

Expected ',', got '{'

Import traces:
  Client Component Browser:
    ./src/components/portals/shared/stock-batch-health.tsx [Client Component Browser]
    ./src/components/portals/warehouse/sections/stocks/stocks-view.tsx [Client Component Browser]
    ./src/components/portals/warehouse/WarehousePortal.tsx [Client Component Browser]
    ./src/app/page.tsx [Client Component Browser]
    ./src/app/page.tsx [Server Component]
    ./src/app/admin/page.tsx [Server Component]

  Client Component SSR:
    ./src/components/portals/shared/stock-batch-health.tsx [Client Component SSR]
    ./src/components/portals/warehouse/sections/stocks/stocks-view.tsx [Client Component SSR]
    ./src/components/portals/warehouse/WarehousePortal.tsx [Client Component SSR]
    ./src/app/page.tsx [Client Component SSR]
    ./src/app/page.tsx [Server Component]
    ./src/app/admin/page.tsx [Server Component] @ https://localhost:3000/_next/static/chunks/node_modules_next_dist_f3530cac._.js:3127
[ 5735955ms] [ERROR] ./src/components/portals/shared/stock-batch-health.tsx:3:8
Parsing ecmascript source code failed
  1 | import { Badge } from '@/components/ui/badge'
  2 | import {
> 3 | import { cn } from '@/lib/utils'
    |        ^
  4 | import { FILTER_SELECT_CLASS } from './filter-select'
  5 |   CRITICAL_MAX_DAYS_LEFT,
  6 |   EXPIRING_SOON_MAX_DAYS_LEFT,

Expected ',', got '{'

Import traces:
  Client Component Browser:
    ./src/components/portals/shared/stock-batch-health.tsx [Client Component Browser]
    ./src/components/portals/warehouse/sections/stocks/stocks-view.tsx [Client Component Browser]
    ./src/components/portals/warehouse/WarehousePortal.tsx [Client Component Browser]
    ./src/app/page.tsx [Client Component Browser]
    ./src/app/page.tsx [Server Component]
    ./src/app/admin/page.tsx [Server Component]

  Client Component SSR:
    ./src/components/portals/shared/stock-batch-health.tsx [Client Component SSR]
    ./src/components/portals/warehouse/sections/stocks/stocks-view.tsx [Client Component SSR]
    ./src/components/portals/warehouse/WarehousePortal.tsx [Client Component SSR]
    ./src/app/page.tsx [Client Component SSR]
    ./src/app/page.tsx [Server Component]
    ./src/app/admin/page.tsx [Server Component] @ https://localhost:3000/_next/static/chunks/node_modules_next_dist_f3530cac._.js:3127
[ 5736021ms] [ERROR] ./src/components/portals/shared/stock-batch-health.tsx:3:8
Parsing ecmascript source code failed
  1 | import { Badge } from '@/components/ui/badge'
  2 | import {
> 3 | import { cn } from '@/lib/utils'
    |        ^
  4 | import { FILTER_SELECT_CLASS } from './filter-select'
  5 |   CRITICAL_MAX_DAYS_LEFT,
  6 |   EXPIRING_SOON_MAX_DAYS_LEFT,

Expected ',', got '{'

Import traces:
  Client Component Browser:
    ./src/components/portals/shared/stock-batch-health.tsx [Client Component Browser]
    ./src/components/portals/warehouse/sections/stocks/stocks-view.tsx [Client Component Browser]
    ./src/components/portals/warehouse/WarehousePortal.tsx [Client Component Browser]
    ./src/app/page.tsx [Client Component Browser]
    ./src/app/page.tsx [Server Component]
    ./src/app/admin/page.tsx [Server Component]

  Client Component SSR:
    ./src/components/portals/shared/stock-batch-health.tsx [Client Component SSR]
    ./src/components/portals/warehouse/sections/stocks/stocks-view.tsx [Client Component SSR]
    ./src/components/portals/warehouse/WarehousePortal.tsx [Client Component SSR]
    ./src/app/page.tsx [Client Component SSR]
    ./src/app/page.tsx [Server Component]
    ./src/app/admin/page.tsx [Server Component] @ https://localhost:3000/_next/static/chunks/node_modules_next_dist_f3530cac._.js:3127
[ 5736095ms] [ERROR] ./src/components/portals/shared/stock-batch-health.tsx:3:8
Parsing ecmascript source code failed
  1 | import { Badge } from '@/components/ui/badge'
  2 | import {
> 3 | import { cn } from '@/lib/utils'
    |        ^
  4 | import { FILTER_SELECT_CLASS } from './filter-select'
  5 |   CRITICAL_MAX_DAYS_LEFT,
  6 |   EXPIRING_SOON_MAX_DAYS_LEFT,

Expected ',', got '{'

Import traces:
  Client Component Browser:
    ./src/components/portals/shared/stock-batch-health.tsx [Client Component Browser]
    ./src/components/portals/warehouse/sections/stocks/stocks-view.tsx [Client Component Browser]
    ./src/components/portals/warehouse/WarehousePortal.tsx [Client Component Browser]
    ./src/app/page.tsx [Client Component Browser]
    ./src/app/page.tsx [Server Component]
    ./src/app/admin/page.tsx [Server Component]

  Client Component SSR:
    ./src/components/portals/shared/stock-batch-health.tsx [Client Component SSR]
    ./src/components/portals/warehouse/sections/stocks/stocks-view.tsx [Client Component SSR]
    ./src/components/portals/warehouse/WarehousePortal.tsx [Client Component SSR]
    ./src/app/page.tsx [Client Component SSR]
    ./src/app/page.tsx [Server Component]
    ./src/app/admin/page.tsx [Server Component] @ https://localhost:3000/_next/static/chunks/node_modules_next_dist_f3530cac._.js:3127
[ 5736153ms] [ERROR] ./src/components/portals/shared/stock-batch-health.tsx:3:8
Parsing ecmascript source code failed
  1 | import { Badge } from '@/components/ui/badge'
  2 | import {
> 3 | import { cn } from '@/lib/utils'
    |        ^
  4 | import { FILTER_SELECT_CLASS } from './filter-select'
  5 |   CRITICAL_MAX_DAYS_LEFT,
  6 |   EXPIRING_SOON_MAX_DAYS_LEFT,

Expected ',', got '{'

Import traces:
  Client Component Browser:
    ./src/components/portals/shared/stock-batch-health.tsx [Client Component Browser]
    ./src/components/portals/warehouse/sections/stocks/stocks-view.tsx [Client Component Browser]
    ./src/components/portals/warehouse/WarehousePortal.tsx [Client Component Browser]
    ./src/app/page.tsx [Client Component Browser]
    ./src/app/page.tsx [Server Component]
    ./src/app/admin/page.tsx [Server Component]

  Client Component SSR:
    ./src/components/portals/shared/stock-batch-health.tsx [Client Component SSR]
    ./src/components/portals/warehouse/sections/stocks/stocks-view.tsx [Client Component SSR]
    ./src/components/portals/warehouse/WarehousePortal.tsx [Client Component SSR]
    ./src/app/page.tsx [Client Component SSR]
    ./src/app/page.tsx [Server Component]
    ./src/app/admin/page.tsx [Server Component] @ https://localhost:3000/_next/static/chunks/node_modules_next_dist_f3530cac._.js:3127
[ 5736207ms] [ERROR] ./src/components/portals/shared/stock-batch-health.tsx:3:8
Parsing ecmascript source code failed
  1 | import { Badge } from '@/components/ui/badge'
  2 | import {
> 3 | import { cn } from '@/lib/utils'
    |        ^
  4 | import { FILTER_SELECT_CLASS } from './filter-select'
  5 |   CRITICAL_MAX_DAYS_LEFT,
  6 |   EXPIRING_SOON_MAX_DAYS_LEFT,

Expected ',', got '{'

Import traces:
  Client Component Browser:
    ./src/components/portals/shared/stock-batch-health.tsx [Client Component Browser]
    ./src/components/portals/warehouse/sections/stocks/stocks-view.tsx [Client Component Browser]
    ./src/components/portals/warehouse/WarehousePortal.tsx [Client Component Browser]
    ./src/app/page.tsx [Client Component Browser]
    ./src/app/page.tsx [Server Component]
    ./src/app/admin/page.tsx [Server Component]

  Client Component SSR:
    ./src/components/portals/shared/stock-batch-health.tsx [Client Component SSR]
    ./src/components/portals/warehouse/sections/stocks/stocks-view.tsx [Client Component SSR]
    ./src/components/portals/warehouse/WarehousePortal.tsx [Client Component SSR]
    ./src/app/page.tsx [Client Component SSR]
    ./src/app/page.tsx [Server Component]
    ./src/app/admin/page.tsx [Server Component] @ https://localhost:3000/_next/static/chunks/node_modules_next_dist_f3530cac._.js:3127
[ 5736264ms] [ERROR] ./src/components/portals/shared/stock-batch-health.tsx:3:8
Parsing ecmascript source code failed
  1 | import { Badge } from '@/components/ui/badge'
  2 | import {
> 3 | import { cn } from '@/lib/utils'
    |        ^
  4 | import { FILTER_SELECT_CLASS } from './filter-select'
  5 |   CRITICAL_MAX_DAYS_LEFT,
  6 |   EXPIRING_SOON_MAX_DAYS_LEFT,

Expected ',', got '{'

Import traces:
  Client Component Browser:
    ./src/components/portals/shared/stock-batch-health.tsx [Client Component Browser]
    ./src/components/portals/warehouse/sections/stocks/stocks-view.tsx [Client Component Browser]
    ./src/components/portals/warehouse/WarehousePortal.tsx [Client Component Browser]
    ./src/app/page.tsx [Client Component Browser]
    ./src/app/page.tsx [Server Component]
    ./src/app/admin/page.tsx [Server Component]

  Client Component SSR:
    ./src/components/portals/shared/stock-batch-health.tsx [Client Component SSR]
    ./src/components/portals/warehouse/sections/stocks/stocks-view.tsx [Client Component SSR]
    ./src/components/portals/warehouse/WarehousePortal.tsx [Client Component SSR]
    ./src/app/page.tsx [Client Component SSR]
    ./src/app/page.tsx [Server Component]
    ./src/app/admin/page.tsx [Server Component] @ https://localhost:3000/_next/static/chunks/node_modules_next_dist_f3530cac._.js:3127
[ 5736324ms] [ERROR] ./src/components/portals/shared/stock-batch-health.tsx:3:8
Parsing ecmascript source code failed
  1 | import { Badge } from '@/components/ui/badge'
  2 | import {
> 3 | import { cn } from '@/lib/utils'
    |        ^
  4 | import { FILTER_SELECT_CLASS } from './filter-select'
  5 |   CRITICAL_MAX_DAYS_LEFT,
  6 |   EXPIRING_SOON_MAX_DAYS_LEFT,

Expected ',', got '{'

Import traces:
  Client Component Browser:
    ./src/components/portals/shared/stock-batch-health.tsx [Client Component Browser]
    ./src/components/portals/warehouse/sections/stocks/stocks-view.tsx [Client Component Browser]
    ./src/components/portals/warehouse/WarehousePortal.tsx [Client Component Browser]
    ./src/app/page.tsx [Client Component Browser]
    ./src/app/page.tsx [Server Component]
    ./src/app/admin/page.tsx [Server Component]

  Client Component SSR:
    ./src/components/portals/shared/stock-batch-health.tsx [Client Component SSR]
    ./src/components/portals/warehouse/sections/stocks/stocks-view.tsx [Client Component SSR]
    ./src/components/portals/warehouse/WarehousePortal.tsx [Client Component SSR]
    ./src/app/page.tsx [Client Component SSR]
    ./src/app/page.tsx [Server Component]
    ./src/app/admin/page.tsx [Server Component] @ https://localhost:3000/_next/static/chunks/node_modules_next_dist_f3530cac._.js:3127
[ 5736377ms] [ERROR] ./src/components/portals/shared/stock-batch-health.tsx:3:8
Parsing ecmascript source code failed
  1 | import { Badge } from '@/components/ui/badge'
  2 | import {
> 3 | import { cn } from '@/lib/utils'
    |        ^
  4 | import { FILTER_SELECT_CLASS } from './filter-select'
  5 |   CRITICAL_MAX_DAYS_LEFT,
  6 |   EXPIRING_SOON_MAX_DAYS_LEFT,

Expected ',', got '{'

Import traces:
  Client Component Browser:
    ./src/components/portals/shared/stock-batch-health.tsx [Client Component Browser]
    ./src/components/portals/warehouse/sections/stocks/stocks-view.tsx [Client Component Browser]
    ./src/components/portals/warehouse/WarehousePortal.tsx [Client Component Browser]
    ./src/app/page.tsx [Client Component Browser]
    ./src/app/page.tsx [Server Component]
    ./src/app/admin/page.tsx [Server Component]

  Client Component SSR:
    ./src/components/portals/shared/stock-batch-health.tsx [Client Component SSR]
    ./src/components/portals/warehouse/sections/stocks/stocks-view.tsx [Client Component SSR]
    ./src/components/portals/warehouse/WarehousePortal.tsx [Client Component SSR]
    ./src/app/page.tsx [Client Component SSR]
    ./src/app/page.tsx [Server Component]
    ./src/app/admin/page.tsx [Server Component] @ https://localhost:3000/_next/static/chunks/node_modules_next_dist_f3530cac._.js:3127
[ 5736443ms] [ERROR] ./src/components/portals/shared/stock-batch-health.tsx:3:8
Parsing ecmascript source code failed
  1 | import { Badge } from '@/components/ui/badge'
  2 | import {
> 3 | import { cn } from '@/lib/utils'
    |        ^
  4 | import { FILTER_SELECT_CLASS } from './filter-select'
  5 |   CRITICAL_MAX_DAYS_LEFT,
  6 |   EXPIRING_SOON_MAX_DAYS_LEFT,

Expected ',', got '{'

Import traces:
  Client Component Browser:
    ./src/components/portals/shared/stock-batch-health.tsx [Client Component Browser]
    ./src/components/portals/warehouse/sections/stocks/stocks-view.tsx [Client Component Browser]
    ./src/components/portals/warehouse/WarehousePortal.tsx [Client Component Browser]
    ./src/app/page.tsx [Client Component Browser]
    ./src/app/page.tsx [Server Component]
    ./src/app/admin/page.tsx [Server Component]

  Client Component SSR:
    ./src/components/portals/shared/stock-batch-health.tsx [Client Component SSR]
    ./src/components/portals/warehouse/sections/stocks/stocks-view.tsx [Client Component SSR]
    ./src/components/portals/warehouse/WarehousePortal.tsx [Client Component SSR]
    ./src/app/page.tsx [Client Component SSR]
    ./src/app/page.tsx [Server Component]
    ./src/app/admin/page.tsx [Server Component] @ https://localhost:3000/_next/static/chunks/node_modules_next_dist_f3530cac._.js:3127
[ 5736510ms] [ERROR] ./src/components/portals/shared/stock-batch-health.tsx:3:8
Parsing ecmascript source code failed
  1 | import { Badge } from '@/components/ui/badge'
  2 | import {
> 3 | import { cn } from '@/lib/utils'
    |        ^
  4 | import { FILTER_SELECT_CLASS } from './filter-select'
  5 |   CRITICAL_MAX_DAYS_LEFT,
  6 |   EXPIRING_SOON_MAX_DAYS_LEFT,

Expected ',', got '{'

Import traces:
  Client Component Browser:
    ./src/components/portals/shared/stock-batch-health.tsx [Client Component Browser]
    ./src/components/portals/warehouse/sections/stocks/stocks-view.tsx [Client Component Browser]
    ./src/components/portals/warehouse/WarehousePortal.tsx [Client Component Browser]
    ./src/app/page.tsx [Client Component Browser]
    ./src/app/page.tsx [Server Component]
    ./src/app/admin/page.tsx [Server Component]

  Client Component SSR:
    ./src/components/portals/shared/stock-batch-health.tsx [Client Component SSR]
    ./src/components/portals/warehouse/sections/stocks/stocks-view.tsx [Client Component SSR]
    ./src/components/portals/warehouse/WarehousePortal.tsx [Client Component SSR]
    ./src/app/page.tsx [Client Component SSR]
    ./src/app/page.tsx [Server Component]
    ./src/app/admin/page.tsx [Server Component] @ https://localhost:3000/_next/static/chunks/node_modules_next_dist_f3530cac._.js:3127
[ 5736576ms] [ERROR] ./src/components/portals/shared/stock-batch-health.tsx:3:8
Parsing ecmascript source code failed
  1 | import { Badge } from '@/components/ui/badge'
  2 | import {
> 3 | import { cn } from '@/lib/utils'
    |        ^
  4 | import { FILTER_SELECT_CLASS } from './filter-select'
  5 |   CRITICAL_MAX_DAYS_LEFT,
  6 |   EXPIRING_SOON_MAX_DAYS_LEFT,

Expected ',', got '{'

Import traces:
  Client Component Browser:
    ./src/components/portals/shared/stock-batch-health.tsx [Client Component Browser]
    ./src/components/portals/warehouse/sections/stocks/stocks-view.tsx [Client Component Browser]
    ./src/components/portals/warehouse/WarehousePortal.tsx [Client Component Browser]
    ./src/app/page.tsx [Client Component Browser]
    ./src/app/page.tsx [Server Component]
    ./src/app/admin/page.tsx [Server Component]

  Client Component SSR:
    ./src/components/portals/shared/stock-batch-health.tsx [Client Component SSR]
    ./src/components/portals/warehouse/sections/stocks/stocks-view.tsx [Client Component SSR]
    ./src/components/portals/warehouse/WarehousePortal.tsx [Client Component SSR]
    ./src/app/page.tsx [Client Component SSR]
    ./src/app/page.tsx [Server Component]
    ./src/app/admin/page.tsx [Server Component] @ https://localhost:3000/_next/static/chunks/node_modules_next_dist_f3530cac._.js:3127
[ 5736639ms] [ERROR] ./src/components/portals/shared/stock-batch-health.tsx:3:8
Parsing ecmascript source code failed
  1 | import { Badge } from '@/components/ui/badge'
  2 | import {
> 3 | import { cn } from '@/lib/utils'
    |        ^
  4 | import { FILTER_SELECT_CLASS } from './filter-select'
  5 |   CRITICAL_MAX_DAYS_LEFT,
  6 |   EXPIRING_SOON_MAX_DAYS_LEFT,

Expected ',', got '{'

Import traces:
  Client Component Browser:
    ./src/components/portals/shared/stock-batch-health.tsx [Client Component Browser]
    ./src/components/portals/warehouse/sections/stocks/stocks-view.tsx [Client Component Browser]
    ./src/components/portals/warehouse/WarehousePortal.tsx [Client Component Browser]
    ./src/app/page.tsx [Client Component Browser]
    ./src/app/page.tsx [Server Component]
    ./src/app/admin/page.tsx [Server Component]

  Client Component SSR:
    ./src/components/portals/shared/stock-batch-health.tsx [Client Component SSR]
    ./src/components/portals/warehouse/sections/stocks/stocks-view.tsx [Client Component SSR]
    ./src/components/portals/warehouse/WarehousePortal.tsx [Client Component SSR]
    ./src/app/page.tsx [Client Component SSR]
    ./src/app/page.tsx [Server Component]
    ./src/app/admin/page.tsx [Server Component] @ https://localhost:3000/_next/static/chunks/node_modules_next_dist_f3530cac._.js:3127
[ 5736695ms] [ERROR] ./src/components/portals/shared/stock-batch-health.tsx:3:8
Parsing ecmascript source code failed
  1 | import { Badge } from '@/components/ui/badge'
  2 | import {
> 3 | import { cn } from '@/lib/utils'
    |        ^
  4 | import { FILTER_SELECT_CLASS } from './filter-select'
  5 |   CRITICAL_MAX_DAYS_LEFT,
  6 |   EXPIRING_SOON_MAX_DAYS_LEFT,

Expected ',', got '{'

Import traces:
  Client Component Browser:
    ./src/components/portals/shared/stock-batch-health.tsx [Client Component Browser]
    ./src/components/portals/warehouse/sections/stocks/stocks-view.tsx [Client Component Browser]
    ./src/components/portals/warehouse/WarehousePortal.tsx [Client Component Browser]
    ./src/app/page.tsx [Client Component Browser]
    ./src/app/page.tsx [Server Component]
    ./src/app/admin/page.tsx [Server Component]

  Client Component SSR:
    ./src/components/portals/shared/stock-batch-health.tsx [Client Component SSR]
    ./src/components/portals/warehouse/sections/stocks/stocks-view.tsx [Client Component SSR]
    ./src/components/portals/warehouse/WarehousePortal.tsx [Client Component SSR]
    ./src/app/page.tsx [Client Component SSR]
    ./src/app/page.tsx [Server Component]
    ./src/app/admin/page.tsx [Server Component] @ https://localhost:3000/_next/static/chunks/node_modules_next_dist_f3530cac._.js:3127
[ 5736775ms] [ERROR] ./src/components/portals/shared/stock-batch-health.tsx:3:8
Parsing ecmascript source code failed
  1 | import { Badge } from '@/components/ui/badge'
  2 | import {
> 3 | import { cn } from '@/lib/utils'
    |        ^
  4 | import { FILTER_SELECT_CLASS } from './filter-select'
  5 |   CRITICAL_MAX_DAYS_LEFT,
  6 |   EXPIRING_SOON_MAX_DAYS_LEFT,

Expected ',', got '{'

Import traces:
  Client Component Browser:
    ./src/components/portals/shared/stock-batch-health.tsx [Client Component Browser]
    ./src/components/portals/warehouse/sections/stocks/stocks-view.tsx [Client Component Browser]
    ./src/components/portals/warehouse/WarehousePortal.tsx [Client Component Browser]
    ./src/app/page.tsx [Client Component Browser]
    ./src/app/page.tsx [Server Component]
    ./src/app/admin/page.tsx [Server Component]

  Client Component SSR:
    ./src/components/portals/shared/stock-batch-health.tsx [Client Component SSR]
    ./src/components/portals/warehouse/sections/stocks/stocks-view.tsx [Client Component SSR]
    ./src/components/portals/warehouse/WarehousePortal.tsx [Client Component SSR]
    ./src/app/page.tsx [Client Component SSR]
    ./src/app/page.tsx [Server Component]
    ./src/app/admin/page.tsx [Server Component] @ https://localhost:3000/_next/static/chunks/node_modules_next_dist_f3530cac._.js:3127
[ 5736842ms] [ERROR] ./src/components/portals/shared/stock-batch-health.tsx:3:8
Parsing ecmascript source code failed
  1 | import { Badge } from '@/components/ui/badge'
  2 | import {
> 3 | import { cn } from '@/lib/utils'
    |        ^
  4 | import { FILTER_SELECT_CLASS } from './filter-select'
  5 |   CRITICAL_MAX_DAYS_LEFT,
  6 |   EXPIRING_SOON_MAX_DAYS_LEFT,

Expected ',', got '{'

Import traces:
  Client Component Browser:
    ./src/components/portals/shared/stock-batch-health.tsx [Client Component Browser]
    ./src/components/portals/warehouse/sections/stocks/stocks-view.tsx [Client Component Browser]
    ./src/components/portals/warehouse/WarehousePortal.tsx [Client Component Browser]
    ./src/app/page.tsx [Client Component Browser]
    ./src/app/page.tsx [Server Component]
    ./src/app/admin/page.tsx [Server Component]

  Client Component SSR:
    ./src/components/portals/shared/stock-batch-health.tsx [Client Component SSR]
    ./src/components/portals/warehouse/sections/stocks/stocks-view.tsx [Client Component SSR]
    ./src/components/portals/warehouse/WarehousePortal.tsx [Client Component SSR]
    ./src/app/page.tsx [Client Component SSR]
    ./src/app/page.tsx [Server Component]
    ./src/app/admin/page.tsx [Server Component] @ https://localhost:3000/_next/static/chunks/node_modules_next_dist_f3530cac._.js:3127
[ 5736908ms] [ERROR] ./src/components/portals/shared/stock-batch-health.tsx:3:8
Parsing ecmascript source code failed
  1 | import { Badge } from '@/components/ui/badge'
  2 | import {
> 3 | import { cn } from '@/lib/utils'
    |        ^
  4 | import { FILTER_SELECT_CLASS } from './filter-select'
  5 |   CRITICAL_MAX_DAYS_LEFT,
  6 |   EXPIRING_SOON_MAX_DAYS_LEFT,

Expected ',', got '{'

Import traces:
  Client Component Browser:
    ./src/components/portals/shared/stock-batch-health.tsx [Client Component Browser]
    ./src/components/portals/warehouse/sections/stocks/stocks-view.tsx [Client Component Browser]
    ./src/components/portals/warehouse/WarehousePortal.tsx [Client Component Browser]
    ./src/app/page.tsx [Client Component Browser]
    ./src/app/page.tsx [Server Component]
    ./src/app/admin/page.tsx [Server Component]

  Client Component SSR:
    ./src/components/portals/shared/stock-batch-health.tsx [Client Component SSR]
    ./src/components/portals/warehouse/sections/stocks/stocks-view.tsx [Client Component SSR]
    ./src/components/portals/warehouse/WarehousePortal.tsx [Client Component SSR]
    ./src/app/page.tsx [Client Component SSR]
    ./src/app/page.tsx [Server Component]
    ./src/app/admin/page.tsx [Server Component] @ https://localhost:3000/_next/static/chunks/node_modules_next_dist_f3530cac._.js:3127
[ 5736972ms] [ERROR] ./src/components/portals/shared/stock-batch-health.tsx:3:8
Parsing ecmascript source code failed
  1 | import { Badge } from '@/components/ui/badge'
  2 | import {
> 3 | import { cn } from '@/lib/utils'
    |        ^
  4 | import { FILTER_SELECT_CLASS } from './filter-select'
  5 |   CRITICAL_MAX_DAYS_LEFT,
  6 |   EXPIRING_SOON_MAX_DAYS_LEFT,

Expected ',', got '{'

Import traces:
  Client Component Browser:
    ./src/components/portals/shared/stock-batch-health.tsx [Client Component Browser]
    ./src/components/portals/warehouse/sections/stocks/stocks-view.tsx [Client Component Browser]
    ./src/components/portals/warehouse/WarehousePortal.tsx [Client Component Browser]
    ./src/app/page.tsx [Client Component Browser]
    ./src/app/page.tsx [Server Component]
    ./src/app/admin/page.tsx [Server Component]

  Client Component SSR:
    ./src/components/portals/shared/stock-batch-health.tsx [Client Component SSR]
    ./src/components/portals/warehouse/sections/stocks/stocks-view.tsx [Client Component SSR]
    ./src/components/portals/warehouse/WarehousePortal.tsx [Client Component SSR]
    ./src/app/page.tsx [Client Component SSR]
    ./src/app/page.tsx [Server Component]
    ./src/app/admin/page.tsx [Server Component] @ https://localhost:3000/_next/static/chunks/node_modules_next_dist_f3530cac._.js:3127
[ 5737039ms] [ERROR] ./src/components/portals/shared/stock-batch-health.tsx:3:8
Parsing ecmascript source code failed
  1 | import { Badge } from '@/components/ui/badge'
  2 | import {
> 3 | import { cn } from '@/lib/utils'
    |        ^
  4 | import { FILTER_SELECT_CLASS } from './filter-select'
  5 |   CRITICAL_MAX_DAYS_LEFT,
  6 |   EXPIRING_SOON_MAX_DAYS_LEFT,

Expected ',', got '{'

Import traces:
  Client Component Browser:
    ./src/components/portals/shared/stock-batch-health.tsx [Client Component Browser]
    ./src/components/portals/warehouse/sections/stocks/stocks-view.tsx [Client Component Browser]
    ./src/components/portals/warehouse/WarehousePortal.tsx [Client Component Browser]
    ./src/app/page.tsx [Client Component Browser]
    ./src/app/page.tsx [Server Component]
    ./src/app/admin/page.tsx [Server Component]

  Client Component SSR:
    ./src/components/portals/shared/stock-batch-health.tsx [Client Component SSR]
    ./src/components/portals/warehouse/sections/stocks/stocks-view.tsx [Client Component SSR]
    ./src/components/portals/warehouse/WarehousePortal.tsx [Client Component SSR]
    ./src/app/page.tsx [Client Component SSR]
    ./src/app/page.tsx [Server Component]
    ./src/app/admin/page.tsx [Server Component] @ https://localhost:3000/_next/static/chunks/node_modules_next_dist_f3530cac._.js:3127
[ 5737093ms] [ERROR] ./src/components/portals/shared/stock-batch-health.tsx:3:8
Parsing ecmascript source code failed
  1 | import { Badge } from '@/components/ui/badge'
  2 | import {
> 3 | import { cn } from '@/lib/utils'
    |        ^
  4 | import { FILTER_SELECT_CLASS } from './filter-select'
  5 |   CRITICAL_MAX_DAYS_LEFT,
  6 |   EXPIRING_SOON_MAX_DAYS_LEFT,

Expected ',', got '{'

Import traces:
  Client Component Browser:
    ./src/components/portals/shared/stock-batch-health.tsx [Client Component Browser]
    ./src/components/portals/warehouse/sections/stocks/stocks-view.tsx [Client Component Browser]
    ./src/components/portals/warehouse/WarehousePortal.tsx [Client Component Browser]
    ./src/app/page.tsx [Client Component Browser]
    ./src/app/page.tsx [Server Component]
    ./src/app/admin/page.tsx [Server Component]

  Client Component SSR:
    ./src/components/portals/shared/stock-batch-health.tsx [Client Component SSR]
    ./src/components/portals/warehouse/sections/stocks/stocks-view.tsx [Client Component SSR]
    ./src/components/portals/warehouse/WarehousePortal.tsx [Client Component SSR]
    ./src/app/page.tsx [Client Component SSR]
    ./src/app/page.tsx [Server Component]
    ./src/app/admin/page.tsx [Server Component] @ https://localhost:3000/_next/static/chunks/node_modules_next_dist_f3530cac._.js:3127
[ 5737158ms] [ERROR] ./src/components/portals/shared/stock-batch-health.tsx:3:8
Parsing ecmascript source code failed
  1 | import { Badge } from '@/components/ui/badge'
  2 | import {
> 3 | import { cn } from '@/lib/utils'
    |        ^
  4 | import { FILTER_SELECT_CLASS } from './filter-select'
  5 |   CRITICAL_MAX_DAYS_LEFT,
  6 |   EXPIRING_SOON_MAX_DAYS_LEFT,

Expected ',', got '{'

Import traces:
  Client Component Browser:
    ./src/components/portals/shared/stock-batch-health.tsx [Client Component Browser]
    ./src/components/portals/warehouse/sections/stocks/stocks-view.tsx [Client Component Browser]
    ./src/components/portals/warehouse/WarehousePortal.tsx [Client Component Browser]
    ./src/app/page.tsx [Client Component Browser]
    ./src/app/page.tsx [Server Component]
    ./src/app/admin/page.tsx [Server Component]

  Client Component SSR:
    ./src/components/portals/shared/stock-batch-health.tsx [Client Component SSR]
    ./src/components/portals/warehouse/sections/stocks/stocks-view.tsx [Client Component SSR]
    ./src/components/portals/warehouse/WarehousePortal.tsx [Client Component SSR]
    ./src/app/page.tsx [Client Component SSR]
    ./src/app/page.tsx [Server Component]
    ./src/app/admin/page.tsx [Server Component] @ https://localhost:3000/_next/static/chunks/node_modules_next_dist_f3530cac._.js:3127
[ 5737226ms] [ERROR] ./src/components/portals/shared/stock-batch-health.tsx:3:8
Parsing ecmascript source code failed
  1 | import { Badge } from '@/components/ui/badge'
  2 | import {
> 3 | import { cn } from '@/lib/utils'
    |        ^
  4 | import { FILTER_SELECT_CLASS } from './filter-select'
  5 |   CRITICAL_MAX_DAYS_LEFT,
  6 |   EXPIRING_SOON_MAX_DAYS_LEFT,

Expected ',', got '{'

Import traces:
  Client Component Browser:
    ./src/components/portals/shared/stock-batch-health.tsx [Client Component Browser]
    ./src/components/portals/warehouse/sections/stocks/stocks-view.tsx [Client Component Browser]
    ./src/components/portals/warehouse/WarehousePortal.tsx [Client Component Browser]
    ./src/app/page.tsx [Client Component Browser]
    ./src/app/page.tsx [Server Component]
    ./src/app/admin/page.tsx [Server Component]

  Client Component SSR:
    ./src/components/portals/shared/stock-batch-health.tsx [Client Component SSR]
    ./src/components/portals/warehouse/sections/stocks/stocks-view.tsx [Client Component SSR]
    ./src/components/portals/warehouse/WarehousePortal.tsx [Client Component SSR]
    ./src/app/page.tsx [Client Component SSR]
    ./src/app/page.tsx [Server Component]
    ./src/app/admin/page.tsx [Server Component] @ https://localhost:3000/_next/static/chunks/node_modules_next_dist_f3530cac._.js:3127
[ 5737293ms] [ERROR] ./src/components/portals/shared/stock-batch-health.tsx:3:8
Parsing ecmascript source code failed
  1 | import { Badge } from '@/components/ui/badge'
  2 | import {
> 3 | import { cn } from '@/lib/utils'
    |        ^
  4 | import { FILTER_SELECT_CLASS } from './filter-select'
  5 |   CRITICAL_MAX_DAYS_LEFT,
  6 |   EXPIRING_SOON_MAX_DAYS_LEFT,

Expected ',', got '{'

Import traces:
  Client Component Browser:
    ./src/components/portals/shared/stock-batch-health.tsx [Client Component Browser]
    ./src/components/portals/warehouse/sections/stocks/stocks-view.tsx [Client Component Browser]
    ./src/components/portals/warehouse/WarehousePortal.tsx [Client Component Browser]
    ./src/app/page.tsx [Client Component Browser]
    ./src/app/page.tsx [Server Component]
    ./src/app/admin/page.tsx [Server Component]

  Client Component SSR:
    ./src/components/portals/shared/stock-batch-health.tsx [Client Component SSR]
    ./src/components/portals/warehouse/sections/stocks/stocks-view.tsx [Client Component SSR]
    ./src/components/portals/warehouse/WarehousePortal.tsx [Client Component SSR]
    ./src/app/page.tsx [Client Component SSR]
    ./src/app/page.tsx [Server Component]
    ./src/app/admin/page.tsx [Server Component] @ https://localhost:3000/_next/static/chunks/node_modules_next_dist_f3530cac._.js:3127
[ 5737356ms] [ERROR] ./src/components/portals/shared/stock-batch-health.tsx:3:8
Parsing ecmascript source code failed
  1 | import { Badge } from '@/components/ui/badge'
  2 | import {
> 3 | import { cn } from '@/lib/utils'
    |        ^
  4 | import { FILTER_SELECT_CLASS } from './filter-select'
  5 |   CRITICAL_MAX_DAYS_LEFT,
  6 |   EXPIRING_SOON_MAX_DAYS_LEFT,

Expected ',', got '{'

Import traces:
  Client Component Browser:
    ./src/components/portals/shared/stock-batch-health.tsx [Client Component Browser]
    ./src/components/portals/warehouse/sections/stocks/stocks-view.tsx [Client Component Browser]
    ./src/components/portals/warehouse/WarehousePortal.tsx [Client Component Browser]
    ./src/app/page.tsx [Client Component Browser]
    ./src/app/page.tsx [Server Component]
    ./src/app/admin/page.tsx [Server Component]

  Client Component SSR:
    ./src/components/portals/shared/stock-batch-health.tsx [Client Component SSR]
    ./src/components/portals/warehouse/sections/stocks/stocks-view.tsx [Client Component SSR]
    ./src/components/portals/warehouse/WarehousePortal.tsx [Client Component SSR]
    ./src/app/page.tsx [Client Component SSR]
    ./src/app/page.tsx [Server Component]
    ./src/app/admin/page.tsx [Server Component] @ https://localhost:3000/_next/static/chunks/node_modules_next_dist_f3530cac._.js:3127
[ 5737435ms] [ERROR] ./src/components/portals/shared/stock-batch-health.tsx:3:8
Parsing ecmascript source code failed
  1 | import { Badge } from '@/components/ui/badge'
  2 | import {
> 3 | import { cn } from '@/lib/utils'
    |        ^
  4 | import { FILTER_SELECT_CLASS } from './filter-select'
  5 |   CRITICAL_MAX_DAYS_LEFT,
  6 |   EXPIRING_SOON_MAX_DAYS_LEFT,

Expected ',', got '{'

Import traces:
  Client Component Browser:
    ./src/components/portals/shared/stock-batch-health.tsx [Client Component Browser]
    ./src/components/portals/warehouse/sections/stocks/stocks-view.tsx [Client Component Browser]
    ./src/components/portals/warehouse/WarehousePortal.tsx [Client Component Browser]
    ./src/app/page.tsx [Client Component Browser]
    ./src/app/page.tsx [Server Component]
    ./src/app/admin/page.tsx [Server Component]

  Client Component SSR:
    ./src/components/portals/shared/stock-batch-health.tsx [Client Component SSR]
    ./src/components/portals/warehouse/sections/stocks/stocks-view.tsx [Client Component SSR]
    ./src/components/portals/warehouse/WarehousePortal.tsx [Client Component SSR]
    ./src/app/page.tsx [Client Component SSR]
    ./src/app/page.tsx [Server Component]
    ./src/app/admin/page.tsx [Server Component] @ https://localhost:3000/_next/static/chunks/node_modules_next_dist_f3530cac._.js:3127
[ 5737507ms] [ERROR] ./src/components/portals/shared/stock-batch-health.tsx:3:8
Parsing ecmascript source code failed
  1 | import { Badge } from '@/components/ui/badge'
  2 | import {
> 3 | import { cn } from '@/lib/utils'
    |        ^
  4 | import { FILTER_SELECT_CLASS } from './filter-select'
  5 |   CRITICAL_MAX_DAYS_LEFT,
  6 |   EXPIRING_SOON_MAX_DAYS_LEFT,

Expected ',', got '{'

Import traces:
  Client Component Browser:
    ./src/components/portals/shared/stock-batch-health.tsx [Client Component Browser]
    ./src/components/portals/warehouse/sections/stocks/stocks-view.tsx [Client Component Browser]
    ./src/components/portals/warehouse/WarehousePortal.tsx [Client Component Browser]
    ./src/app/page.tsx [Client Component Browser]
    ./src/app/page.tsx [Server Component]
    ./src/app/admin/page.tsx [Server Component]

  Client Component SSR:
    ./src/components/portals/shared/stock-batch-health.tsx [Client Component SSR]
    ./src/components/portals/warehouse/sections/stocks/stocks-view.tsx [Client Component SSR]
    ./src/components/portals/warehouse/WarehousePortal.tsx [Client Component SSR]
    ./src/app/page.tsx [Client Component SSR]
    ./src/app/page.tsx [Server Component]
    ./src/app/admin/page.tsx [Server Component] @ https://localhost:3000/_next/static/chunks/node_modules_next_dist_f3530cac._.js:3127
[ 5737573ms] [ERROR] ./src/components/portals/shared/stock-batch-health.tsx:3:8
Parsing ecmascript source code failed
  1 | import { Badge } from '@/components/ui/badge'
  2 | import {
> 3 | import { cn } from '@/lib/utils'
    |        ^
  4 | import { FILTER_SELECT_CLASS } from './filter-select'
  5 |   CRITICAL_MAX_DAYS_LEFT,
  6 |   EXPIRING_SOON_MAX_DAYS_LEFT,

Expected ',', got '{'

Import traces:
  Client Component Browser:
    ./src/components/portals/shared/stock-batch-health.tsx [Client Component Browser]
    ./src/components/portals/warehouse/sections/stocks/stocks-view.tsx [Client Component Browser]
    ./src/components/portals/warehouse/WarehousePortal.tsx [Client Component Browser]
    ./src/app/page.tsx [Client Component Browser]
    ./src/app/page.tsx [Server Component]
    ./src/app/admin/page.tsx [Server Component]

  Client Component SSR:
    ./src/components/portals/shared/stock-batch-health.tsx [Client Component SSR]
    ./src/components/portals/warehouse/sections/stocks/stocks-view.tsx [Client Component SSR]
    ./src/components/portals/warehouse/WarehousePortal.tsx [Client Component SSR]
    ./src/app/page.tsx [Client Component SSR]
    ./src/app/page.tsx [Server Component]
    ./src/app/admin/page.tsx [Server Component] @ https://localhost:3000/_next/static/chunks/node_modules_next_dist_f3530cac._.js:3127
[ 5737640ms] [ERROR] ./src/components/portals/shared/stock-batch-health.tsx:3:8
Parsing ecmascript source code failed
  1 | import { Badge } from '@/components/ui/badge'
  2 | import {
> 3 | import { cn } from '@/lib/utils'
    |        ^
  4 | import { FILTER_SELECT_CLASS } from './filter-select'
  5 |   CRITICAL_MAX_DAYS_LEFT,
  6 |   EXPIRING_SOON_MAX_DAYS_LEFT,

Expected ',', got '{'

Import traces:
  Client Component Browser:
    ./src/components/portals/shared/stock-batch-health.tsx [Client Component Browser]
    ./src/components/portals/warehouse/sections/stocks/stocks-view.tsx [Client Component Browser]
    ./src/components/portals/warehouse/WarehousePortal.tsx [Client Component Browser]
    ./src/app/page.tsx [Client Component Browser]
    ./src/app/page.tsx [Server Component]
    ./src/app/admin/page.tsx [Server Component]

  Client Component SSR:
    ./src/components/portals/shared/stock-batch-health.tsx [Client Component SSR]
    ./src/components/portals/warehouse/sections/stocks/stocks-view.tsx [Client Component SSR]
    ./src/components/portals/warehouse/WarehousePortal.tsx [Client Component SSR]
    ./src/app/page.tsx [Client Component SSR]
    ./src/app/page.tsx [Server Component]
    ./src/app/admin/page.tsx [Server Component] @ https://localhost:3000/_next/static/chunks/node_modules_next_dist_f3530cac._.js:3127
[ 5737706ms] [ERROR] ./src/components/portals/shared/stock-batch-health.tsx:3:8
Parsing ecmascript source code failed
  1 | import { Badge } from '@/components/ui/badge'
  2 | import {
> 3 | import { cn } from '@/lib/utils'
    |        ^
  4 | import { FILTER_SELECT_CLASS } from './filter-select'
  5 |   CRITICAL_MAX_DAYS_LEFT,
  6 |   EXPIRING_SOON_MAX_DAYS_LEFT,

Expected ',', got '{'

Import traces:
  Client Component Browser:
    ./src/components/portals/shared/stock-batch-health.tsx [Client Component Browser]
    ./src/components/portals/warehouse/sections/stocks/stocks-view.tsx [Client Component Browser]
    ./src/components/portals/warehouse/WarehousePortal.tsx [Client Component Browser]
    ./src/app/page.tsx [Client Component Browser]
    ./src/app/page.tsx [Server Component]
    ./src/app/admin/page.tsx [Server Component]

  Client Component SSR:
    ./src/components/portals/shared/stock-batch-health.tsx [Client Component SSR]
    ./src/components/portals/warehouse/sections/stocks/stocks-view.tsx [Client Component SSR]
    ./src/components/portals/warehouse/WarehousePortal.tsx [Client Component SSR]
    ./src/app/page.tsx [Client Component SSR]
    ./src/app/page.tsx [Server Component]
    ./src/app/admin/page.tsx [Server Component] @ https://localhost:3000/_next/static/chunks/node_modules_next_dist_f3530cac._.js:3127
[ 5737771ms] [ERROR] ./src/components/portals/shared/stock-batch-health.tsx:3:8
Parsing ecmascript source code failed
  1 | import { Badge } from '@/components/ui/badge'
  2 | import {
> 3 | import { cn } from '@/lib/utils'
    |        ^
  4 | import { FILTER_SELECT_CLASS } from './filter-select'
  5 |   CRITICAL_MAX_DAYS_LEFT,
  6 |   EXPIRING_SOON_MAX_DAYS_LEFT,

Expected ',', got '{'

Import traces:
  Client Component Browser:
    ./src/components/portals/shared/stock-batch-health.tsx [Client Component Browser]
    ./src/components/portals/warehouse/sections/stocks/stocks-view.tsx [Client Component Browser]
    ./src/components/portals/warehouse/WarehousePortal.tsx [Client Component Browser]
    ./src/app/page.tsx [Client Component Browser]
    ./src/app/page.tsx [Server Component]
    ./src/app/admin/page.tsx [Server Component]

  Client Component SSR:
    ./src/components/portals/shared/stock-batch-health.tsx [Client Component SSR]
    ./src/components/portals/warehouse/sections/stocks/stocks-view.tsx [Client Component SSR]
    ./src/components/portals/warehouse/WarehousePortal.tsx [Client Component SSR]
    ./src/app/page.tsx [Client Component SSR]
    ./src/app/page.tsx [Server Component]
    ./src/app/admin/page.tsx [Server Component] @ https://localhost:3000/_next/static/chunks/node_modules_next_dist_f3530cac._.js:3127
[ 5737838ms] [ERROR] ./src/components/portals/shared/stock-batch-health.tsx:3:8
Parsing ecmascript source code failed
  1 | import { Badge } from '@/components/ui/badge'
  2 | import {
> 3 | import { cn } from '@/lib/utils'
    |        ^
  4 | import { FILTER_SELECT_CLASS } from './filter-select'
  5 |   CRITICAL_MAX_DAYS_LEFT,
  6 |   EXPIRING_SOON_MAX_DAYS_LEFT,

Expected ',', got '{'

Import traces:
  Client Component Browser:
    ./src/components/portals/shared/stock-batch-health.tsx [Client Component Browser]
    ./src/components/portals/warehouse/sections/stocks/stocks-view.tsx [Client Component Browser]
    ./src/components/portals/warehouse/WarehousePortal.tsx [Client Component Browser]
    ./src/app/page.tsx [Client Component Browser]
    ./src/app/page.tsx [Server Component]
    ./src/app/admin/page.tsx [Server Component]

  Client Component SSR:
    ./src/components/portals/shared/stock-batch-health.tsx [Client Component SSR]
    ./src/components/portals/warehouse/sections/stocks/stocks-view.tsx [Client Component SSR]
    ./src/components/portals/warehouse/WarehousePortal.tsx [Client Component SSR]
    ./src/app/page.tsx [Client Component SSR]
    ./src/app/page.tsx [Server Component]
    ./src/app/admin/page.tsx [Server Component] @ https://localhost:3000/_next/static/chunks/node_modules_next_dist_f3530cac._.js:3127
[ 5737902ms] [ERROR] ./src/components/portals/shared/stock-batch-health.tsx:3:8
Parsing ecmascript source code failed
  1 | import { Badge } from '@/components/ui/badge'
  2 | import {
> 3 | import { cn } from '@/lib/utils'
    |        ^
  4 | import { FILTER_SELECT_CLASS } from './filter-select'
  5 |   CRITICAL_MAX_DAYS_LEFT,
  6 |   EXPIRING_SOON_MAX_DAYS_LEFT,

Expected ',', got '{'

Import traces:
  Client Component Browser:
    ./src/components/portals/shared/stock-batch-health.tsx [Client Component Browser]
    ./src/components/portals/warehouse/sections/stocks/stocks-view.tsx [Client Component Browser]
    ./src/components/portals/warehouse/WarehousePortal.tsx [Client Component Browser]
    ./src/app/page.tsx [Client Component Browser]
    ./src/app/page.tsx [Server Component]
    ./src/app/admin/page.tsx [Server Component]

  Client Component SSR:
    ./src/components/portals/shared/stock-batch-health.tsx [Client Component SSR]
    ./src/components/portals/warehouse/sections/stocks/stocks-view.tsx [Client Component SSR]
    ./src/components/portals/warehouse/WarehousePortal.tsx [Client Component SSR]
    ./src/app/page.tsx [Client Component SSR]
    ./src/app/page.tsx [Server Component]
    ./src/app/admin/page.tsx [Server Component] @ https://localhost:3000/_next/static/chunks/node_modules_next_dist_f3530cac._.js:3127
[ 5737958ms] [ERROR] ./src/components/portals/shared/stock-batch-health.tsx:3:8
Parsing ecmascript source code failed
  1 | import { Badge } from '@/components/ui/badge'
  2 | import {
> 3 | import { cn } from '@/lib/utils'
    |        ^
  4 | import { FILTER_SELECT_CLASS } from './filter-select'
  5 |   CRITICAL_MAX_DAYS_LEFT,
  6 |   EXPIRING_SOON_MAX_DAYS_LEFT,

Expected ',', got '{'

Import traces:
  Client Component Browser:
    ./src/components/portals/shared/stock-batch-health.tsx [Client Component Browser]
    ./src/components/portals/warehouse/sections/stocks/stocks-view.tsx [Client Component Browser]
    ./src/components/portals/warehouse/WarehousePortal.tsx [Client Component Browser]
    ./src/app/page.tsx [Client Component Browser]
    ./src/app/page.tsx [Server Component]
    ./src/app/admin/page.tsx [Server Component]

  Client Component SSR:
    ./src/components/portals/shared/stock-batch-health.tsx [Client Component SSR]
    ./src/components/portals/warehouse/sections/stocks/stocks-view.tsx [Client Component SSR]
    ./src/components/portals/warehouse/WarehousePortal.tsx [Client Component SSR]
    ./src/app/page.tsx [Client Component SSR]
    ./src/app/page.tsx [Server Component]
    ./src/app/admin/page.tsx [Server Component] @ https://localhost:3000/_next/static/chunks/node_modules_next_dist_f3530cac._.js:3127
[ 5738010ms] [ERROR] ./src/components/portals/shared/stock-batch-health.tsx:3:8
Parsing ecmascript source code failed
  1 | import { Badge } from '@/components/ui/badge'
  2 | import {
> 3 | import { cn } from '@/lib/utils'
    |        ^
  4 | import { FILTER_SELECT_CLASS } from './filter-select'
  5 |   CRITICAL_MAX_DAYS_LEFT,
  6 |   EXPIRING_SOON_MAX_DAYS_LEFT,

Expected ',', got '{'

Import traces:
  Client Component Browser:
    ./src/components/portals/shared/stock-batch-health.tsx [Client Component Browser]
    ./src/components/portals/warehouse/sections/stocks/stocks-view.tsx [Client Component Browser]
    ./src/components/portals/warehouse/WarehousePortal.tsx [Client Component Browser]
    ./src/app/page.tsx [Client Component Browser]
    ./src/app/page.tsx [Server Component]
    ./src/app/admin/page.tsx [Server Component]

  Client Component SSR:
    ./src/components/portals/shared/stock-batch-health.tsx [Client Component SSR]
    ./src/components/portals/warehouse/sections/stocks/stocks-view.tsx [Client Component SSR]
    ./src/components/portals/warehouse/WarehousePortal.tsx [Client Component SSR]
    ./src/app/page.tsx [Client Component SSR]
    ./src/app/page.tsx [Server Component]
    ./src/app/admin/page.tsx [Server Component] @ https://localhost:3000/_next/static/chunks/node_modules_next_dist_f3530cac._.js:3127
[ 5738073ms] [ERROR] ./src/components/portals/shared/stock-batch-health.tsx:3:8
Parsing ecmascript source code failed
  1 | import { Badge } from '@/components/ui/badge'
  2 | import {
> 3 | import { cn } from '@/lib/utils'
    |        ^
  4 | import { FILTER_SELECT_CLASS } from './filter-select'
  5 |   CRITICAL_MAX_DAYS_LEFT,
  6 |   EXPIRING_SOON_MAX_DAYS_LEFT,

Expected ',', got '{'

Import traces:
  Client Component Browser:
    ./src/components/portals/shared/stock-batch-health.tsx [Client Component Browser]
    ./src/components/portals/warehouse/sections/stocks/stocks-view.tsx [Client Component Browser]
    ./src/components/portals/warehouse/WarehousePortal.tsx [Client Component Browser]
    ./src/app/page.tsx [Client Component Browser]
    ./src/app/page.tsx [Server Component]
    ./src/app/admin/page.tsx [Server Component]

  Client Component SSR:
    ./src/components/portals/shared/stock-batch-health.tsx [Client Component SSR]
    ./src/components/portals/warehouse/sections/stocks/stocks-view.tsx [Client Component SSR]
    ./src/components/portals/warehouse/WarehousePortal.tsx [Client Component SSR]
    ./src/app/page.tsx [Client Component SSR]
    ./src/app/page.tsx [Server Component]
    ./src/app/admin/page.tsx [Server Component] @ https://localhost:3000/_next/static/chunks/node_modules_next_dist_f3530cac._.js:3127
[ 5738126ms] [ERROR] ./src/components/portals/shared/stock-batch-health.tsx:3:8
Parsing ecmascript source code failed
  1 | import { Badge } from '@/components/ui/badge'
  2 | import {
> 3 | import { cn } from '@/lib/utils'
    |        ^
  4 | import { FILTER_SELECT_CLASS } from './filter-select'
  5 |   CRITICAL_MAX_DAYS_LEFT,
  6 |   EXPIRING_SOON_MAX_DAYS_LEFT,

Expected ',', got '{'

Import traces:
  Client Component Browser:
    ./src/components/portals/shared/stock-batch-health.tsx [Client Component Browser]
    ./src/components/portals/warehouse/sections/stocks/stocks-view.tsx [Client Component Browser]
    ./src/components/portals/warehouse/WarehousePortal.tsx [Client Component Browser]
    ./src/app/page.tsx [Client Component Browser]
    ./src/app/page.tsx [Server Component]
    ./src/app/admin/page.tsx [Server Component]

  Client Component SSR:
    ./src/components/portals/shared/stock-batch-health.tsx [Client Component SSR]
    ./src/components/portals/warehouse/sections/stocks/stocks-view.tsx [Client Component SSR]
    ./src/components/portals/warehouse/WarehousePortal.tsx [Client Component SSR]
    ./src/app/page.tsx [Client Component SSR]
    ./src/app/page.tsx [Server Component]
    ./src/app/admin/page.tsx [Server Component] @ https://localhost:3000/_next/static/chunks/node_modules_next_dist_f3530cac._.js:3127
[ 5738191ms] [ERROR] ./src/components/portals/shared/stock-batch-health.tsx:3:8
Parsing ecmascript source code failed
  1 | import { Badge } from '@/components/ui/badge'
  2 | import {
> 3 | import { cn } from '@/lib/utils'
    |        ^
  4 | import { FILTER_SELECT_CLASS } from './filter-select'
  5 |   CRITICAL_MAX_DAYS_LEFT,
  6 |   EXPIRING_SOON_MAX_DAYS_LEFT,

Expected ',', got '{'

Import traces:
  Client Component Browser:
    ./src/components/portals/shared/stock-batch-health.tsx [Client Component Browser]
    ./src/components/portals/warehouse/sections/stocks/stocks-view.tsx [Client Component Browser]
    ./src/components/portals/warehouse/WarehousePortal.tsx [Client Component Browser]
    ./src/app/page.tsx [Client Component Browser]
    ./src/app/page.tsx [Server Component]
    ./src/app/admin/page.tsx [Server Component]

  Client Component SSR:
    ./src/components/portals/shared/stock-batch-health.tsx [Client Component SSR]
    ./src/components/portals/warehouse/sections/stocks/stocks-view.tsx [Client Component SSR]
    ./src/components/portals/warehouse/WarehousePortal.tsx [Client Component SSR]
    ./src/app/page.tsx [Client Component SSR]
    ./src/app/page.tsx [Server Component]
    ./src/app/admin/page.tsx [Server Component] @ https://localhost:3000/_next/static/chunks/node_modules_next_dist_f3530cac._.js:3127
[ 5738257ms] [ERROR] ./src/components/portals/shared/stock-batch-health.tsx:3:8
Parsing ecmascript source code failed
  1 | import { Badge } from '@/components/ui/badge'
  2 | import {
> 3 | import { cn } from '@/lib/utils'
    |        ^
  4 | import { FILTER_SELECT_CLASS } from './filter-select'
  5 |   CRITICAL_MAX_DAYS_LEFT,
  6 |   EXPIRING_SOON_MAX_DAYS_LEFT,

Expected ',', got '{'

Import traces:
  Client Component Browser:
    ./src/components/portals/shared/stock-batch-health.tsx [Client Component Browser]
    ./src/components/portals/warehouse/sections/stocks/stocks-view.tsx [Client Component Browser]
    ./src/components/portals/warehouse/WarehousePortal.tsx [Client Component Browser]
    ./src/app/page.tsx [Client Component Browser]
    ./src/app/page.tsx [Server Component]
    ./src/app/admin/page.tsx [Server Component]

  Client Component SSR:
    ./src/components/portals/shared/stock-batch-health.tsx [Client Component SSR]
    ./src/components/portals/warehouse/sections/stocks/stocks-view.tsx [Client Component SSR]
    ./src/components/portals/warehouse/WarehousePortal.tsx [Client Component SSR]
    ./src/app/page.tsx [Client Component SSR]
    ./src/app/page.tsx [Server Component]
    ./src/app/admin/page.tsx [Server Component] @ https://localhost:3000/_next/static/chunks/node_modules_next_dist_f3530cac._.js:3127
[ 5738311ms] [ERROR] ./src/components/portals/shared/stock-batch-health.tsx:3:8
Parsing ecmascript source code failed
  1 | import { Badge } from '@/components/ui/badge'
  2 | import {
> 3 | import { cn } from '@/lib/utils'
    |        ^
  4 | import { FILTER_SELECT_CLASS } from './filter-select'
  5 |   CRITICAL_MAX_DAYS_LEFT,
  6 |   EXPIRING_SOON_MAX_DAYS_LEFT,

Expected ',', got '{'

Import traces:
  Client Component Browser:
    ./src/components/portals/shared/stock-batch-health.tsx [Client Component Browser]
    ./src/components/portals/warehouse/sections/stocks/stocks-view.tsx [Client Component Browser]
    ./src/components/portals/warehouse/WarehousePortal.tsx [Client Component Browser]
    ./src/app/page.tsx [Client Component Browser]
    ./src/app/page.tsx [Server Component]
    ./src/app/admin/page.tsx [Server Component]

  Client Component SSR:
    ./src/components/portals/shared/stock-batch-health.tsx [Client Component SSR]
    ./src/components/portals/warehouse/sections/stocks/stocks-view.tsx [Client Component SSR]
    ./src/components/portals/warehouse/WarehousePortal.tsx [Client Component SSR]
    ./src/app/page.tsx [Client Component SSR]
    ./src/app/page.tsx [Server Component]
    ./src/app/admin/page.tsx [Server Component] @ https://localhost:3000/_next/static/chunks/node_modules_next_dist_f3530cac._.js:3127
[ 5738374ms] [ERROR] ./src/components/portals/shared/stock-batch-health.tsx:3:8
Parsing ecmascript source code failed
  1 | import { Badge } from '@/components/ui/badge'
  2 | import {
> 3 | import { cn } from '@/lib/utils'
    |        ^
  4 | import { FILTER_SELECT_CLASS } from './filter-select'
  5 |   CRITICAL_MAX_DAYS_LEFT,
  6 |   EXPIRING_SOON_MAX_DAYS_LEFT,

Expected ',', got '{'

Import traces:
  Client Component Browser:
    ./src/components/portals/shared/stock-batch-health.tsx [Client Component Browser]
    ./src/components/portals/warehouse/sections/stocks/stocks-view.tsx [Client Component Browser]
    ./src/components/portals/warehouse/WarehousePortal.tsx [Client Component Browser]
    ./src/app/page.tsx [Client Component Browser]
    ./src/app/page.tsx [Server Component]
    ./src/app/admin/page.tsx [Server Component]

  Client Component SSR:
    ./src/components/portals/shared/stock-batch-health.tsx [Client Component SSR]
    ./src/components/portals/warehouse/sections/stocks/stocks-view.tsx [Client Component SSR]
    ./src/components/portals/warehouse/WarehousePortal.tsx [Client Component SSR]
    ./src/app/page.tsx [Client Component SSR]
    ./src/app/page.tsx [Server Component]
    ./src/app/admin/page.tsx [Server Component] @ https://localhost:3000/_next/static/chunks/node_modules_next_dist_f3530cac._.js:3127
[ 5738448ms] [ERROR] ./src/components/portals/shared/stock-batch-health.tsx:3:8
Parsing ecmascript source code failed
  1 | import { Badge } from '@/components/ui/badge'
  2 | import {
> 3 | import { cn } from '@/lib/utils'
    |        ^
  4 | import { FILTER_SELECT_CLASS } from './filter-select'
  5 |   CRITICAL_MAX_DAYS_LEFT,
  6 |   EXPIRING_SOON_MAX_DAYS_LEFT,

Expected ',', got '{'

Import traces:
  Client Component Browser:
    ./src/components/portals/shared/stock-batch-health.tsx [Client Component Browser]
    ./src/components/portals/warehouse/sections/stocks/stocks-view.tsx [Client Component Browser]
    ./src/components/portals/warehouse/WarehousePortal.tsx [Client Component Browser]
    ./src/app/page.tsx [Client Component Browser]
    ./src/app/page.tsx [Server Component]
    ./src/app/admin/page.tsx [Server Component]

  Client Component SSR:
    ./src/components/portals/shared/stock-batch-health.tsx [Client Component SSR]
    ./src/components/portals/warehouse/sections/stocks/stocks-view.tsx [Client Component SSR]
    ./src/components/portals/warehouse/WarehousePortal.tsx [Client Component SSR]
    ./src/app/page.tsx [Client Component SSR]
    ./src/app/page.tsx [Server Component]
    ./src/app/admin/page.tsx [Server Component] @ https://localhost:3000/_next/static/chunks/node_modules_next_dist_f3530cac._.js:3127
[ 5738508ms] [ERROR] ./src/components/portals/shared/stock-batch-health.tsx:3:8
Parsing ecmascript source code failed
  1 | import { Badge } from '@/components/ui/badge'
  2 | import {
> 3 | import { cn } from '@/lib/utils'
    |        ^
  4 | import { FILTER_SELECT_CLASS } from './filter-select'
  5 |   CRITICAL_MAX_DAYS_LEFT,
  6 |   EXPIRING_SOON_MAX_DAYS_LEFT,

Expected ',', got '{'

Import traces:
  Client Component Browser:
    ./src/components/portals/shared/stock-batch-health.tsx [Client Component Browser]
    ./src/components/portals/warehouse/sections/stocks/stocks-view.tsx [Client Component Browser]
    ./src/components/portals/warehouse/WarehousePortal.tsx [Client Component Browser]
    ./src/app/page.tsx [Client Component Browser]
    ./src/app/page.tsx [Server Component]
    ./src/app/admin/page.tsx [Server Component]

  Client Component SSR:
    ./src/components/portals/shared/stock-batch-health.tsx [Client Component SSR]
    ./src/components/portals/warehouse/sections/stocks/stocks-view.tsx [Client Component SSR]
    ./src/components/portals/warehouse/WarehousePortal.tsx [Client Component SSR]
    ./src/app/page.tsx [Client Component SSR]
    ./src/app/page.tsx [Server Component]
    ./src/app/admin/page.tsx [Server Component] @ https://localhost:3000/_next/static/chunks/node_modules_next_dist_f3530cac._.js:3127
[ 5738562ms] [ERROR] ./src/components/portals/shared/stock-batch-health.tsx:3:8
Parsing ecmascript source code failed
  1 | import { Badge } from '@/components/ui/badge'
  2 | import {
> 3 | import { cn } from '@/lib/utils'
    |        ^
  4 | import { FILTER_SELECT_CLASS } from './filter-select'
  5 |   CRITICAL_MAX_DAYS_LEFT,
  6 |   EXPIRING_SOON_MAX_DAYS_LEFT,

Expected ',', got '{'

Import traces:
  Client Component Browser:
    ./src/components/portals/shared/stock-batch-health.tsx [Client Component Browser]
    ./src/components/portals/warehouse/sections/stocks/stocks-view.tsx [Client Component Browser]
    ./src/components/portals/warehouse/WarehousePortal.tsx [Client Component Browser]
    ./src/app/page.tsx [Client Component Browser]
    ./src/app/page.tsx [Server Component]
    ./src/app/admin/page.tsx [Server Component]

  Client Component SSR:
    ./src/components/portals/shared/stock-batch-health.tsx [Client Component SSR]
    ./src/components/portals/warehouse/sections/stocks/stocks-view.tsx [Client Component SSR]
    ./src/components/portals/warehouse/WarehousePortal.tsx [Client Component SSR]
    ./src/app/page.tsx [Client Component SSR]
    ./src/app/page.tsx [Server Component]
    ./src/app/admin/page.tsx [Server Component] @ https://localhost:3000/_next/static/chunks/node_modules_next_dist_f3530cac._.js:3127
[ 5738623ms] [ERROR] ./src/components/portals/shared/stock-batch-health.tsx:3:8
Parsing ecmascript source code failed
  1 | import { Badge } from '@/components/ui/badge'
  2 | import {
> 3 | import { cn } from '@/lib/utils'
    |        ^
  4 | import { FILTER_SELECT_CLASS } from './filter-select'
  5 |   CRITICAL_MAX_DAYS_LEFT,
  6 |   EXPIRING_SOON_MAX_DAYS_LEFT,

Expected ',', got '{'

Import traces:
  Client Component Browser:
    ./src/components/portals/shared/stock-batch-health.tsx [Client Component Browser]
    ./src/components/portals/warehouse/sections/stocks/stocks-view.tsx [Client Component Browser]
    ./src/components/portals/warehouse/WarehousePortal.tsx [Client Component Browser]
    ./src/app/page.tsx [Client Component Browser]
    ./src/app/page.tsx [Server Component]
    ./src/app/admin/page.tsx [Server Component]

  Client Component SSR:
    ./src/components/portals/shared/stock-batch-health.tsx [Client Component SSR]
    ./src/components/portals/warehouse/sections/stocks/stocks-view.tsx [Client Component SSR]
    ./src/components/portals/warehouse/WarehousePortal.tsx [Client Component SSR]
    ./src/app/page.tsx [Client Component SSR]
    ./src/app/page.tsx [Server Component]
    ./src/app/admin/page.tsx [Server Component] @ https://localhost:3000/_next/static/chunks/node_modules_next_dist_f3530cac._.js:3127
[ 5738685ms] [ERROR] ./src/components/portals/shared/stock-batch-health.tsx:3:8
Parsing ecmascript source code failed
  1 | import { Badge } from '@/components/ui/badge'
  2 | import {
> 3 | import { cn } from '@/lib/utils'
    |        ^
  4 | import { FILTER_SELECT_CLASS } from './filter-select'
  5 |   CRITICAL_MAX_DAYS_LEFT,
  6 |   EXPIRING_SOON_MAX_DAYS_LEFT,

Expected ',', got '{'

Import traces:
  Client Component Browser:
    ./src/components/portals/shared/stock-batch-health.tsx [Client Component Browser]
    ./src/components/portals/warehouse/sections/stocks/stocks-view.tsx [Client Component Browser]
    ./src/components/portals/warehouse/WarehousePortal.tsx [Client Component Browser]
    ./src/app/page.tsx [Client Component Browser]
    ./src/app/page.tsx [Server Component]
    ./src/app/admin/page.tsx [Server Component]

  Client Component SSR:
    ./src/components/portals/shared/stock-batch-health.tsx [Client Component SSR]
    ./src/components/portals/warehouse/sections/stocks/stocks-view.tsx [Client Component SSR]
    ./src/components/portals/warehouse/WarehousePortal.tsx [Client Component SSR]
    ./src/app/page.tsx [Client Component SSR]
    ./src/app/page.tsx [Server Component]
    ./src/app/admin/page.tsx [Server Component] @ https://localhost:3000/_next/static/chunks/node_modules_next_dist_f3530cac._.js:3127
[ 5738750ms] [ERROR] ./src/components/portals/shared/stock-batch-health.tsx:3:8
Parsing ecmascript source code failed
  1 | import { Badge } from '@/components/ui/badge'
  2 | import {
> 3 | import { cn } from '@/lib/utils'
    |        ^
  4 | import { FILTER_SELECT_CLASS } from './filter-select'
  5 |   CRITICAL_MAX_DAYS_LEFT,
  6 |   EXPIRING_SOON_MAX_DAYS_LEFT,

Expected ',', got '{'

Import traces:
  Client Component Browser:
    ./src/components/portals/shared/stock-batch-health.tsx [Client Component Browser]
    ./src/components/portals/warehouse/sections/stocks/stocks-view.tsx [Client Component Browser]
    ./src/components/portals/warehouse/WarehousePortal.tsx [Client Component Browser]
    ./src/app/page.tsx [Client Component Browser]
    ./src/app/page.tsx [Server Component]
    ./src/app/admin/page.tsx [Server Component]

  Client Component SSR:
    ./src/components/portals/shared/stock-batch-health.tsx [Client Component SSR]
    ./src/components/portals/warehouse/sections/stocks/stocks-view.tsx [Client Component SSR]
    ./src/components/portals/warehouse/WarehousePortal.tsx [Client Component SSR]
    ./src/app/page.tsx [Client Component SSR]
    ./src/app/page.tsx [Server Component]
    ./src/app/admin/page.tsx [Server Component] @ https://localhost:3000/_next/static/chunks/node_modules_next_dist_f3530cac._.js:3127
[ 5738813ms] [ERROR] ./src/components/portals/shared/stock-batch-health.tsx:3:8
Parsing ecmascript source code failed
  1 | import { Badge } from '@/components/ui/badge'
  2 | import {
> 3 | import { cn } from '@/lib/utils'
    |        ^
  4 | import { FILTER_SELECT_CLASS } from './filter-select'
  5 |   CRITICAL_MAX_DAYS_LEFT,
  6 |   EXPIRING_SOON_MAX_DAYS_LEFT,

Expected ',', got '{'

Import traces:
  Client Component Browser:
    ./src/components/portals/shared/stock-batch-health.tsx [Client Component Browser]
    ./src/components/portals/warehouse/sections/stocks/stocks-view.tsx [Client Component Browser]
    ./src/components/portals/warehouse/WarehousePortal.tsx [Client Component Browser]
    ./src/app/page.tsx [Client Component Browser]
    ./src/app/page.tsx [Server Component]
    ./src/app/admin/page.tsx [Server Component]

  Client Component SSR:
    ./src/components/portals/shared/stock-batch-health.tsx [Client Component SSR]
    ./src/components/portals/warehouse/sections/stocks/stocks-view.tsx [Client Component SSR]
    ./src/components/portals/warehouse/WarehousePortal.tsx [Client Component SSR]
    ./src/app/page.tsx [Client Component SSR]
    ./src/app/page.tsx [Server Component]
    ./src/app/admin/page.tsx [Server Component] @ https://localhost:3000/_next/static/chunks/node_modules_next_dist_f3530cac._.js:3127
[ 5738864ms] [ERROR] ./src/components/portals/shared/stock-batch-health.tsx:3:8
Parsing ecmascript source code failed
  1 | import { Badge } from '@/components/ui/badge'
  2 | import {
> 3 | import { cn } from '@/lib/utils'
    |        ^
  4 | import { FILTER_SELECT_CLASS } from './filter-select'
  5 |   CRITICAL_MAX_DAYS_LEFT,
  6 |   EXPIRING_SOON_MAX_DAYS_LEFT,

Expected ',', got '{'

Import traces:
  Client Component Browser:
    ./src/components/portals/shared/stock-batch-health.tsx [Client Component Browser]
    ./src/components/portals/warehouse/sections/stocks/stocks-view.tsx [Client Component Browser]
    ./src/components/portals/warehouse/WarehousePortal.tsx [Client Component Browser]
    ./src/app/page.tsx [Client Component Browser]
    ./src/app/page.tsx [Server Component]
    ./src/app/admin/page.tsx [Server Component]

  Client Component SSR:
    ./src/components/portals/shared/stock-batch-health.tsx [Client Component SSR]
    ./src/components/portals/warehouse/sections/stocks/stocks-view.tsx [Client Component SSR]
    ./src/components/portals/warehouse/WarehousePortal.tsx [Client Component SSR]
    ./src/app/page.tsx [Client Component SSR]
    ./src/app/page.tsx [Server Component]
    ./src/app/admin/page.tsx [Server Component] @ https://localhost:3000/_next/static/chunks/node_modules_next_dist_f3530cac._.js:3127
[ 5738917ms] [ERROR] ./src/components/portals/shared/stock-batch-health.tsx:3:8
Parsing ecmascript source code failed
  1 | import { Badge } from '@/components/ui/badge'
  2 | import {
> 3 | import { cn } from '@/lib/utils'
    |        ^
  4 | import { FILTER_SELECT_CLASS } from './filter-select'
  5 |   CRITICAL_MAX_DAYS_LEFT,
  6 |   EXPIRING_SOON_MAX_DAYS_LEFT,

Expected ',', got '{'

Import traces:
  Client Component Browser:
    ./src/components/portals/shared/stock-batch-health.tsx [Client Component Browser]
    ./src/components/portals/warehouse/sections/stocks/stocks-view.tsx [Client Component Browser]
    ./src/components/portals/warehouse/WarehousePortal.tsx [Client Component Browser]
    ./src/app/page.tsx [Client Component Browser]
    ./src/app/page.tsx [Server Component]
    ./src/app/admin/page.tsx [Server Component]

  Client Component SSR:
    ./src/components/portals/shared/stock-batch-health.tsx [Client Component SSR]
    ./src/components/portals/warehouse/sections/stocks/stocks-view.tsx [Client Component SSR]
    ./src/components/portals/warehouse/WarehousePortal.tsx [Client Component SSR]
    ./src/app/page.tsx [Client Component SSR]
    ./src/app/page.tsx [Server Component]
    ./src/app/admin/page.tsx [Server Component] @ https://localhost:3000/_next/static/chunks/node_modules_next_dist_f3530cac._.js:3127
[ 5738975ms] [ERROR] ./src/components/portals/shared/stock-batch-health.tsx:3:8
Parsing ecmascript source code failed
  1 | import { Badge } from '@/components/ui/badge'
  2 | import {
> 3 | import { cn } from '@/lib/utils'
    |        ^
  4 | import { FILTER_SELECT_CLASS } from './filter-select'
  5 |   CRITICAL_MAX_DAYS_LEFT,
  6 |   EXPIRING_SOON_MAX_DAYS_LEFT,

Expected ',', got '{'

Import traces:
  Client Component Browser:
    ./src/components/portals/shared/stock-batch-health.tsx [Client Component Browser]
    ./src/components/portals/warehouse/sections/stocks/stocks-view.tsx [Client Component Browser]
    ./src/components/portals/warehouse/WarehousePortal.tsx [Client Component Browser]
    ./src/app/page.tsx [Client Component Browser]
    ./src/app/page.tsx [Server Component]
    ./src/app/admin/page.tsx [Server Component]

  Client Component SSR:
    ./src/components/portals/shared/stock-batch-health.tsx [Client Component SSR]
    ./src/components/portals/warehouse/sections/stocks/stocks-view.tsx [Client Component SSR]
    ./src/components/portals/warehouse/WarehousePortal.tsx [Client Component SSR]
    ./src/app/page.tsx [Client Component SSR]
    ./src/app/page.tsx [Server Component]
    ./src/app/admin/page.tsx [Server Component] @ https://localhost:3000/_next/static/chunks/node_modules_next_dist_f3530cac._.js:3127
[ 5739025ms] [ERROR] ./src/components/portals/shared/stock-batch-health.tsx:3:8
Parsing ecmascript source code failed
  1 | import { Badge } from '@/components/ui/badge'
  2 | import {
> 3 | import { cn } from '@/lib/utils'
    |        ^
  4 | import { FILTER_SELECT_CLASS } from './filter-select'
  5 |   CRITICAL_MAX_DAYS_LEFT,
  6 |   EXPIRING_SOON_MAX_DAYS_LEFT,

Expected ',', got '{'

Import traces:
  Client Component Browser:
    ./src/components/portals/shared/stock-batch-health.tsx [Client Component Browser]
    ./src/components/portals/warehouse/sections/stocks/stocks-view.tsx [Client Component Browser]
    ./src/components/portals/warehouse/WarehousePortal.tsx [Client Component Browser]
    ./src/app/page.tsx [Client Component Browser]
    ./src/app/page.tsx [Server Component]
    ./src/app/admin/page.tsx [Server Component]

  Client Component SSR:
    ./src/components/portals/shared/stock-batch-health.tsx [Client Component SSR]
    ./src/components/portals/warehouse/sections/stocks/stocks-view.tsx [Client Component SSR]
    ./src/components/portals/warehouse/WarehousePortal.tsx [Client Component SSR]
    ./src/app/page.tsx [Client Component SSR]
    ./src/app/page.tsx [Server Component]
    ./src/app/admin/page.tsx [Server Component] @ https://localhost:3000/_next/static/chunks/node_modules_next_dist_f3530cac._.js:3127
[ 5739073ms] [ERROR] ./src/components/portals/shared/stock-batch-health.tsx:3:8
Parsing ecmascript source code failed
  1 | import { Badge } from '@/components/ui/badge'
  2 | import {
> 3 | import { cn } from '@/lib/utils'
    |        ^
  4 | import { FILTER_SELECT_CLASS } from './filter-select'
  5 |   CRITICAL_MAX_DAYS_LEFT,
  6 |   EXPIRING_SOON_MAX_DAYS_LEFT,

Expected ',', got '{'

Import traces:
  Client Component Browser:
    ./src/components/portals/shared/stock-batch-health.tsx [Client Component Browser]
    ./src/components/portals/warehouse/sections/stocks/stocks-view.tsx [Client Component Browser]
    ./src/components/portals/warehouse/WarehousePortal.tsx [Client Component Browser]
    ./src/app/page.tsx [Client Component Browser]
    ./src/app/page.tsx [Server Component]
    ./src/app/admin/page.tsx [Server Component]

  Client Component SSR:
    ./src/components/portals/shared/stock-batch-health.tsx [Client Component SSR]
    ./src/components/portals/warehouse/sections/stocks/stocks-view.tsx [Client Component SSR]
    ./src/components/portals/warehouse/WarehousePortal.tsx [Client Component SSR]
    ./src/app/page.tsx [Client Component SSR]
    ./src/app/page.tsx [Server Component]
    ./src/app/admin/page.tsx [Server Component] @ https://localhost:3000/_next/static/chunks/node_modules_next_dist_f3530cac._.js:3127
[ 5739125ms] [ERROR] ./src/components/portals/shared/stock-batch-health.tsx:3:8
Parsing ecmascript source code failed
  1 | import { Badge } from '@/components/ui/badge'
  2 | import {
> 3 | import { cn } from '@/lib/utils'
    |        ^
  4 | import { FILTER_SELECT_CLASS } from './filter-select'
  5 |   CRITICAL_MAX_DAYS_LEFT,
  6 |   EXPIRING_SOON_MAX_DAYS_LEFT,

Expected ',', got '{'

Import traces:
  Client Component Browser:
    ./src/components/portals/shared/stock-batch-health.tsx [Client Component Browser]
    ./src/components/portals/warehouse/sections/stocks/stocks-view.tsx [Client Component Browser]
    ./src/components/portals/warehouse/WarehousePortal.tsx [Client Component Browser]
    ./src/app/page.tsx [Client Component Browser]
    ./src/app/page.tsx [Server Component]
    ./src/app/admin/page.tsx [Server Component]

  Client Component SSR:
    ./src/components/portals/shared/stock-batch-health.tsx [Client Component SSR]
    ./src/components/portals/warehouse/sections/stocks/stocks-view.tsx [Client Component SSR]
    ./src/components/portals/warehouse/WarehousePortal.tsx [Client Component SSR]
    ./src/app/page.tsx [Client Component SSR]
    ./src/app/page.tsx [Server Component]
    ./src/app/admin/page.tsx [Server Component] @ https://localhost:3000/_next/static/chunks/node_modules_next_dist_f3530cac._.js:3127
[ 5739180ms] [ERROR] ./src/components/portals/shared/stock-batch-health.tsx:3:8
Parsing ecmascript source code failed
  1 | import { Badge } from '@/components/ui/badge'
  2 | import {
> 3 | import { cn } from '@/lib/utils'
    |        ^
  4 | import { FILTER_SELECT_CLASS } from './filter-select'
  5 |   CRITICAL_MAX_DAYS_LEFT,
  6 |   EXPIRING_SOON_MAX_DAYS_LEFT,

Expected ',', got '{'

Import traces:
  Client Component Browser:
    ./src/components/portals/shared/stock-batch-health.tsx [Client Component Browser]
    ./src/components/portals/warehouse/sections/stocks/stocks-view.tsx [Client Component Browser]
    ./src/components/portals/warehouse/WarehousePortal.tsx [Client Component Browser]
    ./src/app/page.tsx [Client Component Browser]
    ./src/app/page.tsx [Server Component]
    ./src/app/admin/page.tsx [Server Component]

  Client Component SSR:
    ./src/components/portals/shared/stock-batch-health.tsx [Client Component SSR]
    ./src/components/portals/warehouse/sections/stocks/stocks-view.tsx [Client Component SSR]
    ./src/components/portals/warehouse/WarehousePortal.tsx [Client Component SSR]
    ./src/app/page.tsx [Client Component SSR]
    ./src/app/page.tsx [Server Component]
    ./src/app/admin/page.tsx [Server Component] @ https://localhost:3000/_next/static/chunks/node_modules_next_dist_f3530cac._.js:3127
[ 5739232ms] [ERROR] ./src/components/portals/shared/stock-batch-health.tsx:3:8
Parsing ecmascript source code failed
  1 | import { Badge } from '@/components/ui/badge'
  2 | import {
> 3 | import { cn } from '@/lib/utils'
    |        ^
  4 | import { FILTER_SELECT_CLASS } from './filter-select'
  5 |   CRITICAL_MAX_DAYS_LEFT,
  6 |   EXPIRING_SOON_MAX_DAYS_LEFT,

Expected ',', got '{'

Import traces:
  Client Component Browser:
    ./src/components/portals/shared/stock-batch-health.tsx [Client Component Browser]
    ./src/components/portals/warehouse/sections/stocks/stocks-view.tsx [Client Component Browser]
    ./src/components/portals/warehouse/WarehousePortal.tsx [Client Component Browser]
    ./src/app/page.tsx [Client Component Browser]
    ./src/app/page.tsx [Server Component]
    ./src/app/admin/page.tsx [Server Component]

  Client Component SSR:
    ./src/components/portals/shared/stock-batch-health.tsx [Client Component SSR]
    ./src/components/portals/warehouse/sections/stocks/stocks-view.tsx [Client Component SSR]
    ./src/components/portals/warehouse/WarehousePortal.tsx [Client Component SSR]
    ./src/app/page.tsx [Client Component SSR]
    ./src/app/page.tsx [Server Component]
    ./src/app/admin/page.tsx [Server Component] @ https://localhost:3000/_next/static/chunks/node_modules_next_dist_f3530cac._.js:3127
[ 5739280ms] [ERROR] ./src/components/portals/shared/stock-batch-health.tsx:3:8
Parsing ecmascript source code failed
  1 | import { Badge } from '@/components/ui/badge'
  2 | import {
> 3 | import { cn } from '@/lib/utils'
    |        ^
  4 | import { FILTER_SELECT_CLASS } from './filter-select'
  5 |   CRITICAL_MAX_DAYS_LEFT,
  6 |   EXPIRING_SOON_MAX_DAYS_LEFT,

Expected ',', got '{'

Import traces:
  Client Component Browser:
    ./src/components/portals/shared/stock-batch-health.tsx [Client Component Browser]
    ./src/components/portals/warehouse/sections/stocks/stocks-view.tsx [Client Component Browser]
    ./src/components/portals/warehouse/WarehousePortal.tsx [Client Component Browser]
    ./src/app/page.tsx [Client Component Browser]
    ./src/app/page.tsx [Server Component]
    ./src/app/admin/page.tsx [Server Component]

  Client Component SSR:
    ./src/components/portals/shared/stock-batch-health.tsx [Client Component SSR]
    ./src/components/portals/warehouse/sections/stocks/stocks-view.tsx [Client Component SSR]
    ./src/components/portals/warehouse/WarehousePortal.tsx [Client Component SSR]
    ./src/app/page.tsx [Client Component SSR]
    ./src/app/page.tsx [Server Component]
    ./src/app/admin/page.tsx [Server Component] @ https://localhost:3000/_next/static/chunks/node_modules_next_dist_f3530cac._.js:3127
[ 5739325ms] [ERROR] ./src/components/portals/shared/stock-batch-health.tsx:3:8
Parsing ecmascript source code failed
  1 | import { Badge } from '@/components/ui/badge'
  2 | import {
> 3 | import { cn } from '@/lib/utils'
    |        ^
  4 | import { FILTER_SELECT_CLASS } from './filter-select'
  5 |   CRITICAL_MAX_DAYS_LEFT,
  6 |   EXPIRING_SOON_MAX_DAYS_LEFT,

Expected ',', got '{'

Import traces:
  Client Component Browser:
    ./src/components/portals/shared/stock-batch-health.tsx [Client Component Browser]
    ./src/components/portals/warehouse/sections/stocks/stocks-view.tsx [Client Component Browser]
    ./src/components/portals/warehouse/WarehousePortal.tsx [Client Component Browser]
    ./src/app/page.tsx [Client Component Browser]
    ./src/app/page.tsx [Server Component]
    ./src/app/admin/page.tsx [Server Component]

  Client Component SSR:
    ./src/components/portals/shared/stock-batch-health.tsx [Client Component SSR]
    ./src/components/portals/warehouse/sections/stocks/stocks-view.tsx [Client Component SSR]
    ./src/components/portals/warehouse/WarehousePortal.tsx [Client Component SSR]
    ./src/app/page.tsx [Client Component SSR]
    ./src/app/page.tsx [Server Component]
    ./src/app/admin/page.tsx [Server Component] @ https://localhost:3000/_next/static/chunks/node_modules_next_dist_f3530cac._.js:3127
[ 5739380ms] [ERROR] ./src/components/portals/shared/stock-batch-health.tsx:3:8
Parsing ecmascript source code failed
  1 | import { Badge } from '@/components/ui/badge'
  2 | import {
> 3 | import { cn } from '@/lib/utils'
    |        ^
  4 | import { FILTER_SELECT_CLASS } from './filter-select'
  5 |   CRITICAL_MAX_DAYS_LEFT,
  6 |   EXPIRING_SOON_MAX_DAYS_LEFT,

Expected ',', got '{'

Import traces:
  Client Component Browser:
    ./src/components/portals/shared/stock-batch-health.tsx [Client Component Browser]
    ./src/components/portals/warehouse/sections/stocks/stocks-view.tsx [Client Component Browser]
    ./src/components/portals/warehouse/WarehousePortal.tsx [Client Component Browser]
    ./src/app/page.tsx [Client Component Browser]
    ./src/app/page.tsx [Server Component]
    ./src/app/admin/page.tsx [Server Component]

  Client Component SSR:
    ./src/components/portals/shared/stock-batch-health.tsx [Client Component SSR]
    ./src/components/portals/warehouse/sections/stocks/stocks-view.tsx [Client Component SSR]
    ./src/components/portals/warehouse/WarehousePortal.tsx [Client Component SSR]
    ./src/app/page.tsx [Client Component SSR]
    ./src/app/page.tsx [Server Component]
    ./src/app/admin/page.tsx [Server Component] @ https://localhost:3000/_next/static/chunks/node_modules_next_dist_f3530cac._.js:3127
[ 5739442ms] [ERROR] ./src/components/portals/shared/stock-batch-health.tsx:3:8
Parsing ecmascript source code failed
  1 | import { Badge } from '@/components/ui/badge'
  2 | import {
> 3 | import { cn } from '@/lib/utils'
    |        ^
  4 | import { FILTER_SELECT_CLASS } from './filter-select'
  5 |   CRITICAL_MAX_DAYS_LEFT,
  6 |   EXPIRING_SOON_MAX_DAYS_LEFT,

Expected ',', got '{'

Import traces:
  Client Component Browser:
    ./src/components/portals/shared/stock-batch-health.tsx [Client Component Browser]
    ./src/components/portals/warehouse/sections/stocks/stocks-view.tsx [Client Component Browser]
    ./src/components/portals/warehouse/WarehousePortal.tsx [Client Component Browser]
    ./src/app/page.tsx [Client Component Browser]
    ./src/app/page.tsx [Server Component]
    ./src/app/admin/page.tsx [Server Component]

  Client Component SSR:
    ./src/components/portals/shared/stock-batch-health.tsx [Client Component SSR]
    ./src/components/portals/warehouse/sections/stocks/stocks-view.tsx [Client Component SSR]
    ./src/components/portals/warehouse/WarehousePortal.tsx [Client Component SSR]
    ./src/app/page.tsx [Client Component SSR]
    ./src/app/page.tsx [Server Component]
    ./src/app/admin/page.tsx [Server Component] @ https://localhost:3000/_next/static/chunks/node_modules_next_dist_f3530cac._.js:3127
[ 5739491ms] [ERROR] ./src/components/portals/shared/stock-batch-health.tsx:3:8
Parsing ecmascript source code failed
  1 | import { Badge } from '@/components/ui/badge'
  2 | import {
> 3 | import { cn } from '@/lib/utils'
    |        ^
  4 | import { FILTER_SELECT_CLASS } from './filter-select'
  5 |   CRITICAL_MAX_DAYS_LEFT,
  6 |   EXPIRING_SOON_MAX_DAYS_LEFT,

Expected ',', got '{'

Import traces:
  Client Component Browser:
    ./src/components/portals/shared/stock-batch-health.tsx [Client Component Browser]
    ./src/components/portals/warehouse/sections/stocks/stocks-view.tsx [Client Component Browser]
    ./src/components/portals/warehouse/WarehousePortal.tsx [Client Component Browser]
    ./src/app/page.tsx [Client Component Browser]
    ./src/app/page.tsx [Server Component]
    ./src/app/admin/page.tsx [Server Component]

  Client Component SSR:
    ./src/components/portals/shared/stock-batch-health.tsx [Client Component SSR]
    ./src/components/portals/warehouse/sections/stocks/stocks-view.tsx [Client Component SSR]
    ./src/components/portals/warehouse/WarehousePortal.tsx [Client Component SSR]
    ./src/app/page.tsx [Client Component SSR]
    ./src/app/page.tsx [Server Component]
    ./src/app/admin/page.tsx [Server Component] @ https://localhost:3000/_next/static/chunks/node_modules_next_dist_f3530cac._.js:3127
[ 5739540ms] [ERROR] ./src/components/portals/shared/stock-batch-health.tsx:3:8
Parsing ecmascript source code failed
  1 | import { Badge } from '@/components/ui/badge'
  2 | import {
> 3 | import { cn } from '@/lib/utils'
    |        ^
  4 | import { FILTER_SELECT_CLASS } from './filter-select'
  5 |   CRITICAL_MAX_DAYS_LEFT,
  6 |   EXPIRING_SOON_MAX_DAYS_LEFT,

Expected ',', got '{'

Import traces:
  Client Component Browser:
    ./src/components/portals/shared/stock-batch-health.tsx [Client Component Browser]
    ./src/components/portals/warehouse/sections/stocks/stocks-view.tsx [Client Component Browser]
    ./src/components/portals/warehouse/WarehousePortal.tsx [Client Component Browser]
    ./src/app/page.tsx [Client Component Browser]
    ./src/app/page.tsx [Server Component]
    ./src/app/admin/page.tsx [Server Component]

  Client Component SSR:
    ./src/components/portals/shared/stock-batch-health.tsx [Client Component SSR]
    ./src/components/portals/warehouse/sections/stocks/stocks-view.tsx [Client Component SSR]
    ./src/components/portals/warehouse/WarehousePortal.tsx [Client Component SSR]
    ./src/app/page.tsx [Client Component SSR]
    ./src/app/page.tsx [Server Component]
    ./src/app/admin/page.tsx [Server Component] @ https://localhost:3000/_next/static/chunks/node_modules_next_dist_f3530cac._.js:3127
[ 5739594ms] [ERROR] ./src/components/portals/shared/stock-batch-health.tsx:3:8
Parsing ecmascript source code failed
  1 | import { Badge } from '@/components/ui/badge'
  2 | import {
> 3 | import { cn } from '@/lib/utils'
    |        ^
  4 | import { FILTER_SELECT_CLASS } from './filter-select'
  5 |   CRITICAL_MAX_DAYS_LEFT,
  6 |   EXPIRING_SOON_MAX_DAYS_LEFT,

Expected ',', got '{'

Import traces:
  Client Component Browser:
    ./src/components/portals/shared/stock-batch-health.tsx [Client Component Browser]
    ./src/components/portals/warehouse/sections/stocks/stocks-view.tsx [Client Component Browser]
    ./src/components/portals/warehouse/WarehousePortal.tsx [Client Component Browser]
    ./src/app/page.tsx [Client Component Browser]
    ./src/app/page.tsx [Server Component]
    ./src/app/admin/page.tsx [Server Component]

  Client Component SSR:
    ./src/components/portals/shared/stock-batch-health.tsx [Client Component SSR]
    ./src/components/portals/warehouse/sections/stocks/stocks-view.tsx [Client Component SSR]
    ./src/components/portals/warehouse/WarehousePortal.tsx [Client Component SSR]
    ./src/app/page.tsx [Client Component SSR]
    ./src/app/page.tsx [Server Component]
    ./src/app/admin/page.tsx [Server Component] @ https://localhost:3000/_next/static/chunks/node_modules_next_dist_f3530cac._.js:3127
[ 5739658ms] [ERROR] ./src/components/portals/shared/stock-batch-health.tsx:3:8
Parsing ecmascript source code failed
  1 | import { Badge } from '@/components/ui/badge'
  2 | import {
> 3 | import { cn } from '@/lib/utils'
    |        ^
  4 | import { FILTER_SELECT_CLASS } from './filter-select'
  5 |   CRITICAL_MAX_DAYS_LEFT,
  6 |   EXPIRING_SOON_MAX_DAYS_LEFT,

Expected ',', got '{'

Import traces:
  Client Component Browser:
    ./src/components/portals/shared/stock-batch-health.tsx [Client Component Browser]
    ./src/components/portals/warehouse/sections/stocks/stocks-view.tsx [Client Component Browser]
    ./src/components/portals/warehouse/WarehousePortal.tsx [Client Component Browser]
    ./src/app/page.tsx [Client Component Browser]
    ./src/app/page.tsx [Server Component]
    ./src/app/admin/page.tsx [Server Component]

  Client Component SSR:
    ./src/components/portals/shared/stock-batch-health.tsx [Client Component SSR]
    ./src/components/portals/warehouse/sections/stocks/stocks-view.tsx [Client Component SSR]
    ./src/components/portals/warehouse/WarehousePortal.tsx [Client Component SSR]
    ./src/app/page.tsx [Client Component SSR]
    ./src/app/page.tsx [Server Component]
    ./src/app/admin/page.tsx [Server Component] @ https://localhost:3000/_next/static/chunks/node_modules_next_dist_f3530cac._.js:3127
[ 5739725ms] [ERROR] ./src/components/portals/shared/stock-batch-health.tsx:3:8
Parsing ecmascript source code failed
  1 | import { Badge } from '@/components/ui/badge'
  2 | import {
> 3 | import { cn } from '@/lib/utils'
    |        ^
  4 | import { FILTER_SELECT_CLASS } from './filter-select'
  5 |   CRITICAL_MAX_DAYS_LEFT,
  6 |   EXPIRING_SOON_MAX_DAYS_LEFT,

Expected ',', got '{'

Import traces:
  Client Component Browser:
    ./src/components/portals/shared/stock-batch-health.tsx [Client Component Browser]
    ./src/components/portals/warehouse/sections/stocks/stocks-view.tsx [Client Component Browser]
    ./src/components/portals/warehouse/WarehousePortal.tsx [Client Component Browser]
    ./src/app/page.tsx [Client Component Browser]
    ./src/app/page.tsx [Server Component]
    ./src/app/admin/page.tsx [Server Component]

  Client Component SSR:
    ./src/components/portals/shared/stock-batch-health.tsx [Client Component SSR]
    ./src/components/portals/warehouse/sections/stocks/stocks-view.tsx [Client Component SSR]
    ./src/components/portals/warehouse/WarehousePortal.tsx [Client Component SSR]
    ./src/app/page.tsx [Client Component SSR]
    ./src/app/page.tsx [Server Component]
    ./src/app/admin/page.tsx [Server Component] @ https://localhost:3000/_next/static/chunks/node_modules_next_dist_f3530cac._.js:3127
[ 5739791ms] [ERROR] ./src/components/portals/shared/stock-batch-health.tsx:3:8
Parsing ecmascript source code failed
  1 | import { Badge } from '@/components/ui/badge'
  2 | import {
> 3 | import { cn } from '@/lib/utils'
    |        ^
  4 | import { FILTER_SELECT_CLASS } from './filter-select'
  5 |   CRITICAL_MAX_DAYS_LEFT,
  6 |   EXPIRING_SOON_MAX_DAYS_LEFT,

Expected ',', got '{'

Import traces:
  Client Component Browser:
    ./src/components/portals/shared/stock-batch-health.tsx [Client Component Browser]
    ./src/components/portals/warehouse/sections/stocks/stocks-view.tsx [Client Component Browser]
    ./src/components/portals/warehouse/WarehousePortal.tsx [Client Component Browser]
    ./src/app/page.tsx [Client Component Browser]
    ./src/app/page.tsx [Server Component]
    ./src/app/admin/page.tsx [Server Component]

  Client Component SSR:
    ./src/components/portals/shared/stock-batch-health.tsx [Client Component SSR]
    ./src/components/portals/warehouse/sections/stocks/stocks-view.tsx [Client Component SSR]
    ./src/components/portals/warehouse/WarehousePortal.tsx [Client Component SSR]
    ./src/app/page.tsx [Client Component SSR]
    ./src/app/page.tsx [Server Component]
    ./src/app/admin/page.tsx [Server Component] @ https://localhost:3000/_next/static/chunks/node_modules_next_dist_f3530cac._.js:3127
[ 5739850ms] [ERROR] ./src/components/portals/shared/stock-batch-health.tsx:3:8
Parsing ecmascript source code failed
  1 | import { Badge } from '@/components/ui/badge'
  2 | import {
> 3 | import { cn } from '@/lib/utils'
    |        ^
  4 | import { FILTER_SELECT_CLASS } from './filter-select'
  5 |   CRITICAL_MAX_DAYS_LEFT,
  6 |   EXPIRING_SOON_MAX_DAYS_LEFT,

Expected ',', got '{'

Import traces:
  Client Component Browser:
    ./src/components/portals/shared/stock-batch-health.tsx [Client Component Browser]
    ./src/components/portals/warehouse/sections/stocks/stocks-view.tsx [Client Component Browser]
    ./src/components/portals/warehouse/WarehousePortal.tsx [Client Component Browser]
    ./src/app/page.tsx [Client Component Browser]
    ./src/app/page.tsx [Server Component]
    ./src/app/admin/page.tsx [Server Component]

  Client Component SSR:
    ./src/components/portals/shared/stock-batch-health.tsx [Client Component SSR]
    ./src/components/portals/warehouse/sections/stocks/stocks-view.tsx [Client Component SSR]
    ./src/components/portals/warehouse/WarehousePortal.tsx [Client Component SSR]
    ./src/app/page.tsx [Client Component SSR]
    ./src/app/page.tsx [Server Component]
    ./src/app/admin/page.tsx [Server Component] @ https://localhost:3000/_next/static/chunks/node_modules_next_dist_f3530cac._.js:3127
[ 5739966ms] [LOG] [Fast Refresh] rebuilding @ https://localhost:3000/_next/static/chunks/node_modules_next_dist_f3530cac._.js:2297
[ 5741117ms] [LOG] [Fast Refresh] done in 1263ms @ https://localhost:3000/_next/static/chunks/node_modules_next_dist_f3530cac._.js:2297
[ 5741290ms] [LOG] [Fast Refresh] rebuilding @ https://localhost:3000/_next/static/chunks/node_modules_next_dist_f3530cac._.js:2297
[ 5741311ms] [LOG] [Fast Refresh] done in 126ms @ https://localhost:3000/_next/static/chunks/node_modules_next_dist_f3530cac._.js:2297
[ 5741424ms] [LOG] [Fast Refresh] rebuilding @ https://localhost:3000/_next/static/chunks/node_modules_next_dist_f3530cac._.js:2297
[ 5741425ms] [ERROR] Failed to load resource: the server responded with a status of 404 (Not Found) @ https://localhost:3000/fixture-warehouse-map?_rsc=kw9md:0
[ 5741443ms] [LOG] [Fast Refresh] done in 131ms @ https://localhost:3000/_next/static/chunks/node_modules_next_dist_f3530cac._.js:2297
[ 5741571ms] [LOG] [Fast Refresh] rebuilding @ https://localhost:3000/_next/static/chunks/node_modules_next_dist_f3530cac._.js:2297
[ 5742123ms] [LOG] [Fast Refresh] done in 658ms @ https://localhost:3000/_next/static/chunks/node_modules_next_dist_f3530cac._.js:2297
[ 5742400ms] [LOG] [Fast Refresh] rebuilding @ https://localhost:3000/_next/static/chunks/node_modules_next_dist_f3530cac._.js:2297
[ 5742410ms] [LOG] [Fast Refresh] done in 110ms @ https://localhost:3000/_next/static/chunks/node_modules_next_dist_f3530cac._.js:2297
[ 5742524ms] [LOG] [Fast Refresh] rebuilding @ https://localhost:3000/_next/static/chunks/node_modules_next_dist_f3530cac._.js:2297
[ 5742603ms] [ERROR] Failed to load resource: the server responded with a status of 404 (Not Found) @ https://localhost:3000/fixture-warehouse-map?_rsc=kw9md:0
[ 5742624ms] [LOG] [Fast Refresh] done in 213ms @ https://localhost:3000/_next/static/chunks/node_modules_next_dist_f3530cac._.js:2297
[ 5742659ms] [ERROR] Failed to load resource: the server responded with a status of 404 (Not Found) @ https://localhost:3000/fixture-warehouse-map:0
[ 5743285ms] [INFO] %cDownload the React DevTools for a better development experience: https://react.dev/link/react-devtools font-weight:bold @ https://localhost:3000/_next/static/chunks/node_modules_next_dist_f3530cac._.js:2297
[ 5743396ms] [LOG] [HMR] connected @ https://localhost:3000/_next/static/chunks/node_modules_next_dist_f3530cac._.js:2297
[ 5791949ms] [LOG] [Fast Refresh] rebuilding @ https://localhost:3000/_next/static/chunks/node_modules_next_dist_f3530cac._.js:2297
[ 5793384ms] [LOG] [Fast Refresh] done in 570ms @ https://localhost:3000/_next/static/chunks/node_modules_next_dist_f3530cac._.js:2297
[ 5793457ms] [ERROR] Failed to load resource: the server responded with a status of 404 (Not Found) @ https://localhost:3000/fixture-warehouse-map?_rsc=kw9md:0
[ 5793783ms] [LOG] [Fast Refresh] rebuilding @ https://localhost:3000/_next/static/chunks/node_modules_next_dist_f3530cac._.js:2297
[ 5794146ms] [LOG] [Fast Refresh] done in 479ms @ https://localhost:3000/_next/static/chunks/node_modules_next_dist_f3530cac._.js:2297
[ 5794198ms] [ERROR] Failed to load resource: the server responded with a status of 404 (Not Found) @ https://localhost:3000/fixture-warehouse-map?_rsc=kw9md:0
[ 5794313ms] [ERROR] Failed to load resource: the server responded with a status of 404 (Not Found) @ https://localhost:3000/fixture-warehouse-map:0
[ 5796160ms] [INFO] %cDownload the React DevTools for a better development experience: https://react.dev/link/react-devtools font-weight:bold @ https://localhost:3000/_next/static/chunks/node_modules_next_dist_f3530cac._.js:2297
[ 5796905ms] [LOG] [HMR] connected @ https://localhost:3000/_next/static/chunks/node_modules_next_dist_f3530cac._.js:2297
[ 5797101ms] [LOG] [Fast Refresh] rebuilding @ https://localhost:3000/_next/static/chunks/node_modules_next_dist_f3530cac._.js:2297
[ 5798990ms] [LOG] [Fast Refresh] done in 2005ms @ https://localhost:3000/_next/static/chunks/node_modules_next_dist_f3530cac._.js:2297
[ 5799832ms] [LOG] [Fast Refresh] rebuilding @ https://localhost:3000/_next/static/chunks/node_modules_next_dist_f3530cac._.js:2297
[ 5799883ms] [LOG] [Fast Refresh] done in 155ms @ https://localhost:3000/_next/static/chunks/node_modules_next_dist_f3530cac._.js:2297
[ 5800823ms] [LOG] [Fast Refresh] rebuilding @ https://localhost:3000/_next/static/chunks/node_modules_next_dist_f3530cac._.js:2297
[ 5800861ms] [LOG] [Fast Refresh] done in 142ms @ https://localhost:3000/_next/static/chunks/node_modules_next_dist_f3530cac._.js:2297
[ 5801010ms] [LOG] [Fast Refresh] rebuilding @ https://localhost:3000/_next/static/chunks/node_modules_next_dist_f3530cac._.js:2297
[ 5801092ms] [LOG] [Fast Refresh] done in 183ms @ https://localhost:3000/_next/static/chunks/node_modules_next_dist_f3530cac._.js:2297
[ 5801471ms] [LOG] [Fast Refresh] rebuilding @ https://localhost:3000/_next/static/chunks/node_modules_next_dist_f3530cac._.js:2297
[ 5801495ms] [LOG] [Fast Refresh] done in 128ms @ https://localhost:3000/_next/static/chunks/node_modules_next_dist_f3530cac._.js:2297
[ 5801601ms] [LOG] [Fast Refresh] rebuilding @ https://localhost:3000/_next/static/chunks/node_modules_next_dist_f3530cac._.js:2297
[ 5801634ms] [LOG] [Fast Refresh] done in 137ms @ https://localhost:3000/_next/static/chunks/node_modules_next_dist_f3530cac._.js:2297
[ 5801772ms] [LOG] [Fast Refresh] rebuilding @ https://localhost:3000/_next/static/chunks/node_modules_next_dist_f3530cac._.js:2297
[ 5801782ms] [LOG] [Fast Refresh] done in 114ms @ https://localhost:3000/_next/static/chunks/node_modules_next_dist_f3530cac._.js:2297
[ 5803834ms] [LOG] [Fast Refresh] rebuilding @ https://localhost:3000/_next/static/chunks/node_modules_next_dist_f3530cac._.js:2297
[ 5803835ms] [LOG] [Fast Refresh] done in 107ms @ https://localhost:3000/_next/static/chunks/node_modules_next_dist_f3530cac._.js:2297
[ 5803966ms] [LOG] [Fast Refresh] rebuilding @ https://localhost:3000/_next/static/chunks/node_modules_next_dist_f3530cac._.js:2297
[ 5803994ms] [LOG] [Fast Refresh] done in 142ms @ https://localhost:3000/_next/static/chunks/node_modules_next_dist_f3530cac._.js:2297
[ 5804097ms] [LOG] [Fast Refresh] rebuilding @ https://localhost:3000/_next/static/chunks/node_modules_next_dist_f3530cac._.js:2297
[ 5804165ms] [LOG] [Fast Refresh] done in 171ms @ https://localhost:3000/_next/static/chunks/node_modules_next_dist_f3530cac._.js:2297
[ 5804442ms] [LOG] [Fast Refresh] rebuilding @ https://localhost:3000/_next/static/chunks/node_modules_next_dist_f3530cac._.js:2297
[ 5804509ms] [LOG] [Fast Refresh] done in 173ms @ https://localhost:3000/_next/static/chunks/node_modules_next_dist_f3530cac._.js:2297
[ 5804813ms] [LOG] [Fast Refresh] rebuilding @ https://localhost:3000/_next/static/chunks/node_modules_next_dist_f3530cac._.js:2297
[ 5804885ms] [LOG] [Fast Refresh] done in 172ms @ https://localhost:3000/_next/static/chunks/node_modules_next_dist_f3530cac._.js:2297
[ 5805544ms] [LOG] [Fast Refresh] rebuilding @ https://localhost:3000/_next/static/chunks/node_modules_next_dist_f3530cac._.js:2297
[ 5805587ms] [LOG] [Fast Refresh] done in 153ms @ https://localhost:3000/_next/static/chunks/node_modules_next_dist_f3530cac._.js:2297
[ 5806005ms] [LOG] [Fast Refresh] rebuilding @ https://localhost:3000/_next/static/chunks/node_modules_next_dist_f3530cac._.js:2297
[ 5806019ms] [LOG] [Fast Refresh] done in 114ms @ https://localhost:3000/_next/static/chunks/node_modules_next_dist_f3530cac._.js:2297
[ 5807758ms] [LOG] [Fast Refresh] rebuilding @ https://localhost:3000/_next/static/chunks/node_modules_next_dist_f3530cac._.js:2297
[ 5807774ms] [LOG] [Fast Refresh] done in 119ms @ https://localhost:3000/_next/static/chunks/node_modules_next_dist_f3530cac._.js:2297
[ 5809931ms] [LOG] [Fast Refresh] rebuilding @ https://localhost:3000/_next/static/chunks/node_modules_next_dist_f3530cac._.js:2297
[ 5809975ms] [LOG] [Fast Refresh] done in 151ms @ https://localhost:3000/_next/static/chunks/node_modules_next_dist_f3530cac._.js:2297
[ 5848467ms] [LOG] [Fast Refresh] rebuilding @ https://localhost:3000/_next/static/chunks/node_modules_next_dist_f3530cac._.js:2297
[ 5848517ms] [LOG] [Fast Refresh] done in 162ms @ https://localhost:3000/_next/static/chunks/node_modules_next_dist_f3530cac._.js:2297
[ 5859805ms] [LOG] [Fast Refresh] rebuilding @ https://localhost:3000/_next/static/chunks/node_modules_next_dist_f3530cac._.js:2297
[ 5861043ms] [LOG] [Fast Refresh] done in 459ms @ https://localhost:3000/_next/static/chunks/node_modules_next_dist_f3530cac._.js:2297
[ 5861116ms] [ERROR] Failed to load resource: the server responded with a status of 404 (Not Found) @ https://localhost:3000/fixture-warehouse-map?_rsc=kw9md:0
[ 5861273ms] [LOG] [Fast Refresh] rebuilding @ https://localhost:3000/_next/static/chunks/node_modules_next_dist_f3530cac._.js:2297
[ 5861314ms] [LOG] [Fast Refresh] done in 151ms @ https://localhost:3000/_next/static/chunks/node_modules_next_dist_f3530cac._.js:2297
[ 5861438ms] [LOG] [Fast Refresh] rebuilding @ https://localhost:3000/_next/static/chunks/node_modules_next_dist_f3530cac._.js:2297
[ 5861523ms] [ERROR] Failed to load resource: the server responded with a status of 404 (Not Found) @ https://localhost:3000/fixture-warehouse-map?_rsc=kw9md:0
[ 5861532ms] [LOG] [Fast Refresh] done in 196ms @ https://localhost:3000/_next/static/chunks/node_modules_next_dist_f3530cac._.js:2297
[ 5861788ms] [LOG] [Fast Refresh] rebuilding @ https://localhost:3000/_next/static/chunks/node_modules_next_dist_f3530cac._.js:2297
[ 5861843ms] [LOG] [Fast Refresh] done in 166ms @ https://localhost:3000/_next/static/chunks/node_modules_next_dist_f3530cac._.js:2297
[ 5861868ms] [ERROR] Failed to load resource: the server responded with a status of 404 (Not Found) @ https://localhost:3000/fixture-warehouse-map:0
[ 5862723ms] [INFO] %cDownload the React DevTools for a better development experience: https://react.dev/link/react-devtools font-weight:bold @ https://localhost:3000/_next/static/chunks/node_modules_next_dist_f3530cac._.js:2297
[ 5862769ms] [LOG] [HMR] connected @ https://localhost:3000/_next/static/chunks/node_modules_next_dist_f3530cac._.js:2297
[ 5866605ms] [LOG] [Fast Refresh] rebuilding @ https://localhost:3000/_next/static/chunks/node_modules_next_dist_f3530cac._.js:2297
[ 5866612ms] [LOG] [Fast Refresh] done in 113ms @ https://localhost:3000/_next/static/chunks/node_modules_next_dist_f3530cac._.js:2297
[ 6140433ms] [LOG] [Fast Refresh] rebuilding @ https://localhost:3000/_next/static/chunks/node_modules_next_dist_f3530cac._.js:2297
[ 6141101ms] [LOG] [Fast Refresh] done in 765ms @ https://localhost:3000/_next/static/chunks/node_modules_next_dist_f3530cac._.js:2297
[ 6147466ms] [LOG] [Fast Refresh] rebuilding @ https://localhost:3000/_next/static/chunks/node_modules_next_dist_f3530cac._.js:2297
[ 6147617ms] [LOG] [Fast Refresh] done in 259ms @ https://localhost:3000/_next/static/chunks/node_modules_next_dist_f3530cac._.js:2297
[ 6246537ms] [LOG] [Fast Refresh] rebuilding @ https://localhost:3000/_next/static/chunks/node_modules_next_dist_f3530cac._.js:2297
[ 6246565ms] [LOG] [Fast Refresh] done in 137ms @ https://localhost:3000/_next/static/chunks/node_modules_next_dist_f3530cac._.js:2297
[ 6542656ms] [LOG] [Fast Refresh] rebuilding @ https://localhost:3000/_next/static/chunks/node_modules_next_dist_f3530cac._.js:2297
[ 6542660ms] [LOG] [Fast Refresh] done in 113ms @ https://localhost:3000/_next/static/chunks/node_modules_next_dist_f3530cac._.js:2297
[ 7383788ms] [LOG] [Fast Refresh] rebuilding @ https://localhost:3000/_next/static/chunks/node_modules_next_dist_f3530cac._.js:2297
[ 7383918ms] [LOG] [Fast Refresh] done in 245ms @ https://localhost:3000/_next/static/chunks/node_modules_next_dist_f3530cac._.js:2297
[ 8353213ms] [LOG] [Fast Refresh] rebuilding @ https://localhost:3000/_next/static/chunks/node_modules_next_dist_f3530cac._.js:2297
[ 8353383ms] [LOG] [Fast Refresh] done in 271ms @ https://localhost:3000/_next/static/chunks/node_modules_next_dist_f3530cac._.js:2297
[ 8390490ms] [LOG] [Fast Refresh] rebuilding @ https://localhost:3000/_next/static/chunks/node_modules_next_dist_f3530cac._.js:2297
[ 8390770ms] [LOG] [Fast Refresh] done in 391ms @ https://localhost:3000/_next/static/chunks/node_modules_next_dist_f3530cac._.js:2297
[ 8391523ms] [LOG] [Fast Refresh] rebuilding @ https://localhost:3000/_next/static/chunks/node_modules_next_dist_f3530cac._.js:2297
[ 8391530ms] [LOG] [Fast Refresh] done in 114ms @ https://localhost:3000/_next/static/chunks/node_modules_next_dist_f3530cac._.js:2297
[ 9474945ms] [ERROR] WebSocket connection to 'wss://localhost:3000/_next/webpack-hmr?id=YwsqymLDkg7PqljS9HE6Y' failed: Error in connection establishment: net::ERR_CONNECTION_REFUSED @ https://localhost:3000/_next/static/chunks/node_modules_next_dist_client_17643121._.js:10878
[ 9475978ms] [ERROR] WebSocket connection to 'wss://localhost:3000/_next/webpack-hmr?id=YwsqymLDkg7PqljS9HE6Y' failed: Error in connection establishment: net::ERR_CONNECTION_REFUSED @ https://localhost:3000/_next/static/chunks/node_modules_next_dist_client_17643121._.js:10878
[ 9476986ms] [ERROR] WebSocket connection to 'wss://localhost:3000/_next/webpack-hmr?id=YwsqymLDkg7PqljS9HE6Y' failed: Error in connection establishment: net::ERR_CONNECTION_REFUSED @ https://localhost:3000/_next/static/chunks/node_modules_next_dist_client_17643121._.js:10878
[ 9477999ms] [ERROR] WebSocket connection to 'wss://localhost:3000/_next/webpack-hmr?id=YwsqymLDkg7PqljS9HE6Y' failed: Error in connection establishment: net::ERR_CONNECTION_REFUSED @ https://localhost:3000/_next/static/chunks/node_modules_next_dist_client_17643121._.js:10878
[ 9479008ms] [ERROR] WebSocket connection to 'wss://localhost:3000/_next/webpack-hmr?id=YwsqymLDkg7PqljS9HE6Y' failed: Error in connection establishment: net::ERR_CONNECTION_REFUSED @ https://localhost:3000/_next/static/chunks/node_modules_next_dist_client_17643121._.js:10878
